Pedigree,Location,Year,Trial,Env,DTA,DTS,PH,EH,Plot.Wt.gr,Moist,Kernel500Wt,Yield.Plot,Yield.BuAc,Wt.Shelled.grs,Poln.per,Abortion.per,Flav.per,Av.No.ker.row123,4022,4053,4074,4094,4115,4140,4165,4196,4231,4296,4358,4404,4425,4445,4508,4566,4618,4786,4848,4871,4886,4906,4925,4940,4956,4971,4992,5015,5042,5075,5106,5149,5218,5231,5243,5251,5258,5266,5274,5283,5293,5301,5312,5330,5345,5384,5472,5594,5762,6007,6161,6317,6556,6693,6795,6934,6988,7019,7052,7090,7133,7158,7185,7220,7287,7378,7492,7661,8010,8298,8419,8481,8541,8597,8633,8672,8710,8755,8809,8876,8928,8980,9052,9119,9171,9220,9277,9318,9356,9410,9472,9530,9578,9630,9686,9748,9804,9860,9914,9966
A188,CS,2011,WS,CS11_WS,60,62.5,142.25,41.9,865,8.95,68.115,1277.982425,24.5895,865,92.5,10,10,14.6666666666667,1.230041614,1.203794994,1.178244546,1.154585048,1.12917611,1.104373136,1.086858414,1.078678807,1.07738894,1.077203331,1.051339572,1.033173599,1.012109043,0.987651186,0.945855378,0.963946026,0.983025587,1.006934765,0.991048311,0.979560374,0.969459668,0.956545331,0.945449163,0.939322865,0.936646997,0.937691584,0.944596856,0.958085479,0.978154404,1.00394146,1.028320821,1.061596333,1.041185066,1.016793718,0.990006605,0.970018704,0.947136344,0.921679459,0.897745772,0.866755571,0.839913714,0.819997467,0.795658658,0.767633633,0.750188919,0.731431592,0.742170053,0.76386506,0.758544676,0.706334154,0.727137386,0.76317919,0.785408422,0.810339032,0.824345338,0.814053146,0.792960533,0.772383131,0.743711054,0.703963454,0.658042454,0.633896849,0.612519278,0.589315983,0.565426967,0.537846576,0.498988135,0.469945773,0.480221178,0.519387456,0.513541198,0.502961263,0.492314064,0.481045092,0.47157398,0.460624454,0.448779576,0.436152812,0.423555019,0.41474095,0.413551304,0.414450249,0.417011335,0.420504757,0.423890645,0.427654312,0.432617218,0.436764186,0.440802254,0.447078186,0.454475851,0.461658993,0.467848674,0.474769822,0.482596909,0.491355856,0.499273711,0.507151669,0.51437498,0.521005374
A632,CS,2011,WS,CS11_WS,69.5,70,176.5,64.75,1008.5,9.395,73.17,1489.99453795,28.7045,1008.5,92.5,7.5,17.5,15.3333333333333,1.276749881,1.250135074,1.223758482,1.199004768,1.17247299,1.146573506,1.12829047,1.120037771,1.119107594,1.119569545,1.093103241,1.074568451,1.052335235,1.026083025,0.981813774,1.000806779,1.020362978,1.043841747,1.027521306,1.015544113,1.004769334,0.990953722,0.978939871,0.972349606,0.969426546,0.970458434,0.977711582,0.991884547,1.012952643,1.039650373,1.064851511,1.099316186,1.077017837,1.051511164,1.023628488,1.002758249,0.978934761,0.95235787,0.927389666,0.895275089,0.86730664,0.846600173,0.821192765,0.791972482,0.773592094,0.754298365,0.765646962,0.787915072,0.782292587,0.72759329,0.749829697,0.788227712,0.811679811,0.836889249,0.850490753,0.839410522,0.817300204,0.795878897,0.765980395,0.724508826,0.67661958,0.651439313,0.62877264,0.604393786,0.579345544,0.55005013,0.508474036,0.47742264,0.487415382,0.529318142,0.523849945,0.512619159,0.501063129,0.488694502,0.478611822,0.467015886,0.454478098,0.440937201,0.427348635,0.417471386,0.416106551,0.416937898,0.41974494,0.423604984,0.427291436,0.431396835,0.436732476,0.441146553,0.445546521,0.452175743,0.460037368,0.467625908,0.474288578,0.481485887,0.489767375,0.498967861,0.507262108,0.515230734,0.522716694,0.529551371
A679,CS,2011,WS,CS11_WS,70.5,70,181.65,73.65,707,9.1,62.05,1044.54748485,20.0535,707,96.5,3.5,10,15.6666666666667,1.242909994,1.21677489,1.191087148,1.167165501,1.141529646,1.11669052,1.099152234,1.090970889,1.089805515,1.089626606,1.064124312,1.045437017,1.023355745,0.998044435,0.956256443,0.974510026,0.99360137,1.016907458,1.000758546,0.989113819,0.978765081,0.965480531,0.954083978,0.947782585,0.944971255,0.945913432,0.952753819,0.966204877,0.986262891,1.011904939,1.036248142,1.069256119,1.047906269,1.023404205,0.99662076,0.976888875,0.954106413,0.928590038,0.904911448,0.874002883,0.847482985,0.827610818,0.803472089,0.775476524,0.757738978,0.739353803,0.750379288,0.772130211,0.766716492,0.713899971,0.735305163,0.771718705,0.793509718,0.817873884,0.831250973,0.820719457,0.799512546,0.778946785,0.750181284,0.71018198,0.663899924,0.639539328,0.617860817,0.594259184,0.569989933,0.541529545,0.501302013,0.470891909,0.481031205,0.521881898,0.515512021,0.504267763,0.492908193,0.480985938,0.471033293,0.459499657,0.447099979,0.433802745,0.420600022,0.411204641,0.409926409,0.410757955,0.413470216,0.417081529,0.420637746,0.42455534,0.429665956,0.433969455,0.438156417,0.444574842,0.452099002,0.459417199,0.46583281,0.472814905,0.480895875,0.489814538,0.497959918,0.505874637,0.513315933,0.520113314
A680,CS,2011,WS,CS11_WS,73.5,74,171.45,62.2,382,9.645,61.035,564.38067785,10.8085,382,96.5,5,40,15,1.229806361,1.203082934,1.177140822,1.1530909,1.127473731,1.102668689,1.085556088,1.077613066,1.076595508,1.076098933,1.049945559,1.032502268,1.011702924,0.987417644,0.944854954,0.962142536,0.980734446,1.004620594,0.988581813,0.977066141,0.96700271,0.954101537,0.943006687,0.936876901,0.934168402,0.935124248,0.941875978,0.955013344,0.974690401,1.000031524,1.024159884,1.056944707,1.036826414,1.012860491,0.986564228,0.967013937,0.944560809,0.919507076,0.896155742,0.865809427,0.839638938,0.820148007,0.796296806,0.768693987,0.751454598,0.733042886,0.743424097,0.764357641,0.758774776,0.707662986,0.727862169,0.763273894,0.785139129,0.809459908,0.823017716,0.81305544,0.792503433,0.772479045,0.744487155,0.705392987,0.659990847,0.636077437,0.614718589,0.591447412,0.56755898,0.539802507,0.500567414,0.471162025,0.481172829,0.520498683,0.514816885,0.504125145,0.493382346,0.481923744,0.47241389,0.461371191,0.449583054,0.436878834,0.424207239,0.415156581,0.413945691,0.414829339,0.417504884,0.421118878,0.424566345,0.428428726,0.433478965,0.437657941,0.441780759,0.448126291,0.455639076,0.462977293,0.469320337,0.476378401,0.484334595,0.493312239,0.50147785,0.509331832,0.51669567,0.523424665
AAP102,CS,2011,WS,CS11_WS,68.5,68.5,176.55,68.55,1874.5,9.7,78.445,2769.4543995,52.8335,1874.5,98,2.5,12.5,12.3333333333333,1.286926953,1.261405726,1.236839322,1.214207338,1.190272602,1.166960173,1.150882541,1.143629481,1.141919397,1.140965299,1.116175052,1.100479813,1.08136067,1.058877092,1.018308107,1.03386343,1.051169428,1.073697663,1.058375538,1.047660489,1.038440248,1.026687571,1.016689682,1.011217092,1.008831823,1.009880169,1.016223611,1.028512857,1.046798038,1.07033921,1.09277744,1.123322809,1.104273802,1.081674833,1.056986761,1.038705264,1.017588901,0.993850314,0.971883037,0.943068401,0.918093996,0.899350586,0.876307539,0.849328995,0.832133856,0.814043737,0.824889263,0.846270377,0.840480003,0.78913113,0.809089025,0.843406362,0.864427153,0.888237204,0.901605694,0.891646568,0.87150622,0.851754326,0.823811962,0.784127629,0.737123973,0.711893395,0.68913048,0.664136083,0.638046388,0.607122044,0.562750159,0.529337051,0.540991264,0.584928129,0.577345695,0.564851638,0.552133666,0.5387017,0.527669714,0.514690572,0.50076787,0.485653969,0.470648231,0.460176665,0.458624701,0.459423863,0.462048719,0.465674731,0.469229655,0.473134783,0.478433758,0.482856482,0.487233794,0.494034267,0.50205743,0.50989508,0.516781967,0.52444375,0.533020022,0.542714713,0.551498364,0.56011082,0.567945016,0.575054677
AAP112,CS,2011,WS,CS11_WS,65.5,69,170.15,76.2,1170.5,10.4,79.14,1729.3392233,32.78,1170.5,94,7.5,25,12,1.291599467,1.265333735,1.240111145,1.217003981,1.192755529,1.169443274,1.153794639,1.146886628,1.145903306,1.1456812,1.120927068,1.106630542,1.088709662,1.067181187,1.025719454,1.041052036,1.058171687,1.080085106,1.063698721,1.052571739,1.04330596,1.031488675,1.02126731,1.015539433,1.012945338,1.013750231,1.019841814,1.031899238,1.050106551,1.074029532,1.097070975,1.128568861,1.111361936,1.088960693,1.064412782,1.046184521,1.025227724,1.00166041,0.979836148,0.951450454,0.926952768,0.90865124,0.886206636,0.860047074,0.843400097,0.826221409,0.83755675,0.858407477,0.850336922,0.798413217,0.817292187,0.851797895,0.874734545,0.897790333,0.909935667,0.898555114,0.878500143,0.85914851,0.831829335,0.793076396,0.747176225,0.722551479,0.700247605,0.675975412,0.650934484,0.621353928,0.578266209,0.544912444,0.552992805,0.597098226,0.590413531,0.578472545,0.566197013,0.552982713,0.541783178,0.528559728,0.514044484,0.498261723,0.482416594,0.470720994,0.468314806,0.468408035,0.470275064,0.473461914,0.476908041,0.480798104,0.486198106,0.490771341,0.495263054,0.502426303,0.510731588,0.518728546,0.525652776,0.533198941,0.541490182,0.550630447,0.558496524,0.56609163,0.5730211,0.579275122
AAP119,CS,2011,WS,CS11_WS,71,71,198.1,85.1,1952,10.3,80.235,2883.955715,54.6665,1952,96.5,2,15,14.6666666666667,1.265961135,1.240076501,1.214346146,1.190194912,1.164364454,1.138937119,1.120754213,1.112343926,1.11096339,1.111418078,1.086071119,1.067058562,1.044525332,1.018451954,0.97555992,0.994450559,1.014043717,1.037536159,1.021283295,1.009512849,0.999042043,0.985613286,0.974065311,0.967672189,0.964923011,0.965984752,0.973137446,0.987095479,1.00780071,1.034089257,1.058848181,1.092619705,1.069790858,1.044648681,1.017174716,0.996946526,0.973630298,0.947511494,0.923273305,0.8915783,0.864293793,0.843867547,0.818915857,0.790064395,0.771649691,0.752689681,0.764189116,0.787016744,0.781231263,0.727097486,0.749556226,0.78724532,0.809891688,0.834754165,0.848344951,0.837290764,0.815373825,0.794167953,0.764570976,0.723571405,0.6761059,0.651051455,0.628828394,0.604306671,0.579371075,0.550203977,0.509303707,0.478230289,0.48844345,0.530655306,0.52410505,0.512634849,0.501002463,0.488798695,0.478644454,0.46688426,0.454137281,0.440472701,0.426809536,0.417261762,0.415993221,0.416843352,0.419609718,0.423332173,0.426895922,0.430814436,0.436055219,0.440352653,0.444501927,0.451034837,0.458653068,0.466152682,0.472513127,0.479769519,0.487887218,0.496899171,0.505148543,0.513051034,0.520495235,0.527262135
AAP212,CS,2011,WS,CS11_WS,70,69.5,201.9,86.35,1658.5,10.15,79.66,2450.328152,46.468,1658.5,99,2.5,5,13.3333333333333,1.295350584,1.271006979,1.247556457,1.225821183,1.202805326,1.180586195,1.165262497,1.158192345,1.156438545,1.154884613,1.131131085,1.115200697,1.096666022,1.074832175,1.034913522,1.049619627,1.065922102,1.087494236,1.073105474,1.062992981,1.054271466,1.043124449,1.033602612,1.028372175,1.026130179,1.027122337,1.033348178,1.045169775,1.062924198,1.08578467,1.107613574,1.137292461,1.119066339,1.097305094,1.073657511,1.055950526,1.035735193,1.01263159,0.99133593,0.963278362,0.938895588,0.920497746,0.897800012,0.871204311,0.853860974,0.836032784,0.84707016,0.868328413,0.862329791,0.810713382,0.831446942,0.865519854,0.885309243,0.90789748,0.920757626,0.911367177,0.891832464,0.872498776,0.844886444,0.805387627,0.758007948,0.732569406,0.709363663,0.683920898,0.6572428,0.625406551,0.579678663,0.545133511,0.556958739,0.603675504,0.595373344,0.58207241,0.56865539,0.554669348,0.543098484,0.52960189,0.515042411,0.499323416,0.48382032,0.472948418,0.471272889,0.471981812,0.474643188,0.478309104,0.481934042,0.48595328,0.491357838,0.495801337,0.500271026,0.507080873,0.515144078,0.522973731,0.529781978,0.537312882,0.545875734,0.55536629,0.564032052,0.572383392,0.580212357,0.587108006
AAP235,CS,2011,WS,CS11_WS,72.5,74,191.8,87.65,1084.5,11.3,97.405,1602.2796995,30.1915,1084.5,95,6,12.5,11.6666666666667,1.288565988,1.264506208,1.241468854,1.220409324,1.198192442,1.176551429,1.161902154,1.155064138,1.15311673,1.151176754,1.127157917,1.113217237,1.096477424,1.076305822,1.03654289,1.049554583,1.064703938,1.085474318,1.071981456,1.062542079,1.054430315,1.044187811,1.035462611,1.030670062,1.028686074,1.029822237,1.035898487,1.047351781,1.06440497,1.08660244,1.107856982,1.136703173,1.120392361,1.099672685,1.076957951,1.060211818,1.040714143,1.018422738,0.997943586,0.970654305,0.947088327,0.929067918,0.906875932,0.880485043,0.863192879,0.845178659,0.85475376,0.874142009,0.866602933,0.818186128,0.838040502,0.870603436,0.889671642,0.911385663,0.923911495,0.915596851,0.897462436,0.879288855,0.853051954,0.81505542,0.7686841,0.743380033,0.720168955,0.694393264,0.667524931,0.635643226,0.589291204,0.552947985,0.563823591,0.610968161,0.602937866,0.589674995,0.576126442,0.561821004,0.549979677,0.536080995,0.520904407,0.504446312,0.488036626,0.476299912,0.474287854,0.474830583,0.477344756,0.481046006,0.48468183,0.488712618,0.494094985,0.498525425,0.50290424,0.509652568,0.517653575,0.525276318,0.531874089,0.53930439,0.54758575,0.556847232,0.565202937,0.573312375,0.580759156,0.58761099
AAP236,CS,2011,WS,CS11_WS,69,69.5,198.1,77.45,1562,10.45,89.56,2307.7555465,43.5905,1562,93.5,3.5,10,14,1.303439893,1.278466534,1.254725543,1.233117398,1.210387263,1.188468923,1.17376338,1.167079695,1.165345847,1.163529668,1.139068522,1.125136828,1.107923471,1.08731591,1.047285527,1.061135049,1.07699062,1.098552695,1.084027098,1.07398507,1.065443489,1.054652834,1.045335052,1.040195032,1.037913655,1.038815306,1.044689601,1.056034739,1.072897823,1.095010935,1.116138522,1.144809569,1.127720289,1.106677436,1.083678104,1.066487071,1.046692428,1.024409087,1.003460941,0.976075694,0.952156148,0.934080331,0.911729967,0.885313835,0.868413834,0.850274854,0.860892412,0.881798753,0.875474406,0.82454258,0.843962342,0.876886114,0.896941831,0.91990614,0.932776903,0.923491064,0.904325595,0.885414813,0.858124056,0.819047359,0.771789172,0.746277961,0.723031824,0.697474673,0.670579078,0.638531195,0.592831423,0.558337883,0.570229645,0.615932299,0.607488695,0.594307461,0.581077672,0.567252689,0.555707541,0.542350966,0.527775651,0.512092625,0.496675352,0.485778033,0.484120966,0.484791379,0.487362944,0.490908846,0.49444284,0.498370515,0.50358921,0.507970684,0.512368342,0.519124525,0.527212029,0.535067928,0.542020048,0.549735796,0.558400985,0.568219765,0.576996938,0.585599588,0.59350622,0.600629302
AAP239,CS,2011,WS,CS11_WS,73.5,74,186.7,74.9,1431,9.6,79.305,2114.2113875,40.4035,1431,98,7.5,15,12,1.310450022,1.283784604,1.257888476,1.233969092,1.208290088,1.183391406,1.166155734,1.158376352,1.157028878,1.15662716,1.129611161,1.112191848,1.091568004,1.06711544,1.02261968,1.039598929,1.058389519,1.083409448,1.06693379,1.055276066,1.045226058,1.032318718,1.021221405,1.014952015,1.012188629,1.013208143,1.020098626,1.033508509,1.053583349,1.079421886,1.104039207,1.137848231,1.118707199,1.094595461,1.068052908,1.048157631,1.025279279,0.999495004,0.975408345,0.944010121,0.916700198,0.896293171,0.871220799,0.842075874,0.823402911,0.804011551,0.815439806,0.837900895,0.830677912,0.777530942,0.800243404,0.838335937,0.860976303,0.886365518,0.900825301,0.890931886,0.869562973,0.848521586,0.818716625,0.776662061,0.72731387,0.701128133,0.677335277,0.651734031,0.625457698,0.594379719,0.550016273,0.516567594,0.527600306,0.571972801,0.564929266,0.552615192,0.540064805,0.526922432,0.516018308,0.503300174,0.489605341,0.474804643,0.460126587,0.449646598,0.448072854,0.448779966,0.451500068,0.45516836,0.458790156,0.462864363,0.468291509,0.472656502,0.477021717,0.483802799,0.491690134,0.49932434,0.506115687,0.513463915,0.521843293,0.531240462,0.539794906,0.548012767,0.555663988,0.562589216
AAP240,CS,2011,WS,CS11_WS,71,71.5,181.6,73.7,562,9.645,68.94,830.3192169,15.902,562,95,5,5,12.6666666666667,1.289745314,1.263519189,1.238055043,1.214531997,1.189370022,1.164781346,1.14776592,1.140027524,1.138706042,1.138107856,1.111684726,1.094321647,1.073650556,1.049244627,1.005493657,1.022487559,1.041220268,1.065810315,1.049347219,1.037723456,1.027716768,1.014892623,1.003779414,0.997573437,0.994759561,0.995681114,1.002461738,1.015772503,1.035614489,1.061084152,1.085255719,1.118137319,1.099022331,1.075171341,1.048893379,1.029037861,1.006302984,0.980782705,0.956730248,0.925431251,0.898062203,0.877644959,0.852450376,0.823278729,0.805002278,0.785249141,0.796829255,0.819817135,0.812847327,0.758919435,0.781853233,0.820120453,0.842742246,0.8682572,0.882667137,0.872383549,0.850732681,0.829408111,0.799259025,0.756807772,0.707252869,0.68090283,0.657294895,0.632010662,0.605798259,0.574961533,0.531218278,0.498700754,0.509656008,0.552747856,0.545759346,0.53366604,0.521292472,0.508402813,0.497860098,0.485599814,0.472353783,0.458253098,0.444232948,0.43420081,0.432730744,0.433507183,0.436102696,0.439727837,0.443178395,0.447065545,0.452300255,0.456614923,0.460844009,0.46738863,0.475184012,0.482659153,0.489260575,0.496483899,0.504714556,0.513960506,0.522333316,0.530516742,0.538174639,0.54507743
AAP241,CS,2011,WS,CS11_WS,70,70.5,194.3,77.45,1430.5,9.2,69.13,2113.4726695,40.48,1430.5,99,12.5,5,14.6666666666667,1.302142505,1.276404983,1.251837789,1.229327857,1.205465625,1.182376883,1.166695132,1.159489101,1.157726381,1.156010537,1.130509395,1.115309125,1.09656806,1.074062868,1.031516408,1.046623475,1.063636727,1.086023801,1.070656755,1.0599395,1.050707351,1.039030828,1.028982011,1.023462203,1.021083388,1.022110028,1.028530635,1.040839715,1.059142546,1.082781799,1.105421093,1.135897102,1.117200455,1.094647743,1.069994831,1.05171099,1.030480297,1.006411151,0.984084877,0.954641767,0.929071684,0.90977277,0.885961963,0.857893453,0.839711771,0.821037476,0.832406741,0.854532066,0.848726809,0.795068925,0.815710018,0.851285933,0.8732496,0.897552465,0.91113708,0.901123128,0.880574312,0.860337794,0.831578119,0.790759783,0.742046393,0.716006607,0.692553616,0.666430517,0.6395051,0.607648868,0.562726855,0.528980954,0.540410206,0.585993186,0.578178435,0.565247375,0.552342965,0.538773885,0.527485502,0.514380521,0.50029014,0.485196356,0.470094241,0.459396822,0.457693252,0.458338049,0.460860439,0.464346657,0.467729395,0.471648392,0.476820253,0.481091462,0.485390435,0.492022338,0.499896322,0.507584316,0.514245113,0.521699142,0.530116669,0.539533614,0.548086027,0.556421393,0.564025159,0.570990553
AAP242,CS,2011,WS,CS11_WS,72.5,73,201.95,95.25,1751.5,11.55,81.885,2587.7297305,48.397,1751.5,99,5,5,14.3333333333333,1.341336779,1.314742996,1.289246689,1.265799739,1.241125232,1.217102826,1.200790336,1.193467269,1.191915475,1.190776523,1.164887283,1.149826179,1.131352837,1.109208254,1.06680261,1.08269419,1.100698663,1.125041227,1.109056623,1.097931876,1.088426916,1.076421307,1.065919288,1.060013704,1.057244482,1.057951063,1.06409705,1.076235667,1.09461006,1.118565611,1.141478919,1.172975324,1.154523093,1.131555149,1.106509853,1.08764989,1.06597846,1.041549354,1.018785385,0.989052459,0.963216391,0.94384368,0.919986366,0.892009788,0.874035389,0.855512757,0.867547969,0.890687963,0.885150619,0.831013808,0.849270138,0.883623116,0.907206064,0.933691876,0.948631926,0.939012253,0.918188077,0.897706839,0.868497025,0.82695609,0.777343259,0.750815214,0.726590543,0.700025254,0.672369571,0.639949592,0.594155101,0.560708339,0.573424497,0.616770629,0.608357622,0.595430646,0.582526119,0.56891932,0.557654922,0.544458567,0.530225867,0.514820056,0.499335743,0.488295707,0.48650368,0.487055494,0.48936322,0.492441079,0.49550511,0.499011548,0.503741362,0.507822293,0.511902136,0.518370768,0.526165684,0.533948121,0.540909599,0.548691163,0.557688522,0.567721386,0.576852726,0.585611903,0.593640544,0.600790146
AAP244,CS,2011,WS,CS11_WS,69.5,69.5,187.95,73.65,2066.5,10.5,76.48,3053.122175,57.6955,2066.5,97.5,3.5,10,14,1.302200332,1.277493146,1.253621125,1.231571936,1.208478464,1.185879026,1.170478456,1.163410129,1.161584289,1.160053492,1.135062743,1.120075981,1.102400004,1.081001135,1.039323793,1.053229282,1.069246114,1.091184419,1.076738223,1.06667186,1.058194139,1.047332433,1.037998648,1.032865526,1.030671011,1.031827316,1.038152114,1.05019534,1.068119526,1.091401687,1.113654392,1.143915177,1.127206674,1.105555917,1.081752867,1.063919786,1.043335663,1.019964035,0.998237625,0.969595032,0.944617247,0.925806733,0.902568009,0.875108378,0.857352332,0.838726087,0.849258201,0.870240202,0.862570492,0.812296131,0.833126461,0.867691962,0.888008396,0.911168303,0.924600908,0.915874325,0.896608303,0.8773268,0.84962542,0.809640193,0.761560615,0.735533734,0.711842799,0.685900773,0.658859137,0.626848925,0.580613925,0.545109081,0.556478131,0.60278043,0.594616457,0.58141477,0.568022095,0.55394085,0.54223578,0.528598808,0.513740278,0.497755109,0.481810183,0.470486026,0.4686426,0.469270092,0.471805549,0.475430457,0.479008201,0.482999508,0.488345578,0.492810273,0.497168067,0.503978946,0.511962919,0.519744527,0.52646438,0.533991739,0.542514146,0.552036842,0.560591946,0.568953505,0.576755966,0.583822083
AAP245,CS,2011,WS,CS11_WS,69,69,184.15,77.45,1145.5,9.65,73.375,1692.4033155,32.322,1145.5,94,7.5,5,13,1.351732105,1.325902477,1.30104149,1.278062765,1.253874103,1.230213717,1.214079569,1.206424368,1.204598216,1.203196716,1.178022749,1.161158662,1.14148584,1.11845131,1.076127691,1.091513469,1.108758803,1.130908286,1.115118061,1.104203206,1.094790606,1.082914355,1.072575382,1.066882782,1.064398894,1.065351101,1.071749101,1.084219399,1.10275441,1.126828982,1.149680267,1.180593835,1.160624398,1.137549662,1.112464925,1.093575474,1.072132996,1.047856951,1.025303864,0.995796389,0.970000641,0.950624173,0.926703159,0.898548505,0.880417228,0.861363627,0.872785801,0.895003414,0.888316868,0.833120036,0.855070786,0.891075616,0.911704032,0.935331034,0.948649165,0.938044883,0.916896923,0.896177257,0.866743803,0.824845573,0.774816347,0.747935933,0.723506117,0.696633741,0.66835316,0.634443999,0.585814747,0.548914391,0.560986499,0.610118651,0.601506082,0.587386713,0.573101941,0.558132464,0.545728782,0.531310528,0.515764293,0.499054736,0.482331733,0.470407239,0.468381626,0.468980498,0.471517566,0.475140911,0.478769393,0.482844752,0.488285069,0.49278046,0.497244523,0.504164081,0.512270184,0.520263266,0.527097449,0.534758273,0.543462791,0.553106338,0.561771425,0.570404305,0.578141665,0.585142763
AAP258,CS,2011,WS,CS11_WS,70,72,194.3,72.35,1564.5,10.1,83.635,2311.449137,43.932,1564.5,95,6,12.5,15.3333333333333,1.309323033,1.283555589,1.258709719,1.235758746,1.21156047,1.18784927,1.171713411,1.164360295,1.162834376,1.161531532,1.13547687,1.119830052,1.100537457,1.077529196,1.034950013,1.050386618,1.067731363,1.090888998,1.075406105,1.064542813,1.055218279,1.043416916,1.033227895,1.027651014,1.025210406,1.026213481,1.032723403,1.045330705,1.064049882,1.0883009,1.111481792,1.142994739,1.12495295,1.10223104,1.077121933,1.058479014,1.036923732,1.012488378,0.989756668,0.959811782,0.933730127,0.914109403,0.889950399,0.861555749,0.843466195,0.824267648,0.835098932,0.856675292,0.849980296,0.79686338,0.817731406,0.853509941,0.874924035,0.899177601,0.912865794,0.903271839,0.883028917,0.862985295,0.834358357,0.79353164,0.744875452,0.71879784,0.695334663,0.669507735,0.642788404,0.611241818,0.566148687,0.532048192,0.543591403,0.588336802,0.580733772,0.568018292,0.555136877,0.541538002,0.530316861,0.517175624,0.503039303,0.487773019,0.472537325,0.461708262,0.460026166,0.460680006,0.463128847,0.466595432,0.470083456,0.473953536,0.479131292,0.4834364,0.487680595,0.494272572,0.502072126,0.509738146,0.516284657,0.523634408,0.532012181,0.541336617,0.549855829,0.558167001,0.565790036,0.572722144
AAP261,CS,2011,WS,CS11_WS,69,70,186.7,80,1010.5,10.1,84.795,1492.9494105,28.283,1010.5,98,7.5,12.5,13.3333333333333,1.318933276,1.292280882,1.265719905,1.240811823,1.214118613,1.188195972,1.169935474,1.161523266,1.160315943,1.160454735,1.134024776,1.114452334,1.09181549,1.065410657,1.021484268,1.040409115,1.059982826,1.083470254,1.067181184,1.055275736,1.044493548,1.030691311,1.018802334,1.012139824,1.009240027,1.010243109,1.017413748,1.031621267,1.052690103,1.079516015,1.104782291,1.139553263,1.117263826,1.091580389,1.06368874,1.042703705,1.01884907,0.992158309,0.967233603,0.934918558,0.906818935,0.886003966,0.860463163,0.831056233,0.812513551,0.793014141,0.804540725,0.827495275,0.822045453,0.765925235,0.788352454,0.826781964,0.850097773,0.875626625,0.889554111,0.878578375,0.856481665,0.834931145,0.80476471,0.76272793,0.713853791,0.688013136,0.664963138,0.639797292,0.61392649,0.583155617,0.539491325,0.506653351,0.517752983,0.561455012,0.554864804,0.542693534,0.53021356,0.517006175,0.506231205,0.49371541,0.480120005,0.465551447,0.450838614,0.440351891,0.438823639,0.439572889,0.44230464,0.446006909,0.449669988,0.453696388,0.459037665,0.463506575,0.467876,0.474581589,0.48262486,0.490343946,0.497061559,0.504494186,0.512966556,0.522413051,0.53088413,0.539227445,0.546960161,0.553918095
AAP266,CS,2011,WS,CS11_WS,69.5,69.5,205.7,86.4,1686.5,10.25,93.725,2491.6963695,47.1515,1686.5,98,3.5,10,13.3333333333333,1.357493186,1.331744189,1.306732155,1.283576488,1.259044339,1.234965116,1.218662379,1.211317762,1.209440703,1.207999258,1.181632272,1.165503503,1.146558617,1.123619929,1.078702413,1.09347729,1.110667829,1.13456898,1.119208775,1.108537156,1.099361092,1.087679104,1.077664263,1.072137618,1.069832774,1.070927636,1.077664087,1.090507727,1.109624827,1.134567234,1.158321908,1.19058392,1.172499702,1.149339212,1.123983164,1.104857063,1.082972686,1.058081832,1.034985993,1.0046932,0.978340666,0.958562011,0.93418923,0.905516777,0.887034625,0.86767979,0.878141617,0.899360341,0.891762559,0.838162462,0.858777362,0.894378753,0.915754124,0.940052541,0.954241526,0.945012816,0.924818078,0.904685661,0.875849725,0.834445957,0.784625043,0.757794297,0.733288447,0.706335003,0.678279883,0.645202686,0.597326648,0.560432412,0.572139812,0.620316097,0.611878308,0.59828631,0.584591324,0.570007066,0.557829733,0.543526154,0.52799827,0.511328035,0.494673391,0.482717087,0.480674934,0.481189194,0.483630813,0.487189251,0.490710382,0.494752592,0.500128228,0.504572746,0.508977059,0.51584045,0.523886173,0.531684768,0.538475027,0.54609601,0.554616491,0.564141328,0.572727699,0.581193255,0.588894014,0.595866284
AAP267,CS,2011,WS,CS11_WS,71,71,213.4,83.85,1949.5,11.9,94.255,2880.262124,53.647,1949.5,96.5,1,7.5,12.3333333333333,1.340858161,1.315065101,1.290272696,1.267560054,1.243699946,1.220654714,1.205456246,1.198658343,1.197095981,1.195061856,1.168747987,1.153644302,1.136202802,1.115249334,1.071332593,1.084326217,1.100063165,1.123146571,1.108445164,1.098081083,1.089296605,1.078173366,1.068533391,1.063199652,1.060837074,1.061894073,1.068107445,1.079988997,1.097876857,1.121430171,1.144018362,1.174919406,1.158122018,1.136099773,1.112008488,1.094003127,1.073359663,1.049861654,1.028242452,0.999883329,0.975299205,0.956853275,0.93407702,0.907328508,0.889834727,0.871863249,0.881505387,0.900687133,0.894007491,0.842490865,0.861061088,0.894038024,0.913921136,0.936492441,0.949736291,0.940922709,0.922207112,0.90333013,0.876308103,0.83736914,0.790408668,0.765045283,0.741945522,0.716023886,0.689126433,0.657017295,0.610425683,0.574575277,0.585941509,0.63342436,0.625600141,0.612442249,0.599087555,0.584725473,0.572755367,0.558864669,0.543831616,0.527578695,0.511231958,0.499284265,0.497255262,0.497797135,0.500350728,0.504110505,0.507763726,0.511935617,0.517395701,0.521972708,0.526425765,0.533349418,0.54152243,0.549473535,0.556307695,0.563865654,0.572355392,0.581970819,0.590575848,0.598923384,0.606599393,0.6136116
AAP275,CS,2011,WS,CS11_WS,71.5,73.5,189.25,74.95,815.5,10.15,85.455,1204.8493265,22.9125,815.5,95,5,12.5,12.6666666666667,1.338604226,1.311111713,1.284818027,1.260774784,1.23549856,1.210970089,1.194810425,1.187851963,1.186225798,1.185018611,1.158210295,1.144152463,1.126161969,1.104130375,1.059821151,1.074785127,1.092419204,1.116896694,1.100746995,1.089558923,1.080191755,1.068396332,1.05796355,1.052092635,1.04934403,1.05000097,1.056061943,1.068300405,1.086699288,1.110996858,1.134503366,1.166672817,1.148763009,1.125636592,1.100422674,1.081709455,1.060072557,1.035699919,1.013193987,0.983790572,0.95848455,0.93948805,0.916117725,0.888778321,0.871101818,0.852893061,0.863582988,0.884798317,0.878398001,0.826666838,0.844692226,0.878083726,0.899898101,0.925188815,0.939645912,0.930330693,0.910154637,0.890424186,0.862109102,0.821934169,0.773922918,0.748042511,0.724391942,0.69839587,0.67145499,0.639500242,0.593269391,0.558460748,0.570626757,0.614379563,0.606282869,0.593336691,0.580091771,0.566043762,0.554497711,0.54094081,0.526141733,0.510173614,0.494147178,0.482514775,0.480532964,0.481047694,0.483291559,0.486439973,0.489673638,0.493343616,0.498280813,0.502472852,0.506748425,0.513245061,0.521098201,0.528911374,0.535710588,0.543311831,0.552049243,0.561785005,0.570776354,0.57936258,0.587239222,0.594357266
AAP281,CS,2011,WS,CS11_WS,68.5,69,171.45,77.45,1280,9.7,88.18,1891.1185015,36.09,1280,99,7.5,12.5,12.3333333333333,1.300137361,1.275535454,1.251742359,1.229752587,1.206364749,1.183430875,1.167444439,1.159849697,1.157999774,1.15689681,1.132430095,1.116210035,1.096905561,1.074155202,1.033836048,1.049814086,1.067258596,1.089465109,1.074159573,1.063433964,1.054124781,1.042229267,1.031946313,1.0262399,1.023761674,1.024682237,1.031100198,1.043466981,1.061916887,1.085527554,1.10792052,1.138153036,1.119274096,1.096820849,1.072175809,1.053756946,1.032481408,1.008410504,0.985914282,0.956333439,0.930583375,0.911181047,0.88727186,0.859316502,0.84144953,0.82257668,0.833957675,0.856283831,0.849618385,0.796727563,0.818267222,0.854088077,0.875549362,0.899786643,0.913431254,0.903435747,0.882688095,0.862231764,0.833315879,0.792281745,0.743725607,0.717729791,0.694316895,0.668751565,0.642031302,0.610548458,0.565524761,0.53160428,0.542944152,0.587638844,0.579752531,0.566922644,0.553959549,0.540398787,0.529194941,0.516089569,0.501908559,0.486643441,0.471425918,0.460666778,0.458980832,0.459670729,0.462178399,0.46571267,0.469174513,0.473056874,0.478279254,0.482692269,0.486911769,0.493495631,0.501515307,0.509172893,0.515847427,0.523343256,0.53180456,0.541318413,0.549934933,0.55829386,0.566091846,0.572988697
AAP297,CS,2011,WS,CS11_WS,70.5,72.5,199.4,86.35,1488.5,12.3,94.805,2199.163976,40.718,1488.5,95,15,10,13,1.308590492,1.282660178,1.258276965,1.236266695,1.213237851,1.191130998,1.176886227,1.170628195,1.168804732,1.166184787,1.140758808,1.127992153,1.112379532,1.093263638,1.051526504,1.062783003,1.077020072,1.098189251,1.084661702,1.075225137,1.067423722,1.057535859,1.049148684,1.044520114,1.042600111,1.043566848,1.049389569,1.060382065,1.076763529,1.098567587,1.119769267,1.148792894,1.13375281,1.113288716,1.090862744,1.074475062,1.055418217,1.033792499,1.014103551,0.988029367,0.965766271,0.94882046,0.927991973,0.903102442,0.886879002,0.869793368,0.878387384,0.895795869,0.888200027,0.842860181,0.860154942,0.889773961,0.907476629,0.928100587,0.940210161,0.932475971,0.915607071,0.89875787,0.874173462,0.838222783,0.794064163,0.769681869,0.74738147,0.722266749,0.696161502,0.664681733,0.618618454,0.582420684,0.593403209,0.639751754,0.631809437,0.61870814,0.60520195,0.590858051,0.57907723,0.565052189,0.549864054,0.533423942,0.516837301,0.504920583,0.502860166,0.503403159,0.505947147,0.509673292,0.513279566,0.517390268,0.522822363,0.527207753,0.531659093,0.538429314,0.546374223,0.554164907,0.560895786,0.5682873,0.576658629,0.586008119,0.59449333,0.602614006,0.61023276,0.616993423
AAP298,CS,2011,WS,CS11_WS,71.5,75.5,185.4,78.75,1024.5,10.95,97.67,1513.6335195,28.482,1024.5,94,6,10,11.6666666666667,1.279567645,1.254935314,1.230922029,1.208705373,1.185058441,1.162075454,1.146176108,1.138752307,1.137099193,1.135993286,1.111770167,1.095455716,1.076123348,1.053387663,1.013101515,1.028175109,1.044456801,1.064922917,1.050774485,1.040648299,1.031728774,1.020378033,1.010677809,1.00544599,1.003266249,1.004494039,1.011021693,1.023392337,1.041726725,1.065184565,1.087545645,1.117885909,1.098879155,1.076542249,1.052229082,1.034157461,1.013287455,0.989901461,0.968134152,0.939591156,0.914769245,0.896103305,0.873063449,0.84599444,0.828740571,0.810259961,0.820413592,0.840662762,0.833766429,0.7835458,0.804850753,0.839460043,0.859833777,0.881762166,0.89378843,0.88429969,0.865028531,0.845949794,0.81881882,0.780174329,0.73392979,0.709007416,0.686348724,0.661308478,0.635011946,0.603905141,0.559103497,0.524464028,0.534835702,0.581467416,0.574196323,0.561269798,0.548105358,0.53417008,0.522743545,0.509400127,0.49492808,0.47921596,0.463275758,0.451958379,0.450168927,0.450767077,0.453485593,0.457298563,0.46094093,0.465003123,0.470397689,0.474786148,0.479052031,0.485756054,0.493606735,0.501170511,0.507783281,0.515038335,0.523114503,0.532264168,0.540498687,0.548219087,0.555552211,0.562094497
AAP68,CS,2011,WS,CS11_WS,69,70,180.35,68.6,1322.5,10.15,78.605,1953.9095455,36.9605,1322.5,98,1,7.5,12,1.282350178,1.256653802,1.232201665,1.209849192,1.186397628,1.163759036,1.148814284,1.142128367,1.140766567,1.139213008,1.11376079,1.099692283,1.082261652,1.061710101,1.020719888,1.034187801,1.050071373,1.07287676,1.058222468,1.048031322,1.039446803,1.028619893,1.019375876,1.014230066,1.012024656,1.013000633,1.019068118,1.030660271,1.048092306,1.070954305,1.092935679,1.122852398,1.105671125,1.084131464,1.060532248,1.043264508,1.023246408,1.00075881,0.980123953,0.952897875,0.929742046,0.912184051,0.890670356,0.865216307,0.848897764,0.831664768,0.840923153,0.859541152,0.852447214,0.804795332,0.823242014,0.854638252,0.873026817,0.894415027,0.906655762,0.897662965,0.879454891,0.861370275,0.835517029,0.798724708,0.754309373,0.730195411,0.708409483,0.683984063,0.658354088,0.627581451,0.582908737,0.547984,0.55864459,0.604105513,0.596046342,0.583106443,0.56992456,0.55610081,0.54446068,0.530874432,0.516123147,0.500102889,0.483943037,0.472403751,0.470433035,0.471010091,0.473526481,0.477099738,0.480707565,0.484748247,0.490016148,0.494488196,0.498804025,0.505589368,0.513433207,0.521121963,0.527815799,0.535249112,0.543661117,0.552994581,0.561482757,0.569627655,0.577192435,0.584104784
AAP91,CS,2011,WS,CS11_WS,62.5,68.5,170.2,59.7,1325,10.45,74.725,1957.6031365,37.1125,1325,95,10,15,15,1.300727954,1.274260058,1.24903333,1.225911873,1.201635132,1.178213532,1.162685647,1.15579081,1.154402817,1.153003425,1.126629369,1.11207474,1.094468905,1.073224479,1.030569822,1.044429346,1.06081382,1.084236357,1.069011791,1.058379789,1.049494544,1.038244706,1.028504123,1.02309728,1.020667519,1.021543164,1.027695167,1.039622123,1.05752046,1.081006969,1.103641978,1.134541381,1.117740811,1.09569588,1.071637501,1.05363035,1.033049199,1.009815,0.988364468,0.960301986,0.936121034,0.917981135,0.895672365,0.869507084,0.852697098,0.834986344,0.844646093,0.863831555,0.856500753,0.808524236,0.827513078,0.860190849,0.879600712,0.902207047,0.915250373,0.906400785,0.887624186,0.86901282,0.84231793,0.804186162,0.758474601,0.733772095,0.711357319,0.686723781,0.661131808,0.630366954,0.585527278,0.550901073,0.562053921,0.606577397,0.598933257,0.586334064,0.573394906,0.55963295,0.548276179,0.534952995,0.520415302,0.504764702,0.489075029,0.477825838,0.475966983,0.476550198,0.479129975,0.482772046,0.486300702,0.490293924,0.495658819,0.500108088,0.504443517,0.511285982,0.519229934,0.526947538,0.533701766,0.541050821,0.549618437,0.558998259,0.567522388,0.57583533,0.583548558,0.590605051
AM407004,CS,2011,WS,CS11_WS,70.5,71,190.5,73.65,1783,10.45,84.475,2634.268975,49.793,1783,98,10,17.5,14,1.313566023,1.287290331,1.262139576,1.23912887,1.215018999,1.191798947,1.176589429,1.169844025,1.168392539,1.166906655,1.141003727,1.12602636,1.108591025,1.087765841,1.044423439,1.057636306,1.073677535,1.096950888,1.081718065,1.071247351,1.062547929,1.051605547,1.042194475,1.036962503,1.034720546,1.035724995,1.041882554,1.053643231,1.071342587,1.094661485,1.117191383,1.147746696,1.13061564,1.108767646,1.08485591,1.067015715,1.046618386,1.023688712,1.002573308,0.974985721,0.951172701,0.933356234,0.911473656,0.885721128,0.869024237,0.851805163,0.86153835,0.880468192,0.87295808,0.825105412,0.844072017,0.875986967,0.894341763,0.915935823,0.928641519,0.919824077,0.901292284,0.882904957,0.856535739,0.818688252,0.773256644,0.748807232,0.726242943,0.701630647,0.675747535,0.644795868,0.599452399,0.56433202,0.575679102,0.622472732,0.614177299,0.601230386,0.588159329,0.57420137,0.562604881,0.548842534,0.533855091,0.517770356,0.501688114,0.490289336,0.488454229,0.48920629,0.491975019,0.495934148,0.499735442,0.503937179,0.509516456,0.514075754,0.518530477,0.5254223,0.533415951,0.541284727,0.548104288,0.555606235,0.564095379,0.573449425,0.581917574,0.590060593,0.597647892,0.604646345
AMY07219,CS,2011,WS,CS11_WS,69,71,193.05,67.35,1479,10.2,81.54,2185.128331,41.404,1479,95,17.5,20,14.6666666666667,1.258623103,1.233657307,1.210098004,1.188709498,1.166297427,1.14474086,1.13028351,1.123794044,1.122049939,1.120012769,1.09613849,1.083247655,1.066820632,1.047153176,1.008685104,1.021915564,1.037336726,1.05853735,1.044379341,1.034643829,1.026524185,1.016247095,1.00748727,1.002601701,1.000485109,1.001362078,1.006969519,1.017734288,1.03400341,1.055392488,1.075984293,1.103967142,1.087528615,1.067195073,1.044893702,1.028512298,1.009402602,0.988048844,0.968183839,0.942013058,0.919490342,0.902401992,0.881355002,0.856332057,0.840349185,0.823441289,0.833332783,0.852952584,0.847326771,0.79986726,0.816693938,0.846934302,0.866509969,0.888786342,0.901463827,0.893043421,0.875159678,0.857493014,0.832082546,0.795450078,0.750965761,0.726798518,0.704930535,0.680455045,0.65466912,0.624274154,0.581078164,0.548484864,0.560279124,0.602927961,0.594732418,0.582261711,0.569895282,0.556981893,0.546091171,0.5332378,0.519357249,0.504404025,0.489592824,0.47911059,0.477592313,0.478320417,0.480778616,0.484116555,0.487423438,0.49110662,0.496067911,0.50024241,0.504403888,0.510957465,0.518735862,0.526376116,0.533257542,0.54082421,0.549445844,0.559248462,0.568094349,0.576658047,0.584592004,0.591627598
AMY07220,CS,2011,WS,CS11_WS,72.5,76.5,184.15,78.7,897,10.6,82.485,1325.26038725,25.0375,897,96.5,2,5,12.6666666666667,1.318892034,1.292273126,1.266438029,1.242563674,1.217527569,1.19324089,1.17687603,1.169742608,1.168459828,1.167544837,1.141004467,1.125882236,1.107113165,1.084278303,1.040717038,1.056258989,1.073804867,1.097130409,1.081394678,1.070264078,1.060734971,1.048573055,1.038056426,1.032127831,1.029474323,1.030288439,1.036750944,1.049433926,1.068426801,1.093023518,1.116582486,1.148682918,1.129888671,1.106703117,1.081356442,1.062161754,1.040463707,1.015928851,0.993118469,0.963559973,0.937736024,0.918550106,0.894816632,0.867250328,0.849639991,0.83100849,0.841670584,0.86228338,0.855096636,0.804309001,0.825229068,0.860618514,0.881571031,0.905435986,0.918765265,0.908847965,0.888449434,0.868404419,0.839882147,0.799379938,0.751404608,0.725680888,0.702219809,0.676857941,0.650646899,0.619113299,0.573412965,0.538690484,0.549763237,0.59438389,0.587081652,0.574376769,0.561113021,0.547073242,0.535768084,0.522450165,0.508086349,0.492598109,0.476954792,0.465761652,0.463857375,0.464525315,0.467057354,0.470583346,0.47415486,0.478134112,0.483394519,0.487721789,0.491982468,0.498578818,0.50648627,0.514025948,0.520585932,0.527897322,0.536100395,0.545348683,0.553645226,0.561751608,0.56920489,0.575896813
AMY07221,CS,2011,WS,CS11_WS,69,70.5,195.6,74.95,1596,10.45,90.81,2357.9883815,44.6655,1596,95,12.5,27.5,13.6666666666667,1.303492806,1.27816526,1.253896095,1.231539704,1.207934721,1.18510996,1.16965631,1.162415202,1.160529498,1.158857904,1.13421715,1.118540536,1.100207762,1.078418373,1.037175335,1.051372751,1.067560529,1.088538145,1.074440731,1.064473913,1.055904494,1.044873264,1.035495845,1.030332379,1.028157051,1.029221807,1.035584704,1.047692511,1.065665161,1.088972375,1.111244634,1.141590089,1.123281325,1.101173908,1.0770266,1.059169512,1.038555387,1.015166222,0.993683417,0.965242985,0.940720775,0.92213479,0.899326547,0.872366106,0.854907712,0.836667218,0.846637565,0.866771034,0.860163265,0.809689398,0.82963581,0.862995725,0.882835327,0.905169799,0.917864265,0.908672886,0.889568545,0.870714056,0.843716004,0.805045226,0.75845865,0.733221683,0.71035165,0.684858854,0.658276499,0.62665103,0.581224463,0.545952916,0.55697553,0.603543521,0.595707012,0.582599413,0.569229954,0.555107946,0.543415682,0.529809616,0.5149723,0.498817203,0.482611335,0.470998743,0.46906651,0.469628242,0.472198271,0.475801571,0.479366772,0.48345079,0.488755182,0.493173089,0.497541692,0.504255429,0.512197191,0.519894783,0.526623048,0.533999477,0.542402518,0.551731257,0.560129546,0.568261845,0.575733807,0.582520629
AMY07225,CS,2011,WS,CS11_WS,71,72,195.6,81.3,1790,14.1,77.1,2644.61103,48.008,1790,90,10,5,14,1.311969212,1.28539481,1.258977101,1.234080296,1.207331911,1.181151961,1.162661873,1.154151237,1.153084316,1.153376128,1.126350249,1.107005982,1.084347456,1.057529696,1.012308153,1.031349629,1.051252037,1.076085524,1.059578379,1.047423024,1.036601891,1.022642115,1.010621304,1.003991786,1.001005509,1.002069326,1.009421428,1.023817703,1.045368124,1.072815971,1.098811934,1.134225309,1.112269817,1.086311793,1.057819221,1.036639207,1.012295563,0.984920413,0.959383846,0.92608135,0.897237439,0.875753648,0.849406547,0.818927586,0.799751604,0.779601232,0.791390609,0.814892714,0.80885716,0.752067077,0.774922587,0.814401268,0.838418131,0.864735965,0.879317999,0.868365439,0.845878165,0.823836253,0.792885136,0.74978622,0.699774935,0.673403152,0.649950628,0.624368812,0.598301864,0.567789576,0.524660719,0.492292166,0.503072363,0.546028474,0.539501183,0.527593274,0.515557502,0.502697254,0.492156956,0.479862326,0.466626075,0.452480323,0.438204371,0.42809418,0.426627999,0.427418625,0.430075296,0.433886031,0.437450083,0.441483803,0.446795628,0.451220036,0.455569577,0.462222553,0.470137687,0.477746598,0.484517463,0.491836795,0.500148608,0.509536829,0.518006333,0.52628785,0.533994536,0.541005076
B104,CS,2011,WS,CS11_WS,71.5,73.5,179.1,63.5,508.5,9.695,74.08,751.2763733,14.378,508.5,87.5,7.5,17.5,12.6666666666667,1.282213516,1.256098974,1.230674312,1.207088758,1.182039653,1.157496311,1.140402224,1.132500276,1.13117323,1.130944672,1.1052447,1.087800283,1.067109196,1.042683943,1.000262863,1.01780199,1.036585021,1.060409526,1.044229553,1.032709035,1.022715269,1.0098842,0.998781517,0.992514061,0.989738319,0.990639369,0.997342157,1.010499511,1.030169595,1.055356775,1.079259952,1.111726031,1.091323312,1.06737967,1.041259833,1.021598576,0.999090912,0.973841105,0.950184325,0.919424853,0.892568144,0.872585845,0.847979058,0.819374816,0.801268847,0.782130482,0.793688387,0.816221143,0.809493116,0.755956557,0.778098763,0.815223369,0.837302324,0.862230227,0.876297836,0.865918339,0.844345321,0.823320663,0.79366832,0.752110247,0.703632024,0.677902027,0.654594407,0.629616278,0.6037654,0.573402955,0.530048732,0.497614211,0.508599478,0.551317815,0.544470235,0.532562966,0.520321733,0.507556355,0.496998924,0.484741199,0.471464035,0.457273948,0.4431544,0.433126272,0.431717545,0.432510225,0.435243846,0.439051334,0.442724902,0.446752884,0.45209445,0.456594731,0.460940156,0.467687197,0.475626954,0.483248253,0.490085815,0.497540977,0.506041713,0.515514525,0.524110825,0.532425882,0.540204143,0.547235288
B105,CS,2011,WS,CS11_WS,69.5,69.5,177.8,66.05,913,9.2,62.135,1348.8993687,25.9055,913,96.5,12.5,27.5,15.3333333333333,1.234212026,1.20763172,1.1814463,1.15705708,1.13077093,1.105325953,1.08722115,1.078793525,1.077648341,1.077579933,1.051545958,1.032162919,1.009808161,0.984244218,0.941556818,0.960323266,0.97992692,1.004013927,0.98760345,0.975718981,0.965256119,0.951717375,0.94018548,0.933799813,0.931076253,0.932113916,0.939171003,0.952974472,0.973541838,0.999747386,1.024596313,1.058259216,1.036176606,1.011053857,0.983656236,0.963193921,0.939903929,0.913857975,0.889667515,0.858305813,0.831276991,0.811243042,0.786797942,0.758711675,0.741048489,0.722687791,0.733525477,0.755386139,0.750600541,0.697567629,0.718229418,0.754578277,0.777186451,0.802346406,0.816398233,0.805859492,0.784328313,0.763585837,0.734751887,0.69494131,0.649270201,0.625438655,0.604307366,0.581259041,0.557794508,0.53037003,0.491953929,0.463332688,0.47379153,0.513137862,0.507445697,0.496956215,0.486495058,0.475380088,0.465976429,0.455118576,0.443447043,0.430980435,0.418549407,0.409724018,0.408687994,0.40964398,0.412444414,0.416199253,0.419716992,0.423648824,0.428819705,0.433126984,0.437344585,0.443854716,0.451479671,0.45891712,0.465373851,0.472547364,0.480618095,0.489645512,0.497904377,0.505973526,0.513484434,0.520357344
B52,CS,2011,WS,CS11_WS,70.5,71.5,191.8,87.65,1281,12,71.85,1892.595938,35.1845,1281,95,7.5,25,15.6666666666667,1.275417524,1.24816568,1.221612902,1.196836383,1.170548352,1.144908312,1.127193655,1.119185416,1.11801821,1.117585423,1.090578926,1.072355384,1.050569545,1.02522291,0.980388746,0.998534472,1.01831416,1.043805331,1.026804093,1.014802964,1.004340371,0.991036873,0.979580344,0.973126468,0.970239652,0.971199971,0.978262467,0.992044848,1.012724552,1.039434639,1.064816668,1.09919752,1.078108124,1.052926188,1.025337257,1.004751251,0.981183155,0.954802433,0.930228079,0.89834536,0.870957851,0.850541784,0.825723898,0.797017765,0.778970359,0.760077052,0.771141559,0.793205201,0.786794235,0.733547554,0.754642186,0.791467503,0.813633015,0.839116688,0.85360693,0.843117609,0.82146555,0.800270478,0.770596159,0.729284534,0.681456285,0.656331923,0.633965189,0.609623822,0.584885947,0.55579471,0.514447649,0.483271394,0.494121277,0.535234415,0.528427631,0.517161034,0.505773233,0.493714804,0.483599413,0.471669261,0.458891901,0.445260226,0.43182257,0.422339276,0.42103965,0.42181184,0.424542832,0.428187731,0.431754319,0.435697565,0.440838711,0.445190602,0.449413684,0.455926244,0.463540203,0.470974302,0.477453153,0.484579705,0.492814891,0.501899859,0.510095623,0.518308598,0.525707477,0.532607149
B68,CS,2011,WS,CS11_WS,71,71.5,195.55,73.65,912,10.55,81.825,1347.421932,25.4815,912,94,12.5,25,15,1.281383635,1.253351029,1.225779091,1.200130452,1.172877708,1.146552622,1.12845825,1.120539341,1.119493426,1.119592659,1.092150226,1.074574364,1.053401101,1.028210248,0.982708583,1.000395938,1.019671508,1.044651238,1.028226734,1.016418878,1.006084743,0.992822156,0.981453871,0.975163196,0.972429054,0.973517522,0.980696545,0.994585601,1.015346479,1.042193876,1.067773335,1.102797249,1.081905574,1.0565152,1.028746121,1.008211783,0.984697775,0.958437211,0.934148425,0.902620626,0.875661637,0.855536326,0.830980451,0.802576014,0.784613913,0.765697281,0.775977143,0.796868333,0.790453706,0.739196885,0.759345339,0.795055232,0.817041818,0.841743413,0.855536193,0.845470939,0.824707353,0.804402985,0.775884846,0.736063188,0.689599206,0.664932897,0.642860045,0.618735838,0.594016144,0.565157281,0.523788164,0.492018767,0.501910672,0.542578027,0.536657472,0.525457527,0.513787158,0.501348468,0.491164428,0.47923154,0.466365633,0.452401895,0.438322659,0.428158364,0.426690711,0.427390562,0.430006432,0.433621088,0.437112988,0.441025291,0.446207158,0.450500902,0.454740963,0.461253043,0.468937455,0.476440672,0.482936986,0.490164289,0.498383595,0.507508792,0.515775438,0.523828733,0.531347777,0.538231862
B73,CS,2011,WS,CS11_WS,74,76,167.65,67.3,175,9.345,54.285,258.55135765,4.975,175,99,1,42.5,14.6666666666667,1.23190903,1.205035118,1.178807091,1.154599394,1.128830449,1.103949514,1.086743461,1.078868243,1.077729283,1.077443458,1.05167973,1.034697068,1.014416026,0.990500151,0.947876379,0.965161815,0.983756882,1.007083344,0.991048,0.979559154,0.969479077,0.956520745,0.945341711,0.939075366,0.936290742,0.937082242,0.943649861,0.956623031,0.976054634,1.001130282,1.025040743,1.057626746,1.037259241,1.013325463,0.987159654,0.967675452,0.945412977,0.920701112,0.897623825,0.867880415,0.842221286,0.823197741,0.799958066,0.773201082,0.756540693,0.738764921,0.74890732,0.7692937,0.764823566,0.714714774,0.733459758,0.767546268,0.788932866,0.813162239,0.826892688,0.817032894,0.796661691,0.776963498,0.749518011,0.711434642,0.667396233,0.644153423,0.623474725,0.601020858,0.578028289,0.551151647,0.512853398,0.484366767,0.494608183,0.532712912,0.527424625,0.517164208,0.506671859,0.495415022,0.486177266,0.475377441,0.463817124,0.451452482,0.438949809,0.429957884,0.428738154,0.429622115,0.432267186,0.435771266,0.439252531,0.44310837,0.448187917,0.45235989,0.456526689,0.462908367,0.470437632,0.47771139,0.484110408,0.491083081,0.499033855,0.507915345,0.516035642,0.524020424,0.531300522,0.537970981
B73Htrhm,CS,2011,WS,CS11_WS,74,76,179.1,67.35,486,9.2,63.585,718.03405605,13.7725,486,97.5,2.5,35,14.3333333333333,1.233571036,1.207134499,1.181372478,1.157540839,1.132238233,1.107553899,1.090510874,1.082409063,1.081112774,1.080493967,1.054806746,1.037450488,1.017052001,0.99327663,0.951111655,0.968038971,0.986222253,1.009463656,0.99385188,0.982717779,0.972892953,0.960371325,0.949637319,0.943717305,0.941190451,0.942219996,0.948978357,0.962096307,0.981647855,1.006796851,1.030599086,1.062983611,1.042487248,1.018666065,0.992560651,0.973344382,0.951125355,0.926311806,0.903280067,0.873168735,0.847318762,0.827940567,0.804324193,0.776879174,0.759560419,0.741335648,0.751646579,0.77254393,0.766860171,0.716679577,0.736734405,0.771594603,0.79285324,0.816644309,0.830126867,0.820331342,0.800051519,0.780207518,0.752412628,0.713668923,0.668511692,0.644658795,0.62338617,0.600028582,0.576382054,0.548708064,0.509422611,0.479540302,0.489368514,0.52889499,0.523350069,0.512653076,0.501620789,0.489917557,0.480291155,0.469097953,0.457083868,0.444173005,0.431177743,0.4218304,0.420560384,0.421433216,0.424153833,0.427881872,0.431471448,0.435315707,0.440560134,0.444831075,0.44905608,0.455497827,0.463069865,0.47042076,0.47689796,0.483914122,0.491965334,0.500956412,0.509066164,0.517020116,0.524394393,0.531124714
B75,CS,2011,WS,CS11_WS,67.5,69,179.1,63.5,1023.5,9.25,66.85,1512.1560835,28.9875,1023.5,96.5,12.5,20,14.3333333333333,1.258428071,1.233187378,1.208506911,1.185421428,1.160949454,1.13716133,1.120453082,1.112496321,1.111203103,1.110397446,1.085692147,1.067438357,1.046210961,1.022059014,0.981171666,0.998432357,1.016561374,1.038295163,1.023026065,1.01203151,1.002272737,0.989676189,0.978995834,0.973102935,0.970629904,0.971675167,0.978440231,0.991424981,1.010740794,1.035331022,1.058666301,1.090296529,1.06998556,1.046411803,1.02066258,1.001162204,0.979144954,0.954535831,0.931363,0.901468248,0.875344699,0.855972231,0.832133669,0.804649634,0.787444083,0.768972007,0.77967777,0.801194521,0.79636399,0.74278005,0.763486332,0.799054398,0.820606572,0.844359935,0.857320891,0.846896754,0.8261987,0.806102647,0.778024967,0.738595047,0.692594566,0.668254059,0.646381832,0.622611526,0.597625293,0.56837595,0.527004049,0.49572348,0.506181776,0.548912598,0.542169839,0.53046738,0.518726252,0.506427677,0.496070102,0.484055124,0.471092757,0.457132548,0.443329053,0.43346937,0.432180763,0.433022011,0.435750919,0.439532045,0.443108624,0.447173103,0.452444554,0.456857355,0.461230943,0.46786311,0.475668458,0.48328299,0.489873586,0.497251856,0.505524741,0.514729445,0.523109334,0.531352517,0.538834229,0.545903722
B76,CS,2011,WS,CS11_WS,69,69,175.3,63.5,1071,9.2,69.09,1582.334309,30.363,1071,98,10,5,14,1.286420081,1.259900476,1.234276293,1.210697651,1.185786069,1.161610106,1.145356981,1.137964826,1.136628892,1.135528863,1.109279145,1.093213623,1.074078956,1.051409295,1.007739578,1.022932093,1.040396583,1.063330833,1.047562751,1.036677321,1.027330926,1.015444022,1.005279079,0.999600183,0.997149731,0.998124466,1.004727971,1.017393596,1.036347048,1.060982798,1.084565443,1.11650929,1.097399976,1.074174109,1.048815485,1.029854754,1.008222775,0.983907891,0.961241497,0.931917334,0.906438312,0.887382177,0.863973638,0.836705352,0.819298301,0.800849568,0.810925928,0.831228727,0.823978834,0.774120151,0.794204055,0.828848183,0.849441446,0.872772109,0.885989582,0.876346316,0.856418451,0.836769444,0.808912321,0.769344164,0.722588847,0.697527457,0.67475273,0.649893599,0.624311494,0.593651864,0.549712434,0.516170008,0.527044155,0.571102248,0.563849706,0.55158962,0.539136099,0.525886826,0.514940381,0.502057737,0.488161718,0.473225476,0.458304014,0.447623332,0.445928848,0.4465811,0.449188187,0.452895426,0.456451718,0.460378537,0.465632024,0.469976422,0.474197606,0.480840883,0.488631397,0.496114927,0.502652864,0.510004866,0.518134499,0.527388124,0.535666908,0.543709381,0.551148357,0.557990745
B97,CS,2011,WS,CS11_WS,70,71,203.2,91.4,1456,9.85,83.285,2151.1472955,40.9335,1456,98,7.5,37.5,15,1.242017435,1.21579936,1.190216369,1.166377679,1.141147953,1.116409607,1.099151175,1.091198539,1.089718952,1.08938674,1.063782876,1.045857233,1.024914124,1.000373885,0.957611998,0.975097414,0.993780868,1.017335739,1.00152253,0.990257383,0.980397457,0.967703621,0.956906261,0.950934857,0.948361281,0.949481269,0.956379333,0.969795238,0.989647874,1.015158264,1.039375726,1.07221416,1.051483713,1.027267979,1.000768605,0.981037024,0.958422556,0.933156983,0.909629627,0.879075657,0.852689403,0.833026975,0.808996555,0.781214603,0.763744243,0.745233126,0.75562854,0.776858061,0.771273125,0.719375071,0.739484726,0.774738219,0.79623685,0.820293454,0.833829795,0.823683712,0.802921537,0.78279035,0.754634961,0.715381835,0.669718857,0.645599811,0.62414712,0.600546284,0.576330076,0.548235846,0.508523441,0.47833262,0.488338581,0.528918262,0.522726853,0.511755346,0.500839704,0.489229096,0.479373005,0.467924225,0.455551584,0.44231021,0.42908944,0.41977115,0.418506475,0.419399373,0.422110963,0.425815463,0.429350158,0.433350734,0.438505623,0.442765991,0.446968516,0.453478187,0.461042788,0.468400466,0.47492288,0.482049149,0.490097775,0.499064576,0.5072787,0.515276824,0.522751739,0.529478259
CI28A,CS,2011,WS,CS11_WS,69,69,184.15,77.45,1206.5,9.8,77.505,1782.5269315,33.979,1206.5,100,3.5,30,13.6666666666667,1.255724172,1.228078084,1.200325974,1.174187137,1.146210044,1.118935423,1.099607159,1.090749769,1.089986457,1.090913856,1.063672752,1.043638919,1.020449691,0.993259954,0.948217156,0.968389265,0.988951054,1.013582665,0.997208196,0.984915358,0.973758571,0.959363552,0.947042302,0.940271009,0.937384908,0.938613199,0.946334521,0.961228728,0.9833867,1.011450298,1.037898191,1.074361149,1.05111477,1.024245692,0.994962769,0.973041036,0.948206741,0.920594838,0.894709311,0.861606002,0.832877651,0.811710909,0.785900451,0.756414064,0.738014508,0.718717801,0.729650026,0.751787678,0.746563242,0.692463724,0.713646982,0.751600418,0.775642275,0.801599752,0.815816207,0.80482303,0.782601756,0.761201914,0.731489682,0.690669228,0.643967825,0.619554571,0.597888648,0.574514379,0.550862511,0.523510545,0.485057436,0.45610077,0.465456677,0.503479116,0.498774799,0.488630651,0.478118208,0.466823679,0.457654186,0.44688295,0.435403649,0.422981509,0.410453966,0.401382196,0.400169284,0.401077283,0.403814459,0.40744185,0.410980629,0.414818982,0.41992304,0.424133468,0.428242643,0.434580377,0.442052535,0.449324805,0.455667831,0.462676055,0.47053103,0.479372069,0.48740437,0.495151474,0.502376598,0.509089832
CI3A,CS,2011,WS,CS11_WS,69.5,72,201.9,77.45,1406.5,9.2,75.88,2078.014197,39.874,1406.5,98,3.5,10,16,1.270233644,1.242728485,1.216169831,1.192015051,1.166420912,1.141673995,1.125182223,1.117777771,1.116545949,1.115380169,1.08751534,1.071456932,1.052359472,1.029591086,0.985502911,1.00085263,1.018410224,1.043292643,1.02732701,1.016142731,1.006700879,0.99481898,0.984610339,0.97902525,0.976612912,0.977803188,0.9845158,0.997456412,1.016739772,1.041911259,1.066154474,1.099216117,1.080829207,1.057334244,1.031484583,1.012517092,0.990557038,0.965909156,0.943214286,0.913551278,0.888232906,0.86919388,0.84600711,0.818946662,0.801630406,0.783529349,0.793117595,0.81250173,0.805170104,0.757239756,0.776811902,0.810683438,0.83143185,0.854733977,0.867948801,0.858773664,0.839629636,0.820574455,0.793573523,0.755439281,0.710365401,0.686250338,0.664549348,0.640529642,0.616076921,0.587077592,0.54557466,0.513417896,0.523569301,0.56518023,0.55851972,0.547010935,0.535288217,0.522746716,0.512335204,0.500057752,0.48673946,0.472462263,0.458057629,0.447745979,0.446158302,0.446843182,0.44940831,0.453005751,0.456533091,0.460419681,0.465574494,0.469790332,0.474033596,0.480468188,0.488064467,0.495473722,0.501910611,0.509014857,0.517108968,0.526222619,0.53434364,0.542331846,0.549731383,0.556480589
CI64,CS,2011,WS,CS11_WS,69,69,190.5,77.45,1166,11.15,78.535,1722.69076,32.332,1166,96.5,7.5,25,18.3333333333333,1.262945179,1.237563544,1.212671908,1.189411798,1.16477354,1.14080286,1.124190229,1.116322506,1.114650584,1.1138073,1.088897655,1.071621269,1.051440741,1.027869778,0.986197293,1.00232674,1.019734156,1.040905928,1.026084434,1.015368344,1.005883108,0.993651306,0.983263154,0.977529837,0.975067811,0.976134346,0.982715872,0.995468487,1.014410595,1.0387741,1.061916519,1.093468087,1.073496162,1.050190493,1.0247829,1.005607842,0.983909638,0.95960925,0.936793012,0.907250744,0.88156866,0.862400904,0.838873506,0.811544368,0.794407557,0.775930863,0.786134081,0.80681511,0.801011918,0.749664307,0.769995103,0.804667189,0.825417492,0.848640907,0.861551851,0.851701379,0.831733674,0.812121839,0.784449066,0.745399607,0.699544937,0.675083782,0.65305463,0.629173705,0.60428339,0.575030536,0.533258134,0.501609318,0.512384612,0.554993969,0.548505297,0.536885742,0.52503693,0.512487892,0.502130324,0.490046511,0.477052476,0.463024705,0.449086181,0.439271753,0.437923556,0.438845689,0.441580216,0.445379494,0.449024461,0.452999774,0.458395829,0.462743208,0.467090212,0.47369046,0.481500975,0.489070106,0.495647873,0.502916088,0.511083719,0.520249518,0.528625745,0.536684938,0.54418227,0.551057624
CML10,CS,2011,WS,CS11_WS,71.5,74,190.5,81.25,1168.5,10.35,75.33,1726.384351,32.722,1168.5,96.5,2,7.5,12,1.274917326,1.248690186,1.223400313,1.200179714,1.175667041,1.1519632,1.135909555,1.128755426,1.127475556,1.126399731,1.100414825,1.084908008,1.066331873,1.044163304,1.00205518,1.016751344,1.033333597,1.055427697,1.039882137,1.029040539,1.01979319,1.008065425,0.998087635,0.992521004,0.990165163,0.991174753,0.997565135,1.009983331,1.028427581,1.05254434,1.075633779,1.107391763,1.089762245,1.067160937,1.042370675,1.024004646,1.002857425,0.979102856,0.957145341,0.928381457,0.903629156,0.88504098,0.86232953,0.835798857,0.819025404,0.80128221,0.811536199,0.831218352,0.824074446,0.773332862,0.792216573,0.826505269,0.848681265,0.871765987,0.884303704,0.874510829,0.855288667,0.836418303,0.809679677,0.771692023,0.726610065,0.702480544,0.680594144,0.656556565,0.631796556,0.602769714,0.560578503,0.528162176,0.537026244,0.580384284,0.574426566,0.562893219,0.551022002,0.538134451,0.527402278,0.514811554,0.501065404,0.486078828,0.470959564,0.459794279,0.457795779,0.458095396,0.460427255,0.463808101,0.467287324,0.471262518,0.476578318,0.481035988,0.485520675,0.492369715,0.500431844,0.508242204,0.515005339,0.522376225,0.530666889,0.539648412,0.547761253,0.555413522,0.562535394,0.569020961
CML107,CS,2011,WS,CS11_WS,69,70,179.05,72.35,648,9.85,77.84,957.3787415,18.215,648,96.5,15,27.5,12.6666666666667,1.290165349,1.264640939,1.239776182,1.216851608,1.192412363,1.16870101,1.152310594,1.144526736,1.143004095,1.142217772,1.117426783,1.100084605,1.079836497,1.056256065,1.014801602,1.031174699,1.048824577,1.070652958,1.055259387,1.044362531,1.03476857,1.022450113,1.011909732,1.006032317,1.003403902,1.004340493,1.010829107,1.023556163,1.042455169,1.066769393,1.089862021,1.121309222,1.100962205,1.077653695,1.052221595,1.033081646,1.011382676,0.987007084,0.964226177,0.934638757,0.908902323,0.889680328,0.866089439,0.83874455,0.82142985,0.802988587,0.813734129,0.835124866,0.829613887,0.776188743,0.796898945,0.832053344,0.852709558,0.876170488,0.889217051,0.878900573,0.858234378,0.838026854,0.809656683,0.769772553,0.722890602,0.697936659,0.675567627,0.650991653,0.625239179,0.594528849,0.550815835,0.517928295,0.529097948,0.573856815,0.566625901,0.554151024,0.541575892,0.528433402,0.517394059,0.504641448,0.490894577,0.476141837,0.461393497,0.450789948,0.44921593,0.449979587,0.452639341,0.45627515,0.45989662,0.463826325,0.469178983,0.473597667,0.477947378,0.484640914,0.492487766,0.500199393,0.506826473,0.514139393,0.522464355,0.531721503,0.539972987,0.548196858,0.555659295,0.562469037
CML108,CS,2011,WS,CS11_WS,69,70,201.95,67.3,2346.5,10.45,84.525,3466.8043465,65.576,2346.5,99,7.5,5,16.3333333333333,1.272332655,1.245818144,1.220602816,1.197591769,1.17325905,1.149673253,1.133808007,1.126629148,1.125407236,1.12431687,1.099029004,1.083914066,1.065763848,1.043990009,1.002553949,1.017948053,1.035187011,1.058679781,1.043172441,1.032377172,1.023222958,1.011519269,1.001493112,0.995882874,0.993359186,0.994292532,1.000522185,1.012599692,1.030762048,1.054323656,1.076918449,1.107734684,1.088853289,1.06621493,1.041409462,1.023466628,1.002537374,0.97904301,0.957513754,0.929104739,0.904906211,0.886582199,0.864192539,0.837911372,0.820987617,0.803470962,0.813757521,0.834233401,0.828570893,0.778839025,0.797801504,0.830832781,0.851262966,0.87447044,0.887569079,0.877779798,0.858062318,0.838809098,0.811734439,0.773582783,0.728308217,0.704024161,0.682221943,0.657848705,0.632568624,0.602413917,0.559293087,0.526259978,0.537320109,0.580762255,0.573411419,0.561131016,0.548728966,0.535580595,0.524559658,0.51175121,0.49782782,0.482801953,0.46767093,0.456906021,0.455202079,0.455880323,0.458445661,0.461959026,0.465407981,0.469323303,0.474541049,0.478897096,0.483236425,0.489866508,0.497789636,0.50553592,0.512295177,0.519733816,0.528263703,0.537734776,0.546296041,0.5546037,0.562425958,0.569375256
CML154Q,CS,2011,WS,CS11_WS,70.5,73,184.15,68.6,951,10.145,65.305,1405.04194935,26.6665,951,74,22.5,27.5,16,1.255457341,1.229061623,1.2039807,1.181075004,1.156735917,1.133382825,1.117516001,1.110407922,1.108851471,1.107241357,1.081495348,1.066379442,1.04799428,1.026454749,0.985461744,0.999888773,1.016558347,1.03969619,1.024745748,1.014216377,1.00529436,0.993946575,0.98426133,0.978929852,0.976645461,0.977676532,0.983952885,0.995969553,1.013997198,1.037464238,1.059967656,1.090891196,1.073258804,1.051075155,1.026866905,1.008811977,0.988148968,0.964951141,0.943479096,0.915499404,0.891391388,0.873319578,0.851232868,0.825450407,0.808946009,0.791696487,0.801304937,0.820493008,0.814179844,0.76704265,0.785989608,0.818525024,0.838452612,0.8612138,0.874371789,0.865505623,0.846697081,0.828244776,0.801912904,0.764681263,0.720519131,0.696871654,0.675448192,0.651997103,0.627862566,0.599147412,0.557668653,0.525921569,0.536587996,0.57794877,0.571329219,0.559823595,0.547994862,0.535522231,0.52505726,0.51294481,0.499817503,0.485618955,0.471481319,0.461369151,0.45978916,0.46051894,0.463058373,0.466643137,0.470123723,0.473945465,0.47907807,0.483302983,0.487485928,0.493941852,0.501448363,0.508796336,0.515182693,0.522206774,0.530170508,0.539115542,0.547140321,0.555006451,0.562172586,0.568663623
CML157Q,CS,2011,WS,CS11_WS,70.5,73,193.05,72.35,1378,10.15,92.745,2035.9072615,38.6035,1378,96.5,3.5,7.5,14.6666666666667,1.328786024,1.303739133,1.280055631,1.258433591,1.23579287,1.213936555,1.199517591,1.193174627,1.191327214,1.189178834,1.163945369,1.15051478,1.134262773,1.114582475,1.072862881,1.084462726,1.099183976,1.120499319,1.106234232,1.09654229,1.088605631,1.078640709,1.070113022,1.065306444,1.063256288,1.064238344,1.070109353,1.081219363,1.097865148,1.119964536,1.141288274,1.17018365,1.154494358,1.134013516,1.111694805,1.094633506,1.075465604,1.053788091,1.033600187,1.007499622,0.984517109,0.967411936,0.946133555,0.92103461,0.904801335,0.887339611,0.896342652,0.914140079,0.905222354,0.859776994,0.878640457,0.909651399,0.927295677,0.947783703,0.959660706,0.951534191,0.934183277,0.91678907,0.891388311,0.854349436,0.809231752,0.784414707,0.76134859,0.736313001,0.709664984,0.677311871,0.629918751,0.592713923,0.604148904,0.652838222,0.644039668,0.630464747,0.616595165,0.601909499,0.589639805,0.575165281,0.559333364,0.542191998,0.525135303,0.51284173,0.510808075,0.511368835,0.514219047,0.518317015,0.522224919,0.52651086,0.532137154,0.536784295,0.54129706,0.548225427,0.556425428,0.564251178,0.571206959,0.57875914,0.587305401,0.596768021,0.605266494,0.61338279,0.621042212,0.627924206
CML158Q,CS,2011,WS,CS11_WS,72,73.5,193.05,74.95,998.5,10.15,67.785,1475.2201745,28.041,998.5,94,7.5,10,15,1.280671988,1.254833964,1.230243834,1.208144024,1.184908843,1.162509378,1.148082277,1.141742719,1.140145311,1.138348633,1.113331698,1.100383484,1.084336039,1.064890771,1.024012151,1.036075797,1.051123296,1.072776317,1.058465797,1.048719731,1.040684549,1.030582231,1.021792079,1.016874177,1.014651523,1.015494714,1.021144189,1.032098593,1.048553128,1.070426681,1.091703744,1.120752381,1.105384981,1.08481101,1.062274297,1.045760723,1.026710267,1.005245608,0.985632607,0.959843832,0.937758999,0.921020856,0.900625642,0.87625607,0.860544443,0.843905453,0.852519257,0.870051891,0.862244431,0.818586566,0.835998894,0.865541472,0.882918318,0.903619271,0.915868623,0.907992228,0.890989305,0.874041675,0.84960275,0.814198621,0.771165142,0.747590298,0.726002371,0.702178884,0.677125371,0.647062116,0.602811709,0.568100406,0.578812253,0.622663586,0.614932684,0.602414323,0.589515612,0.575785173,0.564424757,0.551006363,0.536407236,0.520535879,0.504603535,0.493192882,0.491246817,0.491763927,0.494252047,0.497850065,0.501366811,0.505343362,0.510566743,0.515007496,0.519349296,0.526023408,0.533880577,0.541527094,0.548121257,0.555516771,0.563826169,0.573131939,0.581535381,0.589673268,0.597282,0.604163002
CML176,CS,2011,WS,CS11_WS,72,75,196.85,74.95,1160,11.25,73.19,1713.826142,32.13,1160,96.5,7.5,10,14.6666666666667,1.281746951,1.25449555,1.228754251,1.205316073,1.180981081,1.157487961,1.142074343,1.135509656,1.133747209,1.132157342,1.106191353,1.09333783,1.076769244,1.056306707,1.01315933,1.026471442,1.042986647,1.066840322,1.051097212,1.040468675,1.031733549,1.020753562,1.01121707,1.005851272,1.003396089,1.004081146,1.009796393,1.021112541,1.038236918,1.061115563,1.08345076,1.114079115,1.097370306,1.075575967,1.051840493,1.034258481,1.014155788,0.991559181,0.970890533,0.943980497,0.92105925,0.903877928,0.882928303,0.858294084,0.842297758,0.825979508,0.835220591,0.853936341,0.848177271,0.802625598,0.817719408,0.847172408,0.867066402,0.890469695,0.904431387,0.896305223,0.878177849,0.860376342,0.83498627,0.798846989,0.75548224,0.732065274,0.710662947,0.686883931,0.662198258,0.63294185,0.590602522,0.55837384,0.570054561,0.610911119,0.603076517,0.591125158,0.579152534,0.566357858,0.555604843,0.542896097,0.529071293,0.514040455,0.499159733,0.488292287,0.486565968,0.48709548,0.48925413,0.492350622,0.495396329,0.498866931,0.503625325,0.507689405,0.511638492,0.518013962,0.525512009,0.533072906,0.539726675,0.547228467,0.555675954,0.56520516,0.5738467,0.582331525,0.589969658,0.596846859
CML218,CS,2011,WS,CS11_WS,69.5,70.5,181.65,69.85,1175.5,10.15,85.04,1736.7264052,33.1325,1175.5,89,12.5,12.5,12.6666666666667,1.29178661,1.267307983,1.244313916,1.223330605,1.201366133,1.180368723,1.166329649,1.159820423,1.157984109,1.155397397,1.130968637,1.117493969,1.101230513,1.08185925,1.042771281,1.054626482,1.068813406,1.088650489,1.075124036,1.065867541,1.058125484,1.048334843,1.040089555,1.035547588,1.033778847,1.034948176,1.040881179,1.051827891,1.068095925,1.089390906,1.109837558,1.137571552,1.122105104,1.102127107,1.080158389,1.063723385,1.04486117,1.023506016,1.003545071,0.977381378,0.954447419,0.937043674,0.915439471,0.889881114,0.873395578,0.855575623,0.865263046,0.884366236,0.877174275,0.828591298,0.848720194,0.880831802,0.899305329,0.920029046,0.93176056,0.923287486,0.905502035,0.887684077,0.86186283,0.824274085,0.778244125,0.753168337,0.730186129,0.704879262,0.677951274,0.645643477,0.599088547,0.563308908,0.57479948,0.623088665,0.614915235,0.601365577,0.587652054,0.57320544,0.561311026,0.547347978,0.532307377,0.515978859,0.499679429,0.488091608,0.486199308,0.486857243,0.489498715,0.493282974,0.496974419,0.501140571,0.5065639,0.511099756,0.51554273,0.522333671,0.53039276,0.538173349,0.544959793,0.552324292,0.560826356,0.570127129,0.578545268,0.586652676,0.594112292,0.600874289
CML228,CS,2011,WS,CS11_WS,71,73,190.5,74.9,1537.5,11.25,82.64,2271.55835625,42.2825,1537.5,100,5,7.5,13.6666666666667,1.282407666,1.258296714,1.235202947,1.213887829,1.191652034,1.170052658,1.155430836,1.148460761,1.146610567,1.144663111,1.120786856,1.106306119,1.089308652,1.069136127,1.030188565,1.043109373,1.058043393,1.078150992,1.06457629,1.055109827,1.04710972,1.036926091,1.028265661,1.023494167,1.021611625,1.022720212,1.028734632,1.040035992,1.056856693,1.078612522,1.099482647,1.127789102,1.110744532,1.090128701,1.067508235,1.050962301,1.031667458,1.009775558,0.989654525,0.962849372,0.939667584,0.921954643,0.900046754,0.874007723,0.857062203,0.839095802,0.848743248,0.868217744,0.860976663,0.812446745,0.832340527,0.864627534,0.88365105,0.904976429,0.917179671,0.908542886,0.890454593,0.872401029,0.846328486,0.808669741,0.762695498,0.737493144,0.714450414,0.688998955,0.662174909,0.630353576,0.584290886,0.548454731,0.559553373,0.60616491,0.598334077,0.585146183,0.571557471,0.557236316,0.54551618,0.531768968,0.516815252,0.500601755,0.484314195,0.47277539,0.470937132,0.471530814,0.474217995,0.477958534,0.481662247,0.485769388,0.491234584,0.495786294,0.500223931,0.50716863,0.515287832,0.523178186,0.530087107,0.537701824,0.546380002,0.556061725,0.564720256,0.573170202,0.581001674,0.588019765
CML238,CS,2011,WS,CS11_WS,70.5,71,182.85,64.75,404,10.1,85.8,596.88427705,11.3465,404,96.5,7.5,2.5,14.6666666666667,1.276740198,1.252544058,1.229581485,1.208736424,1.186809745,1.165653247,1.151435566,1.144882687,1.143040271,1.14111929,1.117882988,1.104452528,1.088089187,1.068719397,1.031174878,1.043791628,1.058371524,1.077845392,1.064506412,1.055328648,1.047438066,1.037489246,1.028960314,1.024322316,1.022342013,1.023248466,1.028831054,1.03957418,1.055631968,1.076546576,1.096679934,1.124400948,1.108493353,1.08841748,1.066550063,1.050400452,1.031739342,1.010561799,0.991159012,0.96539591,0.94315662,0.926210964,0.905384169,0.880562737,0.864503747,0.847470517,0.85705306,0.875951691,0.870163342,0.82244117,0.840228998,0.870696003,0.889697658,0.911049624,0.92315876,0.914859008,0.897300043,0.879929985,0.854831053,0.818477958,0.77399882,0.749637166,0.727283653,0.7023258,0.675933283,0.644566093,0.598814682,0.563722064,0.575103717,0.62073665,0.612999983,0.599806053,0.586410497,0.572141169,0.560459911,0.546774371,0.53201495,0.515850066,0.499572806,0.487981905,0.486093737,0.486602568,0.489087033,0.492611432,0.496165737,0.5000845,0.505396493,0.509840521,0.514162497,0.521003846,0.529116565,0.537005455,0.543825347,0.551385906,0.560024201,0.569698803,0.578367422,0.586724682,0.5944564,0.601443192
CML281,CS,2011,WS,CS11_WS,73,73.5,198.1,88.9,1285.5,10.05,89.425,1899.2444013,36.067,1285.5,100,12.5,7.5,13.6666666666667,1.303377112,1.2764732,1.250632972,1.226801936,1.201632408,1.177406259,1.161059675,1.153895505,1.152664915,1.151535323,1.124704478,1.109363601,1.090749601,1.06830855,1.024825526,1.039576997,1.056727587,1.080458003,1.065089858,1.054228969,1.044991292,1.03321378,1.023103795,1.017514681,1.015078312,1.01609477,1.022554147,1.035057318,1.053875742,1.078328456,1.10185197,1.133992886,1.115789341,1.09284796,1.067752166,1.049063927,1.027753027,1.003672171,0.981612636,0.952823943,0.92807978,0.909539836,0.886960119,0.860480307,0.843413003,0.825798172,0.835475801,0.854524428,0.847451706,0.799763043,0.818671665,0.851682895,0.871874737,0.894791353,0.907872451,0.898937689,0.879972909,0.861351006,0.834736784,0.796977627,0.751963229,0.727735039,0.705586105,0.681290279,0.656078921,0.626085193,0.582325371,0.548217773,0.558956324,0.602946545,0.59575056,0.58357194,0.570955367,0.557500693,0.546375482,0.533278366,0.518903735,0.503383064,0.487709557,0.476382944,0.474494732,0.475154332,0.477813779,0.481629078,0.48521506,0.489330152,0.494730159,0.499229026,0.503590768,0.510360978,0.518288167,0.526055352,0.532808218,0.540297217,0.548682749,0.558089437,0.566650157,0.574785627,0.582444125,0.589238179
CML314,CS,2011,WS,CS11_WS,69.5,71,181.65,71.15,1108.5,9.45,75.605,1637.7381715,31.353,1108.5,96.5,3.5,17.5,14.3333333333333,1.297541304,1.272454671,1.24758023,1.224263342,1.199434234,1.175013669,1.157470515,1.149292044,1.147729405,1.147115345,1.1224572,1.103774546,1.081839061,1.055919961,1.013849719,1.03212385,1.050404339,1.070613824,1.056192316,1.045154464,1.0349791,1.021804351,1.010539206,1.004365324,1.001864267,1.003079506,1.010277532,1.024114675,1.044504736,1.069978309,1.093847689,1.126540016,1.105009562,1.080514966,1.053604466,1.033415314,1.010189485,0.984224665,0.959540276,0.92759585,0.899519784,0.878548234,0.852705486,0.822897623,0.804236324,0.784076351,0.795679504,0.818859929,0.814243054,0.75647476,0.778670253,0.817220898,0.841064465,0.866164837,0.879586805,0.868523672,0.846498301,0.825108342,0.795059456,0.753058347,0.703850731,0.677839937,0.654605379,0.62908655,0.602625909,0.571933322,0.52874935,0.496352314,0.506836204,0.550884755,0.544502098,0.532330642,0.519921835,0.506917926,0.496205229,0.483928369,0.470679544,0.456358088,0.441924803,0.431590224,0.429986089,0.430699609,0.433314828,0.436865391,0.44045328,0.444391108,0.449622732,0.453976851,0.458201554,0.464772562,0.472582736,0.48013017,0.486649453,0.49384345,0.502015352,0.511210312,0.519397307,0.527441054,0.53482205,0.541611745
CML316,CS,2011,WS,CS11_WS,71,72.5,189.25,76.2,543,10.045,74.285,802.52125235,15.26,543.185,87.5,10,22.5,14.3333333333333,1.32201236,1.296383363,1.272373854,1.250249697,1.227085458,1.204540166,1.189342583,1.182399847,1.180513638,1.178094552,1.152304256,1.13752052,1.119692724,1.098426248,1.057165578,1.070614184,1.086397874,1.108644367,1.093902945,1.083705652,1.075077072,1.064253763,1.055010812,1.049854615,1.047667804,1.048759564,1.054978813,1.06681068,1.084359976,1.107347238,1.129274402,1.158870083,1.141756371,1.120321643,1.096864228,1.079119138,1.058837947,1.035976027,1.014440483,0.986384151,0.961763136,0.943252806,0.920283923,0.893219744,0.875821385,0.857123244,0.867360218,0.887492287,0.879103379,0.828827377,0.850298807,0.884639875,0.904150051,0.926462121,0.938940841,0.92972329,0.910542302,0.891358795,0.863789213,0.823999442,0.775960211,0.749964208,0.726084618,0.700005773,0.672652297,0.639863292,0.592325847,0.555657763,0.567203337,0.615674777,0.607147851,0.593563288,0.579778517,0.565191386,0.553159802,0.538876251,0.523569484,0.507002372,0.490571468,0.478846008,0.476892476,0.477519596,0.480176979,0.48392787,0.487698386,0.491784684,0.497258612,0.501731955,0.506188646,0.512916632,0.520915508,0.528609563,0.535306696,0.542695937,0.550989376,0.560286978,0.56862943,0.576686866,0.584078876,0.590826662
CML322,CS,2011,WS,CS11_WS,68.5,69.5,185.4,74.9,1406,10.35,73.02,2077.275479,39.456,1406,98,15,17.5,14.3333333333333,1.291854269,1.266344677,1.241673885,1.219104008,1.195228728,1.172187156,1.156482558,1.149247792,1.147601248,1.145847638,1.120653677,1.104850574,1.085991535,1.063708785,1.022348116,1.037208373,1.053655503,1.075239736,1.060935939,1.050543348,1.041529089,1.030020966,1.020278268,1.014986077,1.01276495,1.013899314,1.020326074,1.03260178,1.050866783,1.074385849,1.096910491,1.127561331,1.109294025,1.086863085,1.062275968,1.044257663,1.023248061,0.999456473,0.977645237,0.948684194,0.923789299,0.904896363,0.881793431,0.854459255,0.836817514,0.818470944,0.828581483,0.849106961,0.843293032,0.790996595,0.810710432,0.84467427,0.865392989,0.888429879,0.901166409,0.89169156,0.872364567,0.853220171,0.825914707,0.786981224,0.740102604,0.714838835,0.692119554,0.666581579,0.640023514,0.60870864,0.564053089,0.529597862,0.540562782,0.586260874,0.578600212,0.565697116,0.552849731,0.539161283,0.527710908,0.514343018,0.499918149,0.484423556,0.468839051,0.457900182,0.456049638,0.456685263,0.459111585,0.462614976,0.46608476,0.470046885,0.475215581,0.479541608,0.483869223,0.490511748,0.498304198,0.505884105,0.512501577,0.519815374,0.528034022,0.53725798,0.545659655,0.553733023,0.561154939,0.568070447
CML323,CS,2011,WS,CS11_WS,68.5,69.5,186.7,68.6,1759,9.9,90.99,2598.8105035,49.4735,1759,94,3.5,20,14.3333333333333,1.303503288,1.278884219,1.254963593,1.232889235,1.209522632,1.186714217,1.170828362,1.163373247,1.161705043,1.160157527,1.135633342,1.119430612,1.100245849,1.07751531,1.036812732,1.052343253,1.069051071,1.090019516,1.075585047,1.065282154,1.056175187,1.044632115,1.034691277,1.029294678,1.027012753,1.028105834,1.034642153,1.047083254,1.065509092,1.089154648,1.111559043,1.14180922,1.122714996,1.100298972,1.075702631,1.057440721,1.036277442,1.012333539,0.990061501,0.960657128,0.935086121,0.915816979,0.89198986,0.864025035,0.846055014,0.827042119,0.837913005,0.859408149,0.853036391,0.799673225,0.821391613,0.856908338,0.877899523,0.901225384,0.914087166,0.904299933,0.88404416,0.864081592,0.835622972,0.795140336,0.746806388,0.720841626,0.697440902,0.671538656,0.644505685,0.612666746,0.567186412,0.532429164,0.543536715,0.590034845,0.582402043,0.569341312,0.556109966,0.54215537,0.530642225,0.517287805,0.502858093,0.487259491,0.47166814,0.460687888,0.458933359,0.459618142,0.462193364,0.46589333,0.469480437,0.473470802,0.4788074,0.483191681,0.487542044,0.494204762,0.502045377,0.509672894,0.516279716,0.52359367,0.53186117,0.541075293,0.549417834,0.557394839,0.564751545,0.571634206
CML328,CS,2011,WS,CS11_WS,67,68,157.5,63.5,574,8.7,68.67,848.048453,16.362,574,95,15,10,14.6666666666667,1.297121948,1.271896345,1.247538907,1.225280731,1.201961239,1.179334055,1.164155715,1.157307638,1.155662249,1.15468574,1.131011074,1.117108065,1.099805286,1.078867926,1.038940555,1.053519282,1.070066424,1.091590111,1.076547816,1.06614352,1.057288279,1.046062512,1.036302458,1.03075205,1.028124574,1.028713748,1.034311171,1.045421574,1.062236616,1.084285511,1.105457065,1.134380675,1.116289522,1.094819898,1.071392331,1.05427322,1.034344003,1.011901737,0.991296095,0.964087451,0.940765724,0.923030796,0.90125141,0.875521532,0.858946144,0.841685838,0.852521047,0.873667895,0.868980777,0.817563247,0.835036387,0.866682353,0.887207352,0.91089327,0.924208737,0.914830855,0.895363639,0.876350071,0.84924879,0.810664026,0.764294149,0.739177509,0.716570784,0.691233134,0.664683493,0.633040419,0.58780677,0.554216197,0.566498745,0.610529253,0.602251687,0.589165245,0.576035004,0.562163449,0.55075606,0.537553732,0.523272008,0.507824569,0.492426437,0.481347096,0.479622262,0.480179898,0.482449657,0.48558283,0.488817877,0.492448128,0.497345576,0.501514258,0.505702858,0.512212391,0.520034506,0.527790404,0.534588015,0.542115208,0.55087641,0.56059342,0.569441471,0.578126272,0.585777025,0.593034407
CML331,CS,2011,WS,CS11_WS,71,74.5,213.35,83.8,1910,11.2,106.335,2821.903389,52.94,1910,96.5,2.5,30,13.6666666666667,1.310511235,1.282777738,1.255944073,1.230973646,1.20442768,1.178561722,1.160728079,1.152697696,1.151381931,1.150924444,1.123261353,1.106145454,1.085479004,1.060724759,1.015611266,1.033027593,1.052163031,1.077725359,1.061351341,1.049697127,1.03957247,1.026692199,1.015691765,1.009634131,1.007003509,1.008147571,1.015252945,1.028944213,1.049485342,1.075926658,1.101181999,1.135557915,1.115422922,1.090489135,1.063397215,1.042931468,1.019637337,0.993403252,0.968997149,0.937309064,0.90985567,0.889415501,0.864359445,0.83527629,0.816747881,0.797571441,0.808254449,0.830040107,0.823171276,0.770807681,0.791489011,0.827950333,0.851080191,0.876764091,0.891366038,0.881465415,0.860343016,0.839743259,0.810530565,0.769535053,0.721396435,0.695761124,0.672617262,0.647459197,0.62195184,0.592115798,0.549486745,0.517067414,0.527835211,0.569382604,0.562745514,0.551130294,0.53927335,0.526610829,0.516118311,0.503888255,0.490515791,0.476210535,0.461865057,0.451519075,0.44997905,0.450707854,0.45329863,0.456806587,0.460283977,0.464205006,0.469328908,0.473634108,0.477829201,0.484387546,0.492177102,0.499794886,0.506501995,0.513874025,0.522313759,0.531698479,0.540308439,0.548626992,0.556271951,0.563282748
CML341,CS,2011,WS,CS11_WS,72.5,73,156.25,68.6,653.5,10.35,79.28,965.5046413,18.192,653.5,98,7.5,5,14,1.27217916,1.244382125,1.217470586,1.19289477,1.166944041,1.141897949,1.125105533,1.118023046,1.116933109,1.116220533,1.089114619,1.073636761,1.054446633,1.031376129,0.986447716,1.002252191,1.02072534,1.046729473,1.030122671,1.018632362,1.008865543,0.996522627,0.985867229,0.979966524,0.977364329,0.978291415,0.984944385,0.997855723,1.017201345,1.042615303,1.067028958,1.100429378,1.081509763,1.057599,1.031503247,1.011997957,0.989919462,0.965145904,0.942404391,0.91294479,0.887821828,0.869126528,0.846449173,0.820137212,0.803549253,0.786220743,0.795849777,0.815205835,0.808739547,0.760715489,0.77896181,0.811960791,0.832084831,0.855638932,0.86933506,0.859691592,0.83990973,0.820605807,0.793540537,0.755711312,0.711489159,0.688031766,0.667051431,0.64375715,0.61979889,0.591404703,0.550480575,0.518869166,0.528755545,0.570521623,0.56386639,0.552522116,0.541084217,0.528758093,0.518300055,0.506128975,0.492811335,0.478586465,0.464221461,0.453782591,0.452098552,0.452785739,0.455293024,0.458914568,0.462435571,0.466334824,0.471496007,0.475781319,0.480015522,0.486438212,0.494029664,0.501406539,0.507806033,0.514929333,0.522874412,0.531751604,0.539777883,0.547628512,0.554870824,0.561476417
CML343,CS,2011,WS,CS11_WS,74,78.5,182.9,72.35,270.5,9.895,68.52,399.6465271,7.6155,270.5,99,2,10,12,1.279883875,1.254128229,1.229467295,1.206710854,1.182773768,1.159601984,1.143921567,1.136827331,1.135210013,1.133868851,1.108530375,1.093124238,1.074419711,1.052358216,1.01104005,1.025680893,1.042345992,1.064560601,1.049658477,1.039218811,1.030265314,1.018904317,1.009130305,1.003712628,1.001363836,1.002374206,1.008653284,1.020784686,1.038919183,1.062426193,1.085045131,1.115755328,1.097436481,1.075116348,1.050751985,1.032780986,1.011995563,0.98853114,0.966927514,0.938376389,0.913826702,0.895265615,0.872507118,0.845753328,0.828553963,0.810638574,0.820974584,0.841130253,0.834269689,0.784795271,0.805197437,0.839062553,0.859066344,0.881743314,0.894521355,0.885268698,0.866026232,0.846956787,0.819810551,0.781208965,0.735305631,0.710714992,0.68844366,0.663981231,0.638501094,0.608490348,0.565157842,0.531971982,0.542609841,0.586887356,0.579657385,0.567319075,0.554816793,0.541597493,0.530654334,0.517916937,0.504027878,0.489140851,0.474157262,0.463439929,0.461726024,0.462481422,0.46515333,0.468868062,0.472393233,0.476481334,0.481853659,0.486143365,0.490485542,0.497159141,0.505039893,0.512667489,0.519270156,0.52654505,0.534820286,0.544141546,0.552449443,0.560487435,0.568025541,0.574912217
CML348,CS,2011,WS,CS11_WS,66.5,69,190.5,80,1770.5,10.05,85.115,2615.8010215,49.577,1770.5,97.5,5,20,12,1.289732925,1.263206628,1.237718464,1.214424909,1.189762576,1.166090113,1.150187809,1.143173401,1.141651389,1.140377637,1.11409741,1.098976993,1.080770855,1.058940177,1.015535806,1.030021565,1.047000912,1.071158124,1.055942158,1.045322974,1.036328747,1.024918258,1.015117024,1.009766921,1.007459678,1.008514883,1.01503582,1.027450248,1.046007824,1.070307048,1.093690277,1.125725885,1.108272484,1.085602451,1.060757042,1.042362343,1.021116318,0.997162763,0.975113998,0.946197706,0.921316589,0.902649251,0.879706144,0.852816309,0.835449849,0.81737079,0.827201128,0.84692466,0.839665664,0.790464653,0.809725237,0.842941499,0.862979022,0.886009766,0.899506412,0.890663468,0.871536356,0.852662336,0.825499743,0.786854646,0.740480578,0.715564691,0.692818939,0.667725977,0.641637786,0.610771842,0.566192453,0.531722078,0.54255322,0.587373829,0.579577499,0.566976185,0.554237111,0.540730614,0.52945915,0.51613288,0.501742007,0.486190678,0.470733832,0.459702872,0.457944184,0.45854903,0.461053102,0.464621331,0.468114655,0.472063069,0.477353867,0.481713053,0.485963366,0.492684342,0.500460322,0.508116164,0.514796647,0.522138005,0.530484156,0.53979354,0.548217329,0.556318853,0.563876109,0.570785669
CML366,CS,2011,WS,CS11_WS,70,70,176.55,68.55,1029,9.85,91.15,1520.28198265,28.9155,1029,96.5,6,10,14,1.30224906,1.273698012,1.246441958,1.221363631,1.195063585,1.169623237,1.152743718,1.145459514,1.144359556,1.143738806,1.116235463,1.100755658,1.082085796,1.05947346,1.014670777,1.030519586,1.049040301,1.075530268,1.058728046,1.047041413,1.037235736,1.024850816,1.014104981,1.00797296,1.005119367,1.005754566,1.012038133,1.024547324,1.043497349,1.068546957,1.092743215,1.126088468,1.107530553,1.08381821,1.057845008,1.038442011,1.016374301,0.991921485,0.969071143,0.939744084,0.914494103,0.895783164,0.872862576,0.846344376,0.829625531,0.811870748,0.822129818,0.842920597,0.837253601,0.787740077,0.804856825,0.837761173,0.859775281,0.885189425,0.899911386,0.890722962,0.870744967,0.851185446,0.823535488,0.784566152,0.738667873,0.714131505,0.691917087,0.667718458,0.642628147,0.612840573,0.570187265,0.538524921,0.550472479,0.590828222,0.583553637,0.571839917,0.559974869,0.547287276,0.536811068,0.524475021,0.511062199,0.496690281,0.482349538,0.472005616,0.470441548,0.471133188,0.473464948,0.476712326,0.479864837,0.483391726,0.488315072,0.492388546,0.496479459,0.502915253,0.510597189,0.518142761,0.524882093,0.532402222,0.540972813,0.550613548,0.559393769,0.567935127,0.575639227,0.582750443
CML376,CS,2011,WS,CS11_WS,72,72.5,189.25,80,1031,11.15,91.725,1523.2368555,28.5985,1031,98,6,12.5,12.3333333333333,1.334138669,1.307326453,1.281926864,1.258778543,1.234826,1.211842716,1.197184627,1.190950583,1.189132089,1.187176065,1.161188647,1.148377352,1.132830059,1.113506606,1.070339885,1.081604825,1.096290144,1.11827634,1.103970611,1.094198126,1.086137646,1.076083093,1.067358618,1.062582008,1.060550317,1.061486539,1.067268752,1.078289261,1.094953885,1.117125487,1.138816448,1.168634362,1.15283807,1.131814123,1.108848772,1.091855433,1.072546913,1.050873343,1.030930445,1.005059073,0.982922833,0.966117575,0.945543502,0.921144217,0.905321194,0.888503704,0.897172758,0.914667328,0.907350812,0.862329439,0.878547555,0.907405825,0.925241942,0.946060423,0.958395052,0.950523238,0.933639099,0.916751484,0.892233231,0.856544225,0.812790644,0.78861379,0.766588709,0.741779525,0.715705758,0.68413555,0.637935457,0.60177434,0.61295994,0.658935819,0.650900495,0.637564803,0.623843857,0.609187786,0.597137689,0.582890384,0.567442956,0.550534503,0.533361329,0.520918073,0.518614784,0.519000449,0.521331441,0.524735268,0.528040005,0.531911205,0.537047645,0.541277231,0.545527368,0.552144136,0.559927958,0.567593662,0.574150069,0.5815842,0.589862889,0.599115198,0.607450333,0.615501212,0.622829773,0.629511412
CML38,CS,2011,WS,CS11_WS,71,73.5,204.45,90.15,1781,9.3,77.615,2631.3141025,50.426,1781,95,5,10,15.3333333333333,1.29104993,1.264490069,1.238865988,1.215454135,1.190776787,1.166908671,1.151074174,1.143913052,1.142501846,1.141089367,1.114851234,1.099385912,1.081100151,1.059262096,1.016222244,1.03050113,1.047127831,1.070539682,1.055443573,1.044780902,1.035704287,1.024176285,1.014299768,1.008868596,1.006553485,1.007554266,1.013874088,1.025959138,1.044251025,1.068190759,1.091267637,1.1230252,1.105488707,1.082948649,1.058182319,1.039892324,1.018832751,0.995352932,0.973571117,0.945252181,0.920918579,0.902684332,0.880407887,0.854213442,0.837532259,0.819908547,0.829445831,0.848681069,0.842536871,0.793705079,0.812044375,0.84460799,0.86467995,0.887431495,0.900567249,0.891830076,0.873098414,0.854560584,0.828190594,0.790576209,0.745498232,0.721251457,0.699296179,0.674935849,0.649590534,0.619291104,0.575515374,0.541895824,0.55263151,0.597257679,0.589957935,0.577552291,0.564956813,0.551555997,0.540337517,0.527293878,0.513170948,0.497844324,0.482425369,0.47129563,0.469424075,0.46996491,0.472407512,0.475899981,0.479388663,0.483307032,0.488582159,0.492926663,0.497185558,0.503845053,0.51166242,0.519229087,0.525906562,0.53305137,0.541283709,0.550425846,0.558671847,0.566686908,0.574106924,0.580742507
CML423,CS,2011,WS,CS11_WS,65.5,69,176.55,63.5,1496,9.7,85.155,2210.2447485,42.1895,1496,96.5,3.5,7.5,13.3333333333333,1.271277387,1.243641593,1.216134183,1.190405226,1.162963294,1.136225468,1.117229546,1.108661978,1.107809384,1.108759267,1.082128473,1.063040692,1.040205856,1.013458456,0.968849417,0.98866492,1.009392025,1.035012532,1.017657343,1.005177525,0.994006307,0.9796987,0.967309718,0.960346516,0.957188068,0.9580283,0.965206221,0.979491785,1.000829261,1.02819779,1.054059477,1.089430838,1.066083404,1.039779165,1.011138765,0.989998393,0.965747188,0.93882661,0.913762249,0.881434491,0.853662135,0.833017185,0.807895204,0.779095891,0.760991234,0.742009623,0.753176502,0.775872816,0.77062915,0.717031628,0.738356164,0.775964613,0.799060348,0.824852721,0.839310789,0.828065447,0.805581253,0.783848918,0.753818863,0.712582104,0.665292458,0.640597031,0.618805312,0.594915384,0.570681222,0.542130841,0.501975322,0.471877769,0.482198528,0.522048763,0.516029126,0.505078417,0.493866305,0.482051023,0.472178105,0.460721387,0.448399042,0.435138665,0.421788101,0.412330895,0.411012288,0.411760658,0.414352577,0.417891488,0.421340752,0.42509272,0.430181094,0.434344226,0.438502101,0.444854237,0.452421864,0.459802322,0.466093489,0.473228238,0.481184456,0.490201964,0.498439628,0.506488981,0.513871966,0.520666468
CML450,CS,2011,WS,CS11_WS,71.5,75,199.4,74.9,1025,11.2,70.065,1514.3722375,28.3845,1025,99,12.5,12.5,15,1.290730358,1.264745945,1.239261565,1.215569622,1.190472346,1.166068335,1.149145823,1.14134785,1.139840899,1.138925297,1.113397217,1.096063083,1.075644982,1.051611379,1.009149576,1.025480651,1.043165572,1.06538189,1.050279354,1.0393754,1.029825247,1.017615931,1.007140852,1.001382646,0.998884371,0.999931726,1.006689047,1.019655747,1.039069154,1.064000574,1.087811814,1.12041966,1.100825054,1.077079114,1.051199621,1.031851848,1.009786461,0.985007948,0.961889061,0.931829467,0.905699253,0.88617903,0.862203134,0.834223012,0.816623649,0.797721124,0.808131522,0.829273452,0.823247201,0.770689468,0.791455718,0.826857384,0.848373656,0.872178805,0.885495356,0.875803288,0.855693376,0.835871382,0.807829736,0.76834876,0.721674004,0.696647999,0.674189563,0.649550694,0.623774981,0.593670084,0.550522356,0.517586383,0.528052841,0.571603519,0.564804891,0.552586106,0.54014185,0.526998888,0.516125455,0.503511137,0.489822102,0.475061595,0.460075652,0.449463205,0.44774266,0.448431979,0.450968484,0.454564221,0.458048617,0.4619376,0.46724975,0.471619829,0.475907716,0.482619386,0.49044804,0.49807152,0.504736712,0.512114145,0.520428982,0.52973405,0.538033329,0.546413616,0.553909908,0.560822967
CML479,CS,2011,WS,CS11_WS,69.5,71,200.65,64.75,1025,10.55,73.615,1514.372238,28.63,1025,94,7.5,7.5,13.6666666666667,1.284816883,1.259608835,1.23490652,1.212057631,1.1878709,1.164302195,1.147971638,1.140425832,1.138850413,1.137737831,1.113331894,1.096055125,1.075992833,1.052929916,1.011907264,1.027416495,1.044655541,1.066580507,1.05137122,1.040614682,1.031301857,1.019474809,1.009332164,1.003659437,1.001263338,1.002142916,1.008367523,1.020590832,1.038855784,1.062589987,1.085317515,1.116141954,1.096522696,1.073737778,1.048995024,1.030870546,1.009965833,0.986443384,0.964903833,0.93658304,0.912450599,0.894232102,0.87199646,0.845883744,0.829079246,0.811594504,0.821436439,0.841268127,0.835553959,0.785015968,0.803960845,0.836648438,0.856235756,0.878500914,0.891179219,0.881949813,0.862888886,0.844136471,0.817713339,0.78029659,0.735571695,0.711551701,0.689882254,0.665498444,0.639978897,0.609824855,0.566400205,0.532635365,0.543370678,0.588266197,0.580542162,0.567914886,0.555247139,0.541905379,0.530672609,0.517564794,0.503205472,0.487779711,0.472298875,0.461286027,0.45954703,0.460179186,0.462677884,0.466268103,0.469738536,0.47372431,0.478934141,0.483285566,0.487635286,0.494188946,0.502034857,0.509561938,0.516136876,0.52347434,0.531758565,0.540911735,0.549234668,0.55734686,0.564798399,0.571725812
CML50,CS,2011,WS,CS11_WS,71,71,201.95,92.7,1617,10.15,71.005,2389.0145445,45.345,1617,99,3.5,17.5,15.3333333333333,1.299544208,1.274114788,1.249043126,1.225912711,1.20123352,1.177316254,1.160810201,1.153246983,1.151740417,1.151078512,1.125940991,1.108877001,1.088932115,1.065365397,1.022863607,1.039184049,1.056880746,1.079267762,1.064416043,1.053652863,1.044215648,1.032019753,1.021600978,1.015859186,1.013414717,1.01455697,1.021361917,1.034490467,1.053932479,1.078911842,1.102557511,1.134991057,1.115646477,1.092020951,1.066070138,1.046923748,1.024719371,0.999754412,0.97650021,0.945978622,0.91946248,0.899559667,0.875088447,0.846431901,0.828248159,0.808919154,0.820074246,0.842176474,0.83632233,0.78214701,0.803812985,0.840392454,0.862511305,0.886801538,0.900357936,0.890377992,0.86959341,0.849152511,0.820102011,0.778969815,0.730190279,0.704060794,0.680548207,0.654686537,0.627810624,0.596192223,0.551107019,0.516853773,0.527819806,0.573472743,0.56619053,0.553369259,0.540332608,0.526637479,0.515315854,0.502174528,0.4880047,0.472752705,0.457385245,0.446437606,0.444654453,0.445339782,0.447888196,0.451473012,0.454975981,0.459021104,0.464248086,0.468688093,0.473011704,0.479730238,0.487653164,0.495329709,0.50199655,0.509378262,0.517790294,0.527189348,0.535641096,0.543835546,0.55142182,0.558390117
CML69,CS,2011,WS,CS11_WS,70.5,75,194.3,76.2,920,10.75,77.155,1359.241423,25.689,920,95,5,10,13,1.298546143,1.272780606,1.247903941,1.22511194,1.200990885,1.177739969,1.161753346,1.154438537,1.152646645,1.151126114,1.126100433,1.110308506,1.091782737,1.06991201,1.028854143,1.043133664,1.059457338,1.08118553,1.066698749,1.056535451,1.047761774,1.03667443,1.027199187,1.02201256,1.019874401,1.021035604,1.027345863,1.039441076,1.057444109,1.080837346,1.103307729,1.134018475,1.115477792,1.093197674,1.068966129,1.050883188,1.030303048,1.007185053,0.985750929,0.957843493,0.933624001,0.915398752,0.892914718,0.866649717,0.849813136,0.831695534,0.841489526,0.861262668,0.854705452,0.805827859,0.825690767,0.858620276,0.878348226,0.900610099,0.913349195,0.904348869,0.885484991,0.866964882,0.840428765,0.802415313,0.756646216,0.731822806,0.70926133,0.684447231,0.658335444,0.627303296,0.582431112,0.547716879,0.55842348,0.603728101,0.596358047,0.583450832,0.570242,0.556189683,0.544748266,0.5313308,0.516826277,0.501055333,0.485121397,0.473722115,0.471787265,0.472350457,0.474814526,0.478313666,0.481763482,0.485668792,0.49090343,0.495246111,0.499512573,0.506151882,0.513998583,0.521523045,0.528145821,0.535335286,0.543571513,0.552787226,0.561063117,0.569102557,0.57655333,0.583199791
CML91,CS,2011,WS,CS11_WS,70,72.5,177.8,59.7,1190,10.1,80.73,1758.149232,33.424,1190,96.5,12.5,17.5,13,1.253757747,1.227689873,1.202333724,1.179113297,1.154301813,1.130109995,1.113278225,1.105589776,1.104257299,1.103858124,1.078104721,1.061745962,1.041994893,1.018596919,0.976713826,0.993387689,1.011477819,1.034894579,1.018909965,1.007780558,0.998103425,0.98581103,0.975119477,0.969206821,0.966621694,0.967557613,0.974168845,0.987068011,1.00637925,1.031168018,1.054730308,1.086662518,1.06665172,1.043062885,1.017254771,0.998200863,0.976148597,0.951542007,0.928687046,0.89884902,0.873144405,0.853875884,0.830313492,0.802902881,0.785654455,0.767241341,0.777725775,0.798741069,0.792383879,0.741968363,0.762742346,0.798085626,0.819496938,0.843571703,0.857145627,0.84710749,0.826502952,0.806352459,0.778145634,0.738698152,0.69272088,0.668274167,0.646522113,0.622691889,0.598060259,0.569121789,0.52772031,0.496226088,0.506313593,0.547697752,0.541489134,0.530063987,0.518265957,0.505757533,0.49549963,0.483489606,0.470577114,0.456595236,0.442563912,0.432417546,0.430883263,0.431591225,0.434116395,0.437667346,0.441143405,0.445000938,0.450106221,0.45430328,0.458452134,0.464872199,0.472352891,0.479649684,0.485917009,0.492925289,0.500774927,0.509651667,0.517643027,0.525436156,0.532502293,0.539053068
CML92,CS,2011,WS,CS11_WS,69.5,71,199.4,83.8,805,9,69.315,1189.33624535,22.8905,805,96.5,10,12.5,14,1.254704948,1.228222287,1.202511058,1.178715729,1.153338188,1.128739356,1.111712673,1.103828056,1.102563736,1.101919175,1.075986394,1.058694139,1.038168042,1.014212061,0.972527034,0.989690394,1.007822592,1.030679776,1.015256859,1.004100456,0.99430931,0.981713178,0.971003251,0.965144514,0.96265311,0.963898578,0.970744018,0.983922142,1.003546641,1.0286101,1.052351399,1.084785889,1.064187644,1.040207378,1.014038871,0.994590279,0.972275106,0.9473965,0.924268453,0.894059147,0.868013876,0.848549276,0.824697828,0.797069366,0.779781541,0.761280957,0.771534019,0.792468183,0.787286777,0.735436004,0.755746247,0.790963488,0.812933851,0.837093244,0.850294937,0.840039427,0.81956452,0.799750121,0.771934626,0.732987111,0.687602168,0.663450229,0.641919375,0.618342227,0.593969476,0.565514696,0.525395629,0.495078976,0.50527501,0.545759088,0.539920127,0.528924043,0.51763882,0.505643404,0.495832848,0.484399653,0.472065308,0.458705355,0.445326102,0.435795106,0.434481115,0.435349521,0.437985319,0.441649034,0.445107222,0.449052594,0.454238826,0.458548105,0.462771538,0.469370068,0.47705917,0.484602325,0.491120855,0.498304003,0.506476191,0.515647377,0.523891912,0.531988479,0.539355917,0.546155446
CO255,CS,2011,WS,CS11_WS,55,60.5,123.15,36.85,534,9.395,79.325,788.9509999,15.1575,534,92.5,12.5,15,14,1.283252152,1.257246659,1.23110523,1.206217926,1.179712939,1.153884391,1.135639938,1.127143986,1.126221614,1.126637,1.101669207,1.081336821,1.058234924,1.031474952,0.98817237,1.007936484,1.027518087,1.048618495,1.033433489,1.021842025,1.010999599,0.996818701,0.984720121,0.977977139,0.975025264,0.97607726,0.983364101,0.99762648,1.018881574,1.04558814,1.070619151,1.105021919,1.081368849,1.055433169,1.027165769,1.006096468,0.982100498,0.95538727,0.930380935,0.89809898,0.870137848,0.849379341,0.824115893,0.795128591,0.777219362,0.758180183,0.769604992,0.792057753,0.788846882,0.731630814,0.752617661,0.790112564,0.813475962,0.838383705,0.851554182,0.840159834,0.818053159,0.796722341,0.767330072,0.726530241,0.679751214,0.655257327,0.633616953,0.609946125,0.585571093,0.557082138,0.516933176,0.487174013,0.497067122,0.537698134,0.53237894,0.521411996,0.510057297,0.498030846,0.488157138,0.476845288,0.464728272,0.451592863,0.438289353,0.428696358,0.427353898,0.428219107,0.43097406,0.434724228,0.438301737,0.442234337,0.447515793,0.451857006,0.456079604,0.462663778,0.470354372,0.477802068,0.484304607,0.491525101,0.499645346,0.508712884,0.516926472,0.524961056,0.532304343,0.539142196
DE2,CS,2011,WS,CS11_WS,69,71.5,182.85,67.3,666.5,9.745,79.715,984.71131335,18.827,666.5,89,6,15,14.3333333333333,1.267296847,1.241920837,1.216728332,1.19311535,1.167839475,1.143171215,1.125562929,1.117387748,1.116023239,1.115941021,1.09137039,1.072899155,1.050794423,1.025273151,0.983497524,1.001828912,1.020789532,1.042041709,1.026318154,1.014977482,1.004748151,0.991542982,0.980252175,0.974005883,0.971266287,0.972253957,0.979194663,0.992764461,1.01288265,1.038402882,1.062380148,1.094959106,1.072772303,1.048280823,1.021641353,1.001654102,0.978891311,0.953349573,0.929518914,0.898641275,0.871836678,0.851907002,0.827554301,0.799433054,0.781718584,0.76313892,0.774196904,0.79588572,0.790413251,0.737710314,0.758963328,0.795640082,0.817516045,0.841631051,0.854680974,0.843847757,0.822419695,0.801759504,0.772860398,0.732732362,0.68628598,0.661911113,0.640038295,0.61631818,0.591989672,0.563408107,0.522891744,0.492372613,0.502677064,0.544116722,0.538142113,0.526945868,0.515550679,0.50351896,0.493609551,0.482115061,0.46969453,0.45632731,0.443062239,0.43366808,0.432452446,0.433378248,0.436227631,0.440075482,0.443793181,0.447864646,0.45321676,0.457574716,0.461876542,0.468498755,0.476279943,0.483762984,0.490305791,0.497565216,0.505699787,0.51476286,0.523022927,0.531105445,0.538527551,0.545336602
E2558W,CS,2011,WS,CS11_WS,70,73,221,86.4,1754,12.4,107.39,2591.423322,47.973,1754,100,15,5,14.6666666666667,1.265610366,1.239422257,1.213763492,1.189817733,1.164293341,1.139314081,1.121977774,1.113865123,1.112393542,1.111903114,1.085829802,1.067091338,1.045566721,1.020333566,0.975910121,0.993517157,1.01248779,1.036720298,1.02071527,1.009358223,0.999356622,0.986537598,0.975535393,0.969475034,0.96692294,0.968149132,0.975390546,0.989243936,1.009825047,1.036284448,1.061479803,1.095380151,1.074447443,1.049678593,1.022527905,1.002253654,0.978941026,0.952740175,0.928285983,0.896415687,0.868826612,0.848206134,0.822939651,0.793682193,0.77523258,0.755754862,0.766839876,0.789151217,0.782824464,0.7282207,0.750053027,0.787397547,0.809750061,0.834654394,0.848710519,0.838315761,0.816890764,0.795955114,0.766458038,0.725195533,0.676951772,0.651445474,0.628901925,0.604012835,0.578406199,0.548814034,0.507313025,0.475828574,0.486008133,0.528848576,0.521925733,0.510318343,0.498769102,0.486491694,0.476178007,0.464257321,0.451379455,0.437659871,0.423964937,0.414308971,0.412940562,0.413717771,0.416435997,0.420151222,0.423708348,0.427627082,0.432882797,0.437167871,0.441348789,0.447874116,0.455533897,0.462974278,0.469481232,0.476684423,0.484639288,0.493756245,0.501987312,0.509965661,0.517419199,0.524169671
F6,CS,2011,WS,CS11_WS,73.5,75,195.6,81.3,1131,10.6,84.215,1670.9804885,31.4925,1131,96.5,3.5,15,12.6666666666667,1.295790174,1.271710463,1.248563449,1.227573563,1.205383387,1.183824901,1.16935805,1.162547455,1.160601418,1.15833446,1.134503334,1.119786015,1.102446781,1.081907664,1.042888208,1.056034216,1.070833044,1.090148003,1.076589168,1.067045767,1.058783933,1.048334463,1.039426801,1.034541541,1.032458625,1.033506961,1.039306345,1.050417008,1.067062744,1.088576711,1.109188442,1.137272325,1.119609523,1.098874357,1.076337052,1.059916085,1.040695215,1.018805775,0.998902741,0.972054747,0.949022978,0.931376535,0.909646381,0.883597379,0.866435664,0.848946743,0.858918925,0.878494966,0.872693621,0.821750038,0.841055147,0.873256531,0.892241096,0.913502012,0.925302998,0.916290802,0.898093303,0.879978612,0.853973046,0.816344893,0.770423082,0.745500583,0.722803256,0.697134157,0.670356752,0.638459063,0.592615658,0.557461362,0.568644019,0.615769656,0.607780059,0.594491622,0.581118421,0.566869855,0.555108279,0.541481909,0.52678213,0.510846269,0.494837001,0.483435056,0.481496064,0.482076095,0.484582183,0.488066542,0.491616901,0.495519032,0.500856752,0.505223611,0.509610838,0.516341294,0.524244468,0.53197322,0.538693757,0.546057697,0.554472063,0.56375986,0.572204012,0.580310585,0.587745292,0.594698467
GR3,CS,2011,WS,CS11_WS,69,69.5,179.05,77.45,1607.5,9.8,85.39,2374.978899,45.271,1607.5,96.5,6,15,13.6666666666667,1.265169802,1.239615301,1.214875745,1.19197746,1.167864998,1.144212907,1.127724491,1.120060727,1.118589633,1.117612473,1.092327089,1.074962163,1.05468213,1.031046605,0.989880507,1.006428713,1.023972784,1.046381941,1.031296148,1.020497978,1.010944695,0.998831183,0.988467613,0.982840179,0.980523311,0.981715269,0.988510222,1.001437363,1.020655869,1.045131381,1.06831376,1.099857901,1.080388997,1.057167914,1.031729208,1.012709595,0.990878175,0.966322082,0.943400364,0.913374126,0.887328151,0.86778335,0.843732601,0.815721257,0.797966311,0.779126044,0.789875061,0.811381588,0.805393848,0.752641784,0.774039659,0.809927778,0.831454744,0.855101875,0.868119121,0.857997906,0.837553719,0.817537197,0.789255063,0.749401801,0.702486144,0.677459044,0.655006079,0.630358178,0.60478785,0.574820756,0.532399642,0.50006959,0.510528296,0.553698614,0.54678977,0.534856208,0.522690116,0.509805693,0.499218643,0.486863371,0.473610997,0.459288016,0.444931159,0.434733036,0.433232753,0.433990979,0.436633453,0.440271336,0.443832938,0.447761553,0.453021825,0.457342268,0.461581936,0.46816655,0.475914394,0.483384996,0.489926647,0.49714816,0.505276478,0.514335151,0.522569542,0.530625033,0.537984354,0.544770557
GT112,CS,2011,WS,CS11_WS,72,75.5,205.75,83.85,742,11.35,90.005,1096.25775655,20.644,742,98,6,17.5,12.6666666666667,1.342556745,1.317762823,1.293882232,1.271625175,1.247884475,1.224696512,1.20867984,1.20096024,1.199054113,1.197574118,1.171762251,1.154855521,1.134932811,1.111371162,1.068892254,1.084886784,1.102347912,1.124998115,1.109803937,1.098980344,1.08959169,1.077695314,1.067423865,1.061750913,1.059309664,1.060444718,1.067318509,1.080313487,1.099569777,1.124171206,1.147411627,1.178523938,1.159286552,1.136329579,1.111107736,1.092025212,1.070013055,1.04488585,1.021242138,0.990055006,0.962362801,0.941576486,0.915697958,0.885277811,0.865683844,0.845036764,0.857021563,0.880578397,0.872521622,0.815699983,0.840287433,0.879540967,0.901984431,0.92712441,0.941185341,0.930713636,0.908945758,0.887441438,0.856607742,0.812556057,0.760264374,0.73222611,0.706760696,0.679281045,0.650849663,0.617472531,0.569899368,0.533880328,0.545471198,0.592785348,0.584772953,0.571397149,0.557739366,0.54344838,0.531815045,0.518160737,0.503432236,0.487615133,0.471994731,0.460901831,0.459160648,0.459890031,0.462584694,0.466308628,0.469959796,0.474033691,0.479420622,0.483878644,0.488267466,0.495019776,0.503001773,0.510760921,0.517448485,0.524980978,0.533427588,0.542869362,0.55141332,0.559773836,0.567542036,0.574623351
GTAT709,CS,2011,WS,CS11_WS,74,77.5,181.6,76.2,368.5,10.545,80.53,544.4352874,10.2515,368.5,98,7.5,17.5,15,1.246502145,1.22186614,1.197733655,1.175343452,1.151610965,1.128401953,1.112347298,1.104596188,1.103098403,1.10197678,1.077571308,1.060924929,1.04163839,1.018865756,0.978441867,0.994311303,1.01114298,1.031993444,1.017890225,1.007639518,0.998534566,0.986757883,0.976707767,0.971196901,0.968887186,0.970076378,0.976640805,0.989251941,1.007897841,1.03176152,1.054352861,1.085092544,1.065976792,1.043308476,1.018547581,1.000216754,0.978908084,0.95477837,0.932514203,0.902960265,0.877453389,0.858194652,0.83456172,0.806756543,0.788866418,0.770366502,0.78056094,0.801426758,0.795931019,0.743787786,0.764286337,0.799064164,0.8202598,0.843434456,0.85639929,0.846843951,0.827137502,0.807641038,0.780080654,0.741005764,0.694742696,0.669985608,0.64767059,0.623036803,0.597724102,0.568091124,0.525906186,0.493652254,0.504042589,0.546464966,0.540255527,0.528462518,0.516278043,0.503535133,0.493054776,0.480972222,0.467893723,0.453795251,0.439505585,0.429418701,0.427963074,0.428810471,0.431438987,0.435082755,0.43862403,0.442605236,0.447877225,0.452223908,0.456532773,0.463150128,0.47101197,0.478571042,0.485199767,0.49248498,0.500842486,0.510069123,0.518503477,0.526695219,0.534338834,0.541348732
GTAT823,CS,2011,WS,CS11_WS,70,70.5,186.7,59.7,1018.5,9.35,73.815,1504.76890155,28.8695,1018.5,96.5,5,17.5,16,1.268715597,1.242695119,1.216860934,1.192727681,1.166994784,1.141901559,1.124349767,1.11628154,1.11506808,1.115192858,1.089805291,1.071278924,1.049769279,1.024691467,0.981389555,0.999616947,1.018707284,1.041246971,1.02538435,1.013886976,1.003682104,0.990452336,0.979050823,0.972644896,0.969814614,0.970758879,0.977627866,0.991189369,1.011459536,1.037280601,1.061702717,1.095171459,1.073882075,1.049101172,1.022003341,1.001990141,0.978898992,0.953144871,0.929186032,0.89795266,0.871064584,0.851004947,0.82650469,0.798185601,0.780444318,0.761585885,0.772697788,0.794822465,0.789806955,0.7355632,0.756560513,0.793213702,0.815634652,0.840382509,0.854144535,0.843753806,0.822282362,0.801375576,0.772187927,0.731577769,0.684343559,0.659531639,0.637438978,0.613100095,0.587986928,0.55857859,0.517046875,0.485846871,0.496245485,0.539109102,0.532725744,0.521081855,0.509412138,0.497066495,0.486734343,0.474780944,0.461857557,0.448093884,0.434197207,0.424325201,0.422923078,0.423736993,0.426443562,0.430151785,0.433759432,0.437735349,0.443024384,0.447323914,0.451615546,0.458206536,0.465950814,0.47346363,0.480054777,0.487191006,0.495360022,0.504506327,0.512810752,0.52073437,0.528191109,0.534969573
GTCY2,CS,2011,WS,CS11_WS,81,82,198.1,81.3,2295,9.5,64.52,3390.716376,64.848,2295,98,5,10,14.6666666666667,1.286182441,1.259942622,1.234225428,1.210155235,1.184594757,1.1595615,1.142173058,1.134228842,1.133009742,1.132783331,1.106249917,1.087965079,1.066267459,1.04081672,0.996516542,1.014517978,1.033908227,1.058656479,1.041863686,1.0299488,1.019586163,1.006360136,0.994890261,0.988438254,0.985577779,0.986482388,0.993490883,1.007172343,1.027633929,1.053916662,1.078859575,1.112687757,1.09168846,1.066873314,1.039688172,1.019486353,0.996172995,0.96991482,0.945535237,0.913620464,0.886155174,0.865545372,0.840415123,0.811268407,0.792760965,0.773642222,0.785504383,0.808536054,0.802591354,0.747216764,0.769328406,0.807483193,0.830214329,0.85567807,0.869925554,0.859306533,0.837288041,0.815756101,0.785446806,0.743096735,0.693980927,0.668119012,0.645162816,0.620012356,0.594240303,0.563905241,0.521054817,0.489326348,0.500304777,0.543425054,0.536557566,0.524648193,0.51273466,0.500142667,0.489586891,0.47745788,0.464403946,0.450496323,0.436673342,0.426752868,0.425304227,0.426063743,0.428721697,0.432377783,0.435979078,0.439960566,0.445223122,0.4495713,0.453938297,0.460571106,0.468317401,0.475936374,0.482508857,0.489912161,0.498125809,0.50749232,0.515858823,0.524042279,0.531752145,0.538710736
GTP50,CS,2011,WS,CS11_WS,69.5,70,191.75,80,1367,11.5,90.25,2019.6554625,37.4535,1367,94,10,15,13.3333333333333,1.287904095,1.261831169,1.236252318,1.212313513,1.18692035,1.162152804,1.145006931,1.137142613,1.135736101,1.13543754,1.109553662,1.092081903,1.071577838,1.047218329,1.003497634,1.020772948,1.039436671,1.062770947,1.046984514,1.035669417,1.025803628,1.013106816,1.002197616,0.996167059,0.993527555,0.994603676,1.001521507,1.01501132,1.035015588,1.060725199,1.085194558,1.118461612,1.098371946,1.074131706,1.04746016,1.02735235,1.004496042,0.978928542,0.954900451,0.923784782,0.896730885,0.87662297,0.851941377,0.823334235,0.805450261,0.786235968,0.797071994,0.818934207,0.812973562,0.759375609,0.780244075,0.816578809,0.838704507,0.863672133,0.877884012,0.867711118,0.846522901,0.825724139,0.796535854,0.755562297,0.70761401,0.682171789,0.659388026,0.634735391,0.609213323,0.579283369,0.536613818,0.504478685,0.515192605,0.557527342,0.550863951,0.539071448,0.527028729,0.514272485,0.503730638,0.49152327,0.478298085,0.464104915,0.449909879,0.439761855,0.438243897,0.438957287,0.441589837,0.445182745,0.448748107,0.452638155,0.457904695,0.462251147,0.466573987,0.473204223,0.480953429,0.488521348,0.495116134,0.502484941,0.510798518,0.520044385,0.528447192,0.536683622,0.54437075,0.55132735
H105W,CS,2011,WS,CS11_WS,69.5,71.5,172.7,67.3,843.5,9.85,82.68,1246.2175435,23.753,843.5,96.5,10,42.5,14.6666666666667,1.292330129,1.266365711,1.241072548,1.217617765,1.192816836,1.168563008,1.152088784,1.144606528,1.143381992,1.143047377,1.11739041,1.101286078,1.0819219,1.058485826,1.014869426,1.031213481,1.04915558,1.071585991,1.055697467,1.044517083,1.034777939,1.022188836,1.011300263,1.005141423,1.002346024,1.00326303,1.009820749,1.022756241,1.042060972,1.066892399,1.090396387,1.122333329,1.102413777,1.078791536,1.052859517,1.033784181,1.01160716,0.986630058,0.963507015,0.933097637,0.90691125,0.887189745,0.863005512,0.834761986,0.816744415,0.797956345,0.809062631,0.830757073,0.824420668,0.772048338,0.792989049,0.82909525,0.850430345,0.87454136,0.888187946,0.878015435,0.856987487,0.836338664,0.807220812,0.766398993,0.718458636,0.692983987,0.670154712,0.645205457,0.619670477,0.589205178,0.545670391,0.513039723,0.524112781,0.567173948,0.560845434,0.548959926,0.536646581,0.523548908,0.512897197,0.500553192,0.48724033,0.472878509,0.458536138,0.448155561,0.446653401,0.447466556,0.450147829,0.453898448,0.457584299,0.461609762,0.467016738,0.471499822,0.475887931,0.482603037,0.490721067,0.498400874,0.50508756,0.512561194,0.520906451,0.530399653,0.538913892,0.547351259,0.554950994,0.561971014
H49,CS,2011,WS,CS11_WS,67.5,69.5,173.95,57.15,903.5,9.55,89.895,1334.8637234,25.553,903.5,92.5,7.5,30,15.3333333333333,1.268101751,1.242196577,1.216842359,1.193365471,1.168348362,1.143943107,1.127139307,1.119398538,1.11803312,1.117658308,1.091938559,1.074987678,1.055026053,1.031316781,0.988505835,1.005233007,1.023260399,1.046732625,1.03157183,1.020687015,1.011156429,0.998936701,0.988476451,0.982688535,0.980233158,0.981362215,0.988263997,1.001449438,1.021107024,1.046391641,1.070378951,1.103078376,1.083328726,1.059534417,1.033473256,1.014050757,0.991729766,0.966549655,0.943173247,0.912621113,0.886169098,0.866334343,0.842077293,0.81379939,0.795790904,0.776944422,0.787550996,0.808855917,0.802195509,0.750128187,0.770960377,0.806561089,0.828089455,0.852293572,0.86608484,0.856375802,0.835904614,0.815789082,0.787381975,0.747391849,0.700424344,0.675449112,0.652895296,0.62830504,0.603057282,0.57365187,0.531516383,0.499495711,0.509894457,0.552260433,0.545749929,0.534084652,0.522285642,0.509698074,0.499275492,0.487140355,0.474009566,0.459914926,0.445764372,0.435718475,0.434232451,0.435054851,0.437657138,0.441248666,0.444807527,0.448709801,0.45386579,0.458100762,0.462279277,0.468789144,0.476387991,0.483819129,0.490285095,0.497421579,0.50554538,0.514542491,0.522687302,0.530605703,0.538039932,0.54470686
H99,CS,2011,WS,CS11_WS,63,65.5,167.65,54.6,1136,10.05,82.63,1678.3676705,31.9045,1136,95,10,22.5,13,1.271310544,1.246088835,1.221670698,1.199165312,1.175376058,1.152423395,1.136857539,1.129609378,1.128393144,1.127439257,1.102570767,1.087141925,1.068896875,1.047232149,1.006793576,1.021745158,1.038248355,1.060242838,1.045555268,1.035149071,1.02614332,1.014652634,1.004795204,0.999293151,0.996932628,0.997847195,1.004036428,1.015982626,1.033853578,1.057068916,1.079279779,1.109585089,1.09157196,1.069524939,1.045356112,1.027422251,1.006853524,0.983663354,0.962298579,0.934211965,0.909982836,0.891782411,0.869426459,0.843249944,0.826536697,0.808828893,0.819017541,0.839217842,0.833253098,0.783159087,0.802073242,0.834824333,0.854957373,0.877526581,0.890154515,0.88085479,0.861768607,0.843111261,0.816470325,0.778729002,0.733621003,0.709301301,0.687280054,0.66291004,0.637328968,0.60704459,0.563513008,0.53038013,0.541389561,0.584802214,0.577475402,0.565107963,0.552561488,0.539311592,0.52833468,0.515484327,0.501587963,0.486428102,0.471316975,0.460564353,0.458910872,0.459560326,0.462110252,0.465581489,0.469030952,0.472863757,0.477996131,0.482279413,0.48651499,0.493035887,0.500803479,0.508377401,0.51502076,0.522456983,0.530746076,0.540041145,0.548439001,0.55669911,0.564261672,0.571016817
I137TN,CS,2011,WS,CS11_WS,70,71,190.5,76.2,227,10.09,83.45,335.3780468,6.372,227,90,15,15,12.6666666666667,1.257726672,1.231578445,1.205924942,1.18218972,1.15708031,1.132794562,1.115905898,1.10814854,1.106813044,1.106236427,1.081218906,1.064466275,1.044473439,1.020796235,0.979547479,0.99674458,1.014802593,1.037089237,1.021902588,1.011007217,1.001344171,0.988950954,0.978438044,0.97262014,0.970121236,0.971104965,0.977729989,0.990586152,1.00977467,1.034372291,1.057763554,1.089883266,1.069975992,1.046346079,1.02056101,1.001092535,0.978961445,0.954456812,0.931217401,0.901413723,0.875301049,0.855989893,0.83218465,0.804889493,0.787927761,0.769460206,0.780098213,0.801823203,0.797540574,0.744651062,0.763699417,0.798132687,0.820875224,0.845785097,0.859493383,0.849588513,0.82915944,0.809247658,0.781285134,0.74208515,0.696122794,0.671654896,0.64973341,0.625889838,0.600967273,0.571917352,0.53117532,0.501133133,0.512343926,0.552815251,0.546444359,0.53510151,0.523695057,0.51176212,0.501772397,0.490219525,0.477839599,0.464442712,0.451155505,0.441672546,0.440432933,0.441280295,0.443827073,0.447200793,0.450520264,0.454082687,0.458997678,0.463066763,0.467205999,0.473424813,0.480977448,0.488380163,0.494883066,0.502085823,0.510255302,0.519504047,0.527839983,0.535998884,0.543387153,0.550189377
K4,CS,2011,WS,CS11_WS,71.5,74,191.8,80,964.5,9,67.3,1424.9873395,27.403,964.5,96.5,2,12.5,13.3333333333333,1.269015104,1.242201712,1.215772914,1.191322264,1.165332391,1.139816658,1.122049062,1.113778261,1.112499306,1.112171462,1.085561309,1.066402923,1.044504037,1.019059942,0.974689807,0.992694296,1.012140811,1.037145306,1.020674736,1.008841827,0.998432528,0.985035342,0.973522829,0.967133137,0.964267903,0.965248023,0.972220154,0.985933349,1.006562819,1.033092017,1.058200179,1.092508409,1.071915838,1.046976328,1.019705672,0.99959996,0.976388984,0.950229619,0.926158521,0.894579181,0.867438659,0.847143837,0.822340468,0.793500362,0.775100006,0.756154181,0.766837169,0.78882151,0.783522839,0.72842604,0.749598724,0.786531718,0.808816447,0.833737984,0.84771101,0.837489392,0.816256498,0.795404701,0.766136852,0.725357512,0.677815087,0.652895017,0.630686002,0.60610445,0.580860508,0.551161706,0.50953742,0.478099155,0.488570943,0.532101905,0.525239091,0.513570231,0.502038454,0.489788685,0.479314177,0.467219414,0.454274508,0.440510812,0.426710468,0.416792017,0.41531254,0.416096986,0.418837407,0.422597298,0.426157826,0.43016066,0.435460657,0.439789958,0.444025466,0.450534176,0.458203179,0.46567371,0.472109225,0.47923691,0.487282394,0.496247159,0.504479133,0.512408437,0.519858392,0.526638187
Ki11,CS,2011,WS,CS11_WS,71.5,74.5,182.85,80,597,10.145,68.39,882.0294888,16.742,597,92.5,15,12.5,13.6666666666667,1.290143898,1.264707454,1.2402194,1.217980589,1.194504371,1.171899762,1.156776312,1.149873447,1.148538639,1.147512963,1.123050619,1.108598858,1.091247239,1.070298171,1.030148093,1.044394452,1.060267741,1.080824778,1.066198129,1.055957805,1.04715906,1.035996143,1.026392293,1.021046467,1.0187214,1.019667973,1.025708955,1.037466648,1.055104421,1.077989216,1.099928066,1.130159733,1.113255126,1.091552253,1.067774278,1.050137601,1.029836448,1.006856192,0.985662176,0.957765524,0.933778979,0.915604522,0.893323861,0.867173281,0.850303662,0.832919925,0.843514652,0.863589466,0.85659362,0.805054327,0.824190509,0.857812525,0.879302283,0.90152629,0.913441235,0.903232232,0.884068951,0.865316389,0.838586501,0.800548144,0.754850639,0.730307389,0.707882717,0.683110078,0.6574847,0.627089678,0.582761006,0.548444291,0.557730014,0.603217614,0.596603859,0.584131203,0.571218959,0.557410313,0.545920578,0.532585153,0.518014516,0.502082953,0.485951106,0.47416852,0.471944921,0.47228593,0.474610358,0.478099288,0.48163735,0.485624898,0.491121278,0.495609639,0.500087184,0.507082583,0.515199019,0.523034332,0.529812976,0.537265034,0.545541782,0.55467823,0.562700864,0.570446401,0.577636835,0.583931838
M14,CS,2011,WS,CS11_WS,68,69,182.9,63.5,1602,10.3,81.24,2366.8529995,44.8055,1602,96.5,6,17.5,15.3333333333333,1.257113353,1.232699316,1.209139012,1.187365919,1.164246928,1.142092713,1.126683892,1.119298989,1.117656147,1.116320985,1.093010091,1.077560196,1.058948509,1.037162338,0.999259956,1.014147254,1.030074422,1.049388551,1.035648484,1.025839788,1.017238408,1.006207273,0.996874872,0.991769054,0.989670464,0.99077022,0.996989744,1.00889287,1.026352545,1.048864547,1.070196469,1.099094664,1.079486512,1.057827728,1.03428445,1.016955669,0.997040242,0.974539447,0.953877301,0.926608224,0.903021584,0.885157933,0.863265971,0.837382514,0.82065632,0.803290748,0.813125017,0.832726074,0.827002989,0.778155561,0.798088547,0.83078398,0.850112156,0.871354829,0.882776209,0.873246807,0.854359253,0.835978729,0.809908966,0.772855907,0.728496067,0.704537862,0.682781078,0.658584001,0.633333726,0.603310534,0.560146465,0.526800031,0.537150015,0.581568079,0.574585435,0.562162033,0.549448632,0.536022552,0.524993629,0.512181254,0.498289088,0.483054182,0.467737109,0.456894424,0.455168071,0.455898485,0.458545922,0.46224849,0.465815229,0.469821443,0.475157777,0.479482925,0.483876671,0.490444451,0.498344002,0.505912689,0.512509953,0.51976474,0.528036143,0.537050749,0.545443568,0.553363808,0.560677182,0.567399951
MS153,CS,2011,WS,CS11_WS,60,62.5,172.7,67.3,1410,9,98.2,2083.185224,40.048,1410,92.5,5,22.5,17,1.25625809,1.228606892,1.201334272,1.175880664,1.148764513,1.122318713,1.103782039,1.095385181,1.094546606,1.09507906,1.067739159,1.048849665,1.02633045,1.00008411,0.954930164,0.974176634,0.994721409,1.02078717,1.003104291,0.990556214,0.979648282,0.965653103,0.953569136,0.946802716,0.943690573,0.944606391,0.951734185,0.965878465,0.987047162,1.014305938,1.040179499,1.075247737,1.052583066,1.026630037,0.998284251,0.977359726,0.953345091,0.926662714,0.901961855,0.869987015,0.842785014,0.822608626,0.798168403,0.770054108,0.752425101,0.734170312,0.745084129,0.766766738,0.760755647,0.709686809,0.730456108,0.767032128,0.789480676,0.814871836,0.829013187,0.818109608,0.796367935,0.775292195,0.746046572,0.70593785,0.660237476,0.636375943,0.61523925,0.592290415,0.56914173,0.541843845,0.503186112,0.473990524,0.484081663,0.522730397,0.516750707,0.506271292,0.495715154,0.484394884,0.474945404,0.463850421,0.451826791,0.438935779,0.426112784,0.417007145,0.415834066,0.416727408,0.419608816,0.42341752,0.426953993,0.430936145,0.436064785,0.440314494,0.4445184,0.450905563,0.458538726,0.46585702,0.472357888,0.479457774,0.487507695,0.496577918,0.504733538,0.51273614,0.520130497,0.526954344
Mo18W,CS,2011,WS,CS11_WS,71,75,200.7,83.8,1711,12,85.29,2527.89356,47.011,1711,90,10,10,16,1.277453297,1.250069469,1.223436791,1.198616282,1.172142246,1.146427878,1.128562578,1.120466561,1.119183497,1.11906505,1.091540708,1.073919197,1.052907987,1.027883431,0.982498948,1.000105754,1.019505608,1.045620978,1.028784868,1.016923281,1.006684436,0.993570654,0.982260189,0.975976907,0.973197046,0.974289485,0.981406058,0.995287864,1.015996367,1.042714,1.068168354,1.102782895,1.082366239,1.057319148,1.029952497,1.009335339,0.985891132,0.959733343,0.935164832,0.903497135,0.876017001,0.855658899,0.830650418,0.801827417,0.783778485,0.764449226,0.775180412,0.797045803,0.789766301,0.73825569,0.759621071,0.796579061,0.819047699,0.844565193,0.859282455,0.849265803,0.827947065,0.807015562,0.777596888,0.73658143,0.688904043,0.663635065,0.641078479,0.616665005,0.591673474,0.56243405,0.520692306,0.488909032,0.499380195,0.54071516,0.534132484,0.52282094,0.511270734,0.498918617,0.488727423,0.476744828,0.463749437,0.449821801,0.435902868,0.425955081,0.424480177,0.425246025,0.42792374,0.431657391,0.435169938,0.439082031,0.444337252,0.448660597,0.452909573,0.459486352,0.467200871,0.474778993,0.481337271,0.488556124,0.496797354,0.506060826,0.514451363,0.52258459,0.530108816,0.536953068
Mo24W,CS,2011,WS,CS11_WS,68,69,190.5,67.35,647.5,9.75,77.53,956.6400232,18.2335,647.5,87.5,10,22.5,16,1.252623682,1.226552143,1.201516408,1.178544797,1.154321559,1.130799898,1.114824805,1.107540958,1.106120042,1.104921471,1.079149881,1.063520995,1.044722924,1.022326146,0.980294459,0.995326865,1.012276588,1.035185713,1.019571958,1.008694106,0.999440427,0.987728673,0.977646616,0.972063608,0.96962435,0.970614551,0.976987818,0.989303059,1.007705803,1.031553234,1.054346864,1.085281948,1.066888129,1.04436026,1.019571592,1.001097745,0.979954715,0.95643361,0.934287295,0.905650814,0.880766369,0.862167195,0.839242784,0.812635104,0.796034527,0.777742664,0.787972201,0.808344811,0.80132807,0.752256113,0.773018825,0.807522527,0.827660016,0.850392225,0.8632409,0.853554918,0.833901304,0.814428822,0.78693754,0.748088637,0.702361719,0.677855112,0.655908745,0.63197939,0.606895784,0.57698757,0.534433092,0.502155447,0.512900003,0.55692085,0.549884626,0.53797176,0.525852453,0.513094662,0.502462144,0.490070414,0.476739812,0.462431082,0.448172014,0.437984271,0.436565499,0.437350302,0.440189659,0.444067431,0.447713764,0.451806927,0.457127673,0.461494413,0.465756206,0.47235373,0.480123002,0.487602762,0.494215353,0.501367381,0.509512596,0.51850276,0.526705924,0.534604409,0.541913279,0.548689979
Mo45,CS,2011,WS,CS11_WS,68.5,70,175.25,54.6,1462.5,9.5,64.995,2160.750632,41.4125,1462.5,96.5,10,7.5,13,1.258273596,1.230760018,1.203939433,1.179121305,1.152788138,1.127144608,1.10960048,1.101673373,1.10048219,1.100327939,1.073230783,1.055715238,1.0347476,1.010108049,0.96586901,0.983663168,1.003132022,1.028915997,1.011922598,0.999982799,0.989626697,0.976384992,0.96493373,0.958534409,0.955592042,0.956426088,0.96329887,0.976820958,0.997164575,1.023470572,1.048460991,1.082504918,1.061485106,1.036645608,1.009482966,0.989220502,0.966157958,0.940352254,0.916403571,0.88539902,0.858766367,0.838966306,0.814814013,0.786902311,0.769424312,0.751068251,0.761957436,0.783380593,0.777185321,0.725914127,0.746710224,0.782931854,0.805002213,0.830106819,0.84434925,0.834058056,0.812727251,0.79194586,0.762954007,0.722684569,0.676181405,0.651695353,0.629830249,0.60604792,0.581712376,0.55304243,0.512175961,0.481431933,0.491908655,0.532700058,0.526349364,0.515182472,0.503900269,0.491895642,0.481890497,0.470234608,0.457601548,0.444071696,0.430609018,0.421025246,0.419656929,0.420473458,0.423277899,0.426970908,0.430600779,0.43456452,0.43981243,0.444112464,0.448358042,0.454830675,0.462573301,0.470053829,0.476633017,0.483776061,0.49197225,0.501135182,0.50951889,0.517533736,0.525093382,0.531846446
Mo47,CS,2011,WS,CS11_WS,62.5,65.5,152.4,48.25,1620,9.75,81.75,2393.4468535,45.561,1620,95,11,5,13,1.310702572,1.286343797,1.262319644,1.239770661,1.215840595,1.19210695,1.175204331,1.167126546,1.165493313,1.16467559,1.140129772,1.121756457,1.100259875,1.075122681,1.033554969,1.051434872,1.069693834,1.090782554,1.075054785,1.063762644,1.053732915,1.040777559,1.029598737,1.023375056,1.020580298,1.021525002,1.02825775,1.041367094,1.060909823,1.085678725,1.108916443,1.140302602,1.119042367,1.09537101,1.069541236,1.049889908,1.027490564,1.002093836,0.978267894,0.947133032,0.919792724,0.899363658,0.874165124,0.844910494,0.826212963,0.806736824,0.819100473,0.84282359,0.836436026,0.779907763,0.803547377,0.842266443,0.864733206,0.889467105,0.902924392,0.892013245,0.869818892,0.848097558,0.817496539,0.774444926,0.724067729,0.69749255,0.673436671,0.647412219,0.62049732,0.588556657,0.543268818,0.50938915,0.52074264,0.566942685,0.559154708,0.546246793,0.533134952,0.519528411,0.508264789,0.495187116,0.481078154,0.465905073,0.450901595,0.44034876,0.438782064,0.439546671,0.442241416,0.446005487,0.449620834,0.453659568,0.458962119,0.463339635,0.467632856,0.474320819,0.482142624,0.489762811,0.496382992,0.503826207,0.512099962,0.521299207,0.529723268,0.537857464,0.545382458,0.552256594
Mp0496,CS,2011,WS,CS11_WS,74,76.5,193.05,92.7,1422,10.55,81.92,2100.9144604,39.4405,1422,97.5,6,5,13,1.243445034,1.217211476,1.192310374,1.169475664,1.14538635,1.122175163,1.106478307,1.099479243,1.097851823,1.096558359,1.071283072,1.056768546,1.039092258,1.017999792,0.977302627,0.991179176,1.007221817,1.029166267,1.014780561,1.004738075,0.996135415,0.985255377,0.975966522,0.970872841,0.968700283,0.969721482,0.975878413,0.987704317,1.005415733,1.028607454,1.05100022,1.08179777,1.064979716,1.043027584,1.019200048,1.001560899,0.981341045,0.958627422,0.937775329,0.910452579,0.88714848,0.869579115,0.848060878,0.822832039,0.806644445,0.78953272,0.798379697,0.816487519,0.81005194,0.764699325,0.782642036,0.813711626,0.833001631,0.854888325,0.86764708,0.859650024,0.841933645,0.824431735,0.799474606,0.763832465,0.721066138,0.697908164,0.67694837,0.653592524,0.629344958,0.600718078,0.559174804,0.526623839,0.536679437,0.579095447,0.572403904,0.560778796,0.548786722,0.535989095,0.525354423,0.512913126,0.499240001,0.484466468,0.469463649,0.458622484,0.456874287,0.457490983,0.460046899,0.463641502,0.467091136,0.470984441,0.476188042,0.480495559,0.484708478,0.491206601,0.49885118,0.506278812,0.512717477,0.519917556,0.527942037,0.536923259,0.545045529,0.552893682,0.560208773,0.566697193
Mp488,CS,2011,WS,CS11_WS,70.5,73.5,196.85,88.9,849.5,9.85,79.145,1255.08216165,23.8545,849.5,97.5,7.5,27.5,13.3333333333333,1.250245174,1.225407948,1.201260883,1.178965656,1.155190485,1.132139214,1.115918356,1.108244412,1.106633831,1.10552705,1.080797564,1.06337486,1.043153573,1.019656282,0.978452154,0.994881857,1.012533094,1.035127926,1.020080655,1.009302915,0.999909109,0.987921937,0.977545662,0.971871424,0.96948916,0.970543787,0.977220525,0.990036149,1.00904166,1.033440928,1.056517384,1.087682186,1.068490425,1.045537954,1.020278423,1.001614428,0.979866725,0.955423075,0.932527614,0.902307809,0.876186592,0.856479872,0.832205895,0.803828661,0.785943625,0.766654097,0.777592918,0.799808627,0.793446134,0.739860684,0.761940637,0.798261723,0.8197682,0.843794094,0.857135684,0.847208976,0.826706956,0.80639865,0.777716274,0.737273082,0.689499187,0.664028028,0.641437441,0.61646488,0.590487596,0.560389513,0.518122093,0.485876514,0.496034091,0.53960685,0.532420076,0.520417473,0.508489789,0.495841713,0.485369771,0.473138504,0.459998129,0.445936144,0.431980585,0.42217771,0.420702178,0.4214535,0.424011494,0.427676732,0.431100628,0.434990357,0.440115404,0.444349287,0.448496654,0.45497247,0.462473179,0.469829534,0.476248346,0.483312452,0.49131899,0.500175887,0.50835487,0.516179465,0.523643577,0.530349459
Mp705,CS,2011,WS,CS11_WS,69.5,71,180.35,67.3,1099,11.1,85.695,1623.702526,30.501,1099,98,2,15,15,1.298784283,1.272388967,1.246347442,1.22199842,1.195932393,1.170353573,1.152418127,1.144122326,1.142621769,1.142301038,1.115823255,1.097416722,1.0754393,1.04959943,1.004982328,1.022948447,1.042125056,1.066617864,1.050530677,1.038774997,1.028377306,1.014997294,1.003522821,0.997195097,0.994364215,0.995434706,1.002550604,1.016473704,1.037192644,1.063647861,1.088643002,1.122742355,1.101681936,1.076691927,1.049293315,1.028737739,1.005158237,0.978823049,0.953986288,0.921825521,0.893840182,0.872998584,0.847398332,0.81776675,0.799265096,0.779450613,0.790994995,0.814024282,0.808170341,0.752574541,0.774626789,0.812761818,0.836054344,0.861772973,0.876158246,0.865659521,0.843710188,0.822225213,0.792002292,0.749754573,0.70055036,0.67451989,0.651444797,0.626230442,0.600338432,0.570217513,0.527490094,0.495711763,0.506636329,0.549266643,0.542834729,0.531055891,0.519175048,0.506553775,0.496113092,0.484067535,0.471201023,0.457307137,0.443478069,0.433706625,0.432332598,0.433178707,0.435822732,0.439422194,0.443070149,0.446963186,0.452294679,0.456629592,0.460924013,0.467580276,0.475325485,0.482906179,0.489482592,0.496764419,0.50498438,0.514205327,0.522589038,0.530838182,0.53831513,0.545283147
Mp711,CS,2011,WS,CS11_WS,70,70.5,199.4,83.8,1539.5,10.8,80.675,2274.513229,42.863,1539.5,92.5,3.5,25,15.3333333333333,1.288981067,1.262575841,1.236609487,1.212521151,1.186703914,1.161392706,1.143691558,1.13566362,1.134460971,1.134554417,1.108549482,1.091001447,1.069764066,1.044397038,1.000681054,1.01939139,1.039057452,1.063618104,1.047308963,1.035533765,1.025053778,1.011568693,0.999859568,0.993285477,0.990297673,0.99120654,0.998175481,1.011975752,1.032552778,1.058871186,1.083722845,1.117659108,1.096937592,1.07198243,1.044528354,1.02384563,1.000193915,0.973809661,0.948857691,0.916714212,0.888620765,0.867820834,0.842191266,0.812785605,0.794409057,0.774809345,0.786453618,0.810002926,0.804701127,0.748922367,0.770170983,0.808188522,0.832234053,0.858851446,0.87376192,0.862989051,0.840551833,0.818716982,0.788173083,0.745498103,0.696072403,0.670030302,0.646681854,0.621558534,0.595566138,0.565077077,0.522130208,0.490489466,0.501654298,0.543608852,0.53705863,0.525333988,0.513428818,0.500867701,0.49047405,0.478419116,0.465420202,0.451430693,0.437545752,0.427480718,0.426011636,0.426794205,0.42933728,0.43279688,0.436243509,0.440142334,0.445317757,0.449582786,0.453860516,0.460487243,0.468331875,0.476020119,0.48273443,0.490129146,0.49854997,0.508121866,0.516659085,0.525043768,0.532814412,0.539841426
Mp714,CS,2011,WS,CS11_WS,68.5,69,165.1,67.3,1090.5,8.85,62.465,1611.144317,31.037,1090.5,96.5,10,12.5,13.6666666666667,1.254766449,1.229105239,1.20442935,1.181687734,1.157558641,1.134381293,1.118496088,1.111107621,1.109737409,1.108802446,1.083706254,1.067746205,1.048525756,1.026199239,0.985879204,1.001434418,1.01850858,1.041414403,1.02623542,1.015463692,1.006164763,0.994418616,0.984287505,0.978722594,0.976332213,0.977252097,0.983562887,0.99577655,1.013984921,1.037531329,1.059897291,1.090598096,1.072014408,1.049652636,1.025141869,1.006908079,0.985955828,0.962737985,0.940851617,0.912566971,0.887892193,0.869550648,0.846998168,0.820746404,0.804251672,0.7865329,0.7966233,0.816927971,0.811055148,0.761574934,0.781385977,0.815004824,0.83517206,0.858112717,0.870852625,0.861216559,0.84161098,0.822410664,0.795406421,0.757225099,0.71233954,0.688391039,0.666967321,0.643438708,0.619089105,0.589998069,0.548476534,0.517005466,0.527770365,0.569366576,0.562500725,0.550859732,0.538977673,0.526541309,0.516206342,0.504112085,0.491104117,0.477052413,0.463101654,0.453272137,0.451920712,0.452743898,0.455397987,0.45891474,0.462427844,0.466309116,0.471594546,0.475837272,0.48011855,0.486656674,0.494303043,0.501837556,0.508310803,0.51549231,0.523682033,0.532834186,0.541117309,0.549225871,0.556718688,0.563550169
N192,CS,2011,WS,CS11_WS,70,70,170.2,63.5,1128,9.3,81.56,1666.54818,31.943,1128,85,10,50,14.6666666666667,1.269688152,1.243735889,1.218398921,1.195153308,1.170319253,1.146099992,1.129358453,1.121487308,1.120268946,1.119829259,1.094123876,1.077404847,1.057230853,1.033523476,0.992401609,1.009531629,1.027672714,1.05086609,1.035177514,1.024029619,1.0143242,1.001883852,0.991136853,0.985197405,0.982624494,0.983680258,0.990438485,1.003497766,1.022917272,1.047785047,1.071302972,1.103194371,1.082625067,1.058992915,1.032951579,1.014011809,0.991899981,0.967133478,0.944153862,0.913872426,0.887910445,0.868269368,0.844207918,0.816132944,0.798225217,0.779449699,0.790331055,0.812048555,0.805883168,0.753844746,0.775704219,0.812011878,0.833590979,0.857497391,0.870499214,0.859974713,0.838971144,0.818529088,0.789759037,0.749604831,0.702622336,0.67756034,0.6552591,0.630695152,0.605457265,0.575658066,0.533359767,0.500985739,0.511160134,0.553736025,0.547373161,0.535540814,0.523379906,0.510400383,0.499878405,0.487595606,0.474348825,0.459963134,0.44543569,0.435011331,0.433365367,0.434042696,0.436664208,0.440234607,0.443747379,0.44768138,0.452842205,0.457133597,0.461409497,0.467909969,0.475576303,0.483029414,0.489649866,0.496620099,0.504708133,0.513776502,0.521902024,0.529817767,0.537216818,0.543881566
N28Ht,CS,2011,WS,CS11_WS,70.5,71.5,188,74.95,1108.5,10.35,79.975,1637.7381712,31.136,1108.5,98,5,17.5,15.3333333333333,1.275583766,1.248607897,1.222379547,1.198046822,1.172310012,1.147268565,1.130178589,1.122344769,1.121221977,1.120767876,1.094046449,1.076514735,1.055789093,1.03153284,0.987728754,1.004548762,1.022901719,1.04694352,1.030832571,1.019431786,1.009555761,0.996969173,0.986150754,0.980164929,0.97761623,0.978652347,0.985629507,0.998955169,1.01881611,1.044456812,1.068926504,1.102050727,1.08134521,1.057132411,1.030630648,1.011034546,0.988511405,0.963404022,0.940073944,0.90973847,0.88368261,0.864205332,0.840424267,0.812743202,0.795146511,0.776632882,0.786934975,0.807501195,0.800465717,0.750154132,0.770956855,0.806312485,0.827601332,0.851314336,0.86453717,0.854524309,0.834164614,0.814312773,0.786306393,0.747077393,0.701059917,0.676567496,0.654515005,0.630335136,0.60548047,0.576273326,0.534389683,0.502053026,0.512386906,0.554985188,0.548193744,0.536542105,0.524784611,0.51219428,0.501698615,0.489335668,0.475949328,0.461455887,0.446992689,0.436741331,0.435206872,0.435962957,0.438738558,0.442533367,0.446170116,0.450135372,0.455423763,0.459685459,0.463946902,0.470440391,0.478123497,0.485560111,0.492116513,0.499276653,0.507383233,0.516442648,0.524649943,0.532524875,0.540038216,0.54668273
N7A,CS,2011,WS,CS11_WS,67.5,68,171.45,73.7,2064.5,10.3,73.58,3050.167302,57.823,2064.5,96.5,2.5,17.5,15,1.240179524,1.214057748,1.187915008,1.163477976,1.137164907,1.111376249,1.092948567,1.084299035,1.083179382,1.083805226,1.058428341,1.039081972,1.016327388,0.989634986,0.946628764,0.966629662,0.986971807,1.010820904,0.99450706,0.982571295,0.971833983,0.957954835,0.945991997,0.939381197,0.936501554,0.93757829,0.944907313,0.959186395,0.980438924,1.007375934,1.03268718,1.067132422,1.044499728,1.018824214,0.990789086,0.970014842,0.946114175,0.91931836,0.894341722,0.861779148,0.833684783,0.81273211,0.787195628,0.757719303,0.739150732,0.719866139,0.731279317,0.754535674,0.749600555,0.695041792,0.716844579,0.755206394,0.779114382,0.805109297,0.819476953,0.808531845,0.786204394,0.764647224,0.734645321,0.693210216,0.645581774,0.620670136,0.598581572,0.57458145,0.550291681,0.522216757,0.483051223,0.453608451,0.46342587,0.502697702,0.49714266,0.486530159,0.475803647,0.464355853,0.454942919,0.443932124,0.432100693,0.419431831,0.406874053,0.397974754,0.396829338,0.397730567,0.400447747,0.404065793,0.407576069,0.411434168,0.41659669,0.420823645,0.425063619,0.431547213,0.439114963,0.446523983,0.452969593,0.460075403,0.468171158,0.477231468,0.485462156,0.493569672,0.501117034,0.507942054
NC230,CS,2011,WS,CS11_WS,73,75.5,177.8,76.2,720,10.3,85.075,1063.75415725,20.141,720,96.5,6,10,13.3333333333333,1.316578683,1.290180509,1.264379293,1.240637033,1.215392203,1.190856357,1.174294327,1.166791017,1.165254924,1.164186633,1.137112589,1.120151483,1.100238025,1.076256209,1.030398667,1.046410755,1.064483883,1.088809421,1.072501166,1.061132283,1.051361645,1.038855696,1.027989104,1.021968758,1.019201011,1.020122031,1.026850835,1.039900214,1.059583596,1.085102891,1.109531665,1.142774118,1.123842046,1.09988769,1.073580896,1.054046369,1.031486252,1.005785013,0.982250693,0.951114595,0.924356639,0.904304235,0.879739647,0.851048003,0.83254294,0.81362982,0.824541598,0.846167922,0.839537523,0.785698221,0.806457761,0.842787516,0.864653459,0.889646016,0.904053413,0.894428087,0.873609669,0.852993265,0.823676248,0.782280328,0.733441999,0.707469195,0.684182915,0.658367789,0.631984204,0.600671805,0.556180683,0.522422849,0.533936835,0.579128081,0.571490208,0.559065708,0.546590759,0.533355263,0.522203512,0.509166904,0.495100599,0.480074049,0.465116861,0.454431904,0.452757692,0.453500839,0.456174185,0.459909758,0.463527118,0.467585482,0.472948702,0.477408101,0.481780153,0.488508288,0.496517267,0.504298421,0.5110083,0.518525799,0.526928585,0.536452634,0.544983918,0.553396293,0.561204066,0.5682552
NC250,CS,2011,WS,CS11_WS,70.5,70,171.45,60.95,1065,9.2,69.71,1573.469691,30.1815,1065,98,5,27.5,13.6666666666667,1.252900577,1.227462367,1.202799881,1.180256505,1.156255909,1.133137411,1.117425248,1.110192932,1.108845159,1.107829932,1.083267407,1.067349109,1.048596549,1.026298645,0.985224599,1.000364184,1.017090193,1.038275047,1.023659191,1.013254882,1.004165708,0.992540953,0.982565532,0.977098293,0.974675097,0.975680035,0.981986642,0.994155945,1.012383828,1.035904715,1.058341398,1.088862807,1.070184807,1.047809353,1.023318019,1.005186525,0.98432535,0.960968335,0.939260958,0.910944912,0.886434194,0.868118414,0.845504185,0.819225459,0.802493116,0.784741017,0.794834152,0.814750119,0.808871751,0.759251923,0.778618282,0.811913287,0.831795611,0.85405668,0.866562997,0.857151473,0.837970545,0.819151749,0.792430349,0.754703726,0.709806804,0.685820065,0.664216388,0.640342236,0.615462315,0.586023867,0.54381244,0.511619043,0.522054807,0.565142964,0.558171022,0.546252095,0.534036808,0.521260159,0.51057458,0.498137865,0.484728132,0.470244695,0.455619393,0.445291355,0.443650943,0.444358843,0.446932661,0.450620732,0.454137717,0.458092946,0.46327582,0.467643627,0.47184217,0.47838568,0.486093993,0.493588086,0.500160071,0.507345639,0.515496812,0.524648143,0.532895134,0.540864924,0.548392446,0.555102281
NC258,CS,2011,WS,CS11_WS,73,75.5,175.25,76.2,882,9.75,71.13,1303.0988425,24.863,882,99,4.805,10,13,1.277019068,1.251039583,1.225541144,1.201930434,1.17688933,1.152507962,1.135748136,1.128178582,1.126924003,1.126601137,1.100550787,1.083801317,1.06362028,1.039837727,0.996886904,1.013446001,1.031710455,1.055714287,1.039562698,1.02823369,1.018492574,1.005957743,0.995172692,0.989196644,0.986532602,0.987487296,0.994084439,1.007039459,1.026378683,1.051368626,1.075163092,1.107766912,1.088645398,1.065123938,1.039395746,1.020266319,0.998265766,0.973521784,0.950567536,0.920524176,0.894605405,0.875195956,0.851379721,0.82359907,0.805904583,0.787343226,0.798044481,0.819127038,0.812328419,0.761279494,0.782402244,0.818058129,0.839129642,0.863001211,0.876458759,0.866828928,0.846630221,0.826694838,0.798502051,0.758771909,0.711950476,0.687021845,0.664592022,0.6400404,0.614773228,0.5849514,0.542338209,0.509836673,0.52044243,0.563307674,0.556396598,0.544584937,0.532554168,0.519760876,0.509244086,0.496893984,0.483412936,0.469030424,0.454605859,0.44438149,0.442867558,0.443651262,0.446370748,0.450085348,0.453629743,0.457594246,0.462924852,0.467290751,0.47156488,0.478159411,0.485987871,0.49357207,0.500150218,0.507471272,0.515749315,0.52505471,0.533448091,0.54168409,0.549293802,0.556280035
NC264,CS,2011,WS,CS11_WS,67.5,69,165.1,57.15,1584,10.4,75.945,2340.2591455,44.238,1584,98,12.5,22.5,14.3333333333333,1.270695751,1.246588534,1.223233459,1.201556724,1.17845663,1.155844891,1.139910569,1.132323965,1.130520371,1.129287942,1.105710083,1.088617332,1.068644965,1.045388387,1.005957067,1.022112787,1.039343973,1.060118227,1.045352968,1.034851943,1.025644061,1.01391745,1.00383207,0.998237368,0.995808163,0.996790824,1.003153747,1.015526742,1.033833494,1.057277617,1.07941727,1.109398817,1.090176307,1.067816458,1.043324492,1.025066206,1.003918697,0.980202029,0.957837891,0.928519826,0.902952522,0.883753725,0.860046895,0.832324709,0.814771997,0.795961438,0.807181771,0.829430211,0.823442681,0.769940872,0.791836336,0.827710075,0.848601342,0.872083829,0.885126714,0.874930082,0.854381864,0.834168313,0.805581091,0.765083554,0.717200667,0.691645671,0.668745556,0.643683139,0.617508863,0.586513221,0.542488372,0.509351222,0.520650926,0.565193897,0.557407399,0.544696958,0.531961821,0.518681806,0.507603466,0.494777095,0.48095029,0.466095613,0.451293714,0.440977782,0.439382114,0.440037896,0.442553373,0.44607675,0.449468247,0.453347415,0.458557371,0.462824574,0.467119677,0.473633179,0.481395185,0.488896291,0.495460945,0.502659537,0.510847542,0.520068984,0.528299403,0.536476514,0.543965373,0.550782879
NC268,CS,2011,WS,CS11_WS,74.5,76.5,175.25,74.95,344,9.495,54.92,508.2380973,9.777,344,99,2.5,32.5,13,1.221520619,1.193716137,1.166238712,1.140418226,1.112863199,1.085829158,1.066965995,1.058245509,1.057419598,1.058175308,1.030999577,1.011053036,0.987831132,0.960900246,0.915295831,0.934978588,0.955695809,0.981899931,0.964486304,0.951957403,0.940807337,0.926434264,0.914063964,0.907214271,0.904193291,0.905202687,0.912578575,0.927056146,0.948854468,0.976596949,1.003008826,1.038975231,1.016604498,0.990325266,0.96143315,0.940121945,0.91558563,0.88838981,0.86301003,0.830364636,0.802384265,0.781768,0.756744024,0.728144379,0.71042195,0.691801459,0.702258696,0.723927975,0.718931061,0.667070401,0.686943007,0.723676618,0.746711048,0.772468515,0.787007449,0.776563915,0.754918413,0.733985998,0.705025331,0.665486526,0.620640313,0.597450428,0.577281214,0.555251826,0.533409823,0.508151153,0.473155004,0.446957901,0.455827267,0.490790977,0.486254582,0.477214844,0.468056174,0.458241676,0.449967793,0.440389822,0.43009159,0.419209067,0.408290928,0.400455146,0.399506788,0.40052304,0.403329742,0.407055242,0.410571197,0.41440126,0.419395379,0.423480155,0.427506224,0.433689581,0.440973755,0.448011128,0.454112868,0.460943139,0.468620176,0.477278314,0.485024365,0.492769685,0.500098812,0.506626013
NC292,CS,2011,WS,CS11_WS,73,74.5,172.75,68.55,507,9.75,71.39,749.06021895,14.288,507,99,3.5,25,14.6666666666667,1.2591721,1.232577958,1.206737217,1.182812416,1.157577002,1.133132425,1.116501877,1.108965674,1.107838902,1.107418805,1.081550219,1.065371222,1.045848495,1.022620454,0.980003638,0.996327981,1.014211707,1.037339991,1.021530749,1.010344007,1.000625311,0.988158264,0.977429132,0.971396012,0.968717618,0.969578773,0.976046709,0.988776155,1.007792854,1.032443743,1.056020513,1.088101088,1.068329335,1.044867259,1.019164083,1.000176215,0.978334136,0.953980232,0.931381389,0.901905777,0.876524722,0.857530892,0.834269762,0.807102565,0.789995819,0.771707559,0.782068929,0.802745936,0.797004442,0.746605997,0.766663351,0.801373159,0.822441781,0.846054696,0.859425863,0.849582268,0.829375292,0.809625687,0.7818993,0.742907575,0.697221698,0.672886007,0.651072112,0.62717663,0.60251719,0.573436885,0.531879572,0.500435773,0.510997558,0.552648273,0.546635932,0.535253763,0.523493736,0.511002201,0.500808234,0.488899275,0.476118085,0.462354284,0.448441106,0.438431564,0.437041334,0.437871988,0.440568021,0.444272467,0.447897499,0.451918924,0.457218627,0.461617794,0.465925973,0.472593829,0.480450528,0.488026061,0.494689883,0.501986399,0.51028694,0.519475487,0.527850567,0.536111132,0.543585897,0.55046678
NC310,CS,2011,WS,CS11_WS,73,74.5,176.55,73.65,230.5,9.495,55.085,340.54907395,6.517,230.5,99,10,37.5,17,1.219032615,1.193599898,1.169160631,1.146674636,1.122944759,1.100169303,1.084403257,1.077104611,1.075618725,1.074453175,1.049996285,1.034548894,1.015949987,0.994108473,0.955077517,0.970223182,0.986802727,1.007894642,0.993071561,0.982617027,0.973547721,0.962101242,0.952247304,0.946852063,0.944485215,0.945340075,0.951378038,0.963189348,0.980806216,1.003614118,1.025385565,1.05505168,1.036419918,1.01455593,0.99085127,0.973309078,0.953113807,0.930587597,0.909714567,0.882399283,0.85900017,0.841458594,0.819911916,0.794757683,0.778770204,0.761874273,0.771485372,0.79038056,0.7849335,0.737969173,0.756480745,0.788410915,0.807890017,0.82996885,0.842312916,0.833182317,0.814547245,0.796404959,0.770885557,0.734830682,0.692243831,0.669458239,0.648933301,0.626364458,0.602837302,0.575114526,0.535091,0.50459202,0.515051118,0.555947198,0.549731987,0.538542249,0.527199034,0.51511367,0.505016133,0.493340973,0.480674124,0.467025286,0.453304073,0.443533047,0.442150033,0.442968251,0.445617158,0.449233364,0.45287014,0.456738241,0.461966494,0.466247572,0.470487831,0.477041654,0.484788447,0.492201841,0.498603791,0.505834983,0.513877061,0.522861004,0.531007708,0.539013133,0.546289635,0.552949823
NC318,CS,2011,WS,CS11_WS,71.5,73,186.7,72.35,834,10.55,63.445,1232.1818987,23.3225,834,96.5,6,10,13,1.27429564,1.249735001,1.226434941,1.204962783,1.182123234,1.159930572,1.144456657,1.137145827,1.13537128,1.133394571,1.109006587,1.09287775,1.074042656,1.052211671,1.013055036,1.027917519,1.044180199,1.065569185,1.050976356,1.040808013,1.031990318,1.020919882,1.01152904,1.006322471,1.004153986,1.005242202,1.011490441,1.023363657,1.040941773,1.06374378,1.085471487,1.114949561,1.096810187,1.075108411,1.051359345,1.033746062,1.013381963,0.990419531,0.969072645,0.941099806,0.916798012,0.898483435,0.875915401,0.849437537,0.832451639,0.814392433,0.824608806,0.84512035,0.83884726,0.787872521,0.808151927,0.841587303,0.861283915,0.883650683,0.896161302,0.886787647,0.867611728,0.848694724,0.821855313,0.783461599,0.737524889,0.712733341,0.690443272,0.665684881,0.639657667,0.608696069,0.564656026,0.530811597,0.541857284,0.587133049,0.579178288,0.566405356,0.553637758,0.540267325,0.528920222,0.515801569,0.501572743,0.486252047,0.470971408,0.460202555,0.458571762,0.459156868,0.461706286,0.465333669,0.468907832,0.472827498,0.478035436,0.482487074,0.486715409,0.493413131,0.501204017,0.508851395,0.515355261,0.522778989,0.531039977,0.540265056,0.548608293,0.556671196,0.564180572,0.571069523
NC320,CS,2011,WS,CS11_WS,71.5,74,180.35,73.65,592.5,9.95,64.975,875.3810254,16.6005,592.5,98,2,17.5,13,1.230688184,1.2059287,1.181937928,1.159924262,1.136339167,1.113392607,1.097337033,1.08974835,1.08818701,1.087037641,1.062993011,1.046025105,1.02634401,1.00345255,0.9640596,0.980043986,0.997101971,1.018355527,1.003427958,0.992836325,0.983517755,0.971570856,0.961404594,0.955744978,0.953259362,0.954188852,0.960448478,0.972618763,0.990753288,1.014074035,1.036202807,1.066332455,1.047290914,1.024890374,1.000324856,0.982182141,0.961200526,0.937762562,0.915836459,0.887213114,0.862496126,0.843935934,0.821119235,0.794697185,0.778082415,0.760090626,0.770434332,0.791325971,0.786133956,0.734864611,0.75502265,0.789172862,0.809532317,0.832395572,0.845091543,0.83525983,0.815440273,0.795994066,0.76867815,0.730352931,0.685228129,0.661181297,0.639759552,0.616109276,0.591379348,0.562115898,0.520690145,0.489421187,0.50004198,0.542620923,0.535780959,0.523973557,0.512098893,0.49967184,0.489239459,0.477215655,0.464247859,0.450329171,0.436500241,0.426671448,0.425231888,0.426010959,0.428576104,0.432119243,0.435597049,0.439441907,0.44452798,0.448816115,0.4530006,0.459449564,0.46699489,0.474383149,0.480863582,0.487919925,0.495915267,0.504766922,0.512896529,0.520907014,0.528175638,0.53491758
NC322,CS,2011,WS,CS11_WS,71.5,71.5,182.9,73.65,1146,10.35,67.73,1693.1420335,32.0805,1146,96.5,3.5,15,14.3333333333333,1.277957188,1.253607384,1.230324357,1.208886351,1.186012796,1.163779283,1.148351504,1.141000888,1.139230791,1.137367938,1.11276515,1.096986888,1.078359902,1.056571906,1.016844983,1.031770701,1.048188703,1.069703015,1.05496315,1.044719085,1.035915143,1.024766483,1.015269283,1.010044316,1.007905571,1.008975182,1.015336573,1.02736213,1.045204695,1.06815118,1.089971582,1.11942878,1.101670399,1.07999917,1.056108929,1.038383639,1.017781006,0.994466663,0.972780619,0.943982381,0.919027095,0.900142119,0.876800537,0.849291971,0.83173266,0.812912528,0.823654191,0.845024626,0.837819166,0.786509872,0.807970454,0.842767639,0.863090979,0.886104979,0.898969448,0.889399005,0.869703816,0.850165226,0.822287622,0.782554675,0.734967874,0.709307066,0.686213326,0.660734222,0.634197257,0.602904426,0.558069374,0.523764848,0.534797692,0.579878404,0.571846727,0.558996651,0.545975658,0.532381755,0.521063153,0.507904421,0.493574639,0.478209681,0.462895034,0.452125274,0.450434038,0.451066405,0.453552797,0.457061639,0.460513838,0.464367548,0.469583964,0.473919244,0.478164414,0.484823272,0.492583363,0.500151866,0.506768233,0.514118157,0.522398997,0.531619094,0.539959592,0.54831424,0.55589146,0.562756459
NC328,CS,2011,WS,CS11_WS,73,74,165.1,76.2,197,10.09,52.19,291.0549569,5.53,197,90,20,30,14.6666666666667,1.203033859,1.177106485,1.152097753,1.129045525,1.104611455,1.081029901,1.06481026,1.057285593,1.056073878,1.055332921,1.030484071,1.014621452,0.995474674,0.973206632,0.933174253,0.949011578,0.966484729,0.989126905,0.973537574,0.962573707,0.953167078,0.941173447,0.930820425,0.925041673,0.92248811,0.923282337,0.929434932,0.941493911,0.95965439,0.983203446,1.00564974,1.036032731,1.01626254,0.993763875,0.969361937,0.951073169,0.930359295,0.907435362,0.8860111,0.858460527,0.834693836,0.817071289,0.795477692,0.770524351,0.755062021,0.738201461,0.747520248,0.766450493,0.76111139,0.714807788,0.733186637,0.765167783,0.784520529,0.806944386,0.819754912,0.810189845,0.790963582,0.772445755,0.746570036,0.710459521,0.66847961,0.64614263,0.626215558,0.604615093,0.582152874,0.555552471,0.517358316,0.488483384,0.498563353,0.536898464,0.531069985,0.520614017,0.509896702,0.498571429,0.489144541,0.478161048,0.466249688,0.453519781,0.440761079,0.431609161,0.430391713,0.431273509,0.43391332,0.437549288,0.441033915,0.444849748,0.449884052,0.454033248,0.458145998,0.46446466,0.471900537,0.479032154,0.485314296,0.492279891,0.500106808,0.508753862,0.516724077,0.524502842,0.531657423,0.538140754
NC332,CS,2011,WS,CS11_WS,70.5,71.5,175.25,77.5,1344,10.95,71.56,1985.674427,37.451,1344,98,3.5,15,13,1.278561664,1.254088262,1.230614254,1.209034505,1.186169314,1.163829826,1.148383077,1.141104258,1.139223664,1.137464054,1.112905688,1.096811885,1.078069917,1.056212375,1.016331034,1.030984829,1.04737316,1.068961214,1.054363671,1.04412511,1.035428724,1.024355766,1.015023574,1.00989668,1.007793537,1.008921065,1.015277072,1.027286983,1.045100204,1.068098966,1.090054857,1.119791148,1.10183753,1.080007973,1.056083762,1.038374427,1.017803895,0.994693775,0.973183503,0.944833094,0.920313345,0.901757104,0.878952882,0.852126582,0.834926748,0.816454096,0.826705311,0.847387374,0.840552474,0.789576888,0.810028836,0.84379398,0.863707809,0.886135896,0.898825588,0.889353379,0.870198391,0.851177022,0.824121438,0.785446542,0.738986174,0.713856512,0.691303626,0.666070416,0.639570736,0.608322553,0.563857516,0.529463637,0.540393857,0.586225368,0.578044634,0.565064369,0.552145011,0.538559064,0.527107288,0.513740632,0.499205624,0.483580556,0.467992542,0.456993771,0.455223386,0.455819102,0.458268174,0.461769889,0.465247889,0.469116315,0.474268282,0.478511873,0.482838884,0.489353162,0.497060039,0.504649386,0.511163393,0.518475008,0.526702431,0.535804956,0.544116983,0.552212379,0.559557409,0.566351996
NC342,CS,2011,WS,CS11_WS,70.5,72,185.4,71.15,893,8.95,60.44,1319.3506422,25.3615,893,96.5,10,17.5,15,1.266885864,1.2416466,1.217334116,1.194869219,1.171238448,1.148266955,1.13244519,1.125365037,1.123737535,1.12268858,1.09815889,1.082945781,1.064302423,1.041829126,1.001044719,1.016408627,1.033347358,1.054713097,1.039456417,1.028757138,1.019585693,1.007892121,0.997748917,0.992147426,0.989610242,0.990412683,0.996478736,1.008447776,1.026335159,1.049455737,1.071543565,1.101665964,1.083532381,1.061439899,1.037239399,1.0189668,0.998164985,0.974953542,0.953102328,0.924813745,0.900096125,0.881672657,0.858910772,0.832488925,0.815809392,0.797845406,0.808352811,0.829200532,0.823469741,0.772297254,0.791420842,0.824818272,0.845429555,0.868711615,0.881687146,0.872244061,0.852662704,0.833346595,0.806080318,0.767307775,0.7213777,0.696769681,0.674532021,0.650285909,0.624572903,0.59424671,0.551013574,0.518732374,0.530082283,0.573542171,0.566010432,0.553702294,0.541486323,0.52864807,0.517837672,0.505306271,0.491775144,0.477272603,0.462846989,0.452600072,0.451043616,0.451757417,0.454285408,0.457787836,0.461200011,0.465068349,0.470167815,0.474516421,0.478740632,0.485357137,0.493161815,0.500848082,0.507449132,0.514921227,0.523294258,0.532734286,0.54132268,0.549601819,0.557287206,0.564261498
NC344,CS,2011,WS,CS11_WS,72,74,180.3,69.85,730.5,10.05,61.64,1079.2672387,20.504,730.5,99,2.5,12.5,14.6666666666667,1.248871096,1.223513449,1.19872828,1.176007434,1.151804723,1.128416979,1.112359342,1.104825818,1.103327286,1.102171222,1.076927451,1.060930116,1.041656225,1.019025545,0.977727539,0.993331146,1.010623605,1.033255014,1.018088659,1.007391476,0.99813749,0.986389579,0.976414889,0.970906655,0.968574791,0.969649396,0.976194409,0.988685637,1.007324066,1.03131234,1.054168266,1.085222222,1.06674379,1.044191781,1.01939606,1.001119454,0.979856954,0.955974417,0.933773062,0.904626202,0.879359752,0.860425461,0.837095741,0.809742672,0.792231422,0.773902941,0.784165541,0.805113931,0.798748213,0.748883801,0.769621697,0.804228326,0.825000245,0.848397898,0.861669643,0.852325116,0.832770658,0.813458511,0.78594656,0.747095575,0.70099138,0.676282839,0.654118069,0.629727285,0.604754326,0.575249537,0.533366909,0.501417352,0.512040298,0.554393985,0.547607565,0.535910718,0.524027358,0.511486874,0.501116134,0.488997798,0.47590379,0.461838268,0.447863814,0.438022298,0.436636308,0.437422006,0.440084509,0.44375604,0.44719691,0.451152472,0.456233184,0.460562535,0.464866453,0.471308785,0.479013192,0.486503915,0.493029783,0.500203141,0.508342209,0.517534186,0.525781365,0.533858025,0.541313846,0.548214332
NC358,CS,2011,WS,CS11_WS,67,69,165.1,52.05,1962.5,10.1,78.515,2899.4687965,55.1025,1962.5,96.5,8.5,12.5,13.3333333333333,1.267928215,1.241507053,1.215969341,1.192510502,1.167935067,1.144213512,1.128113186,1.120934072,1.119479299,1.118647339,1.093523841,1.078091433,1.059247919,1.03691247,0.995222886,1.010378671,1.027705097,1.050505457,1.034904512,1.024201757,1.015029086,1.003574844,0.993598103,0.988094558,0.985590278,0.986472983,0.992624008,1.004794473,1.023034039,1.046890336,1.069801822,1.100865969,1.081392984,1.058673084,1.034037167,1.015679873,0.994804311,0.971605272,0.950029949,0.922143274,0.898208124,0.880298388,0.85837651,0.832752231,0.816405614,0.799243856,0.809184066,0.828798687,0.822819292,0.774754195,0.793494632,0.825839727,0.845284778,0.867784614,0.8806825,0.871394931,0.852162853,0.833375329,0.806771919,0.769247724,0.724711225,0.700786619,0.679190204,0.655260385,0.630300898,0.600411752,0.557272262,0.524240979,0.53541212,0.579074179,0.571298922,0.558949903,0.546421522,0.533217121,0.522191085,0.509234852,0.495244332,0.480053838,0.464925899,0.4541374,0.452359529,0.452928138,0.455405543,0.458821328,0.462211322,0.46601371,0.471081629,0.475339943,0.47951423,0.486014273,0.493644005,0.501071123,0.507519164,0.514703362,0.522773045,0.531948407,0.540107408,0.548104509,0.55547925,0.56217368
NC388,CS,2011,WS,CS11_WS,69.5,70.5,185.4,73.65,1078.5,10.4,77.99,1593.41508135,30.2655,1078.5,96.5,12.5,22.5,13.6666666666667,1.237499683,1.20967369,1.182867194,1.15815207,1.131921839,1.106744446,1.089613069,1.082133908,1.081292241,1.081475763,1.055118193,1.038555437,1.018453576,0.994564275,0.951413073,0.96843019,0.987206619,1.012251013,0.995747726,0.984126717,0.974077232,0.96130546,0.950235109,0.944004265,0.941146552,0.94195692,0.948511619,0.9614753,0.980907303,1.006257491,1.03043936,1.063465011,1.043024627,1.018923188,0.992625192,0.97318995,0.95097984,0.926478913,0.903662516,0.874270216,0.849073679,0.830373053,0.807541865,0.781089904,0.764642489,0.747008019,0.757278839,0.777726648,0.772025747,0.72315401,0.742940267,0.7771791,0.7980797,0.821996643,0.835455023,0.825468411,0.805124623,0.785397215,0.757953397,0.719754069,0.675447038,0.651936964,0.631124605,0.608213229,0.584503615,0.556505179,0.516444675,0.486100148,0.496537482,0.536866357,0.530562463,0.519496628,0.508183073,0.496194076,0.486284386,0.474635191,0.46209138,0.448534189,0.43493774,0.425390637,0.42407749,0.424983155,0.427629497,0.431214064,0.434762717,0.438617474,0.443895005,0.448094544,0.45235811,0.458827116,0.466575538,0.47401184,0.480476949,0.487617375,0.495684252,0.504821209,0.513060063,0.520949876,0.528517028,0.535280237
Oh40B,CS,2011,WS,CS11_WS,67,69.5,189.25,69.85,1514.5,9.3,83.47,2237.577321,42.8575,1514.5,96.5,2,7.5,13.6666666666667,1.252357269,1.226004978,1.200006812,1.175631042,1.149676437,1.124392762,1.106648207,1.098407041,1.09721795,1.097195632,1.071223281,1.052973509,1.031209,1.005537406,0.961942591,0.980371139,0.99950336,1.022876288,1.007092943,0.995705077,0.985541333,0.972467886,0.9613101,0.95517866,0.952683584,0.953953993,0.961271684,0.975280771,0.996041835,1.022429112,1.04736332,1.081357542,1.0605142,1.035585901,1.008159256,0.987803762,0.96440532,0.938125825,0.913634507,0.881798212,0.854182731,0.833622116,0.808442586,0.779472188,0.761224072,0.741929836,0.753017165,0.775336725,0.77011597,0.716212439,0.73794288,0.775443939,0.798626816,0.82353729,0.837205993,0.826626765,0.805162046,0.78418734,0.755003097,0.714341842,0.667273433,0.642475976,0.620427671,0.596376883,0.571743419,0.543182587,0.503227996,0.473246326,0.483107238,0.524074995,0.518385286,0.507425467,0.496299533,0.484535779,0.47475166,0.463425218,0.451263774,0.438076137,0.424938993,0.41551135,0.414264156,0.415141164,0.417913721,0.421603064,0.425162974,0.429097899,0.434329748,0.438666458,0.442889252,0.449403917,0.457096558,0.46457778,0.471058256,0.478225738,0.486320573,0.49532877,0.503628663,0.511484104,0.518939368,0.525741925
Oh43,CS,2011,WS,CS11_WS,67.5,70.5,165.1,54.6,809,10.65,68.665,1195.24599065,22.7995,809,90,10,10,15.3333333333333,1.22390829,1.197851197,1.172010171,1.148077007,1.122339259,1.097431832,1.079890004,1.071838148,1.070798982,1.071092744,1.046009505,1.028045975,1.006561353,0.981493137,0.939078362,0.957508959,0.976962295,1.000738867,0.984454176,0.972769097,0.962447125,0.949273434,0.937912714,0.931613146,0.928779796,0.929790381,0.936702793,0.950269559,0.970409072,0.996169012,1.020498837,1.053517911,1.031470914,1.006822224,0.979889268,0.960295314,0.937505564,0.912139511,0.888732174,0.858063747,0.832009964,0.812544106,0.788838514,0.761377897,0.744024639,0.726073304,0.736788385,0.758250194,0.752868912,0.702280544,0.722674353,0.758219104,0.779765278,0.804083634,0.817552991,0.807017721,0.786004421,0.765698532,0.737432741,0.69850988,0.653619547,0.629966121,0.609139505,0.586123118,0.562814127,0.535558185,0.497013549,0.467645788,0.477444995,0.516647715,0.510749005,0.500197296,0.48945471,0.478071801,0.468596299,0.45755414,0.445597403,0.432779062,0.419948007,0.410985918,0.409798155,0.410729376,0.413452765,0.417216461,0.420737778,0.424556398,0.42976415,0.4339544,0.438003029,0.444431381,0.451879641,0.45918136,0.465468742,0.472522133,0.480406001,0.489319967,0.497348157,0.505203182,0.512468322,0.519145159
Oh603,CS,2011,WS,CS11_WS,68,68.5,186.7,76.2,1542,10.25,72.63,2278.20682,43.2715,1542,98,6,20,13.3333333333333,1.285141725,1.260559368,1.236832104,1.214900434,1.191749606,1.169120683,1.153562308,1.146361003,1.145042651,1.144053762,1.119563299,1.103698287,1.084802833,1.062237277,1.021104856,1.035985289,1.052319565,1.072608175,1.057913811,1.047655361,1.03866881,1.02723253,1.017423301,1.012088386,1.009855659,1.010977888,1.01756457,1.030008919,1.048483155,1.072196074,1.094593511,1.124956465,1.10636976,1.084221112,1.059822391,1.041964502,1.021114655,0.997375467,0.975528745,0.946441765,0.921251311,0.902054241,0.878545488,0.850658728,0.832423627,0.81361883,0.824021177,0.844799445,0.837635424,0.787404987,0.810322615,0.845794116,0.864680253,0.887227085,0.900254404,0.891352569,0.871653528,0.852063317,0.823905756,0.783783021,0.735779648,0.709948829,0.686466261,0.660586305,0.633888557,0.601741051,0.555886795,0.520901698,0.533558067,0.578846301,0.570569248,0.557423157,0.544044615,0.530069172,0.518763036,0.505664289,0.491475982,0.476231116,0.461135561,0.450673357,0.449218443,0.450217281,0.453086438,0.456882529,0.460365346,0.46425402,0.469304973,0.473549701,0.477735483,0.484285177,0.491983277,0.499623302,0.506346155,0.513871475,0.522576468,0.532358363,0.541194733,0.549809694,0.557722602,0.565036335
Oh7B,CS,2011,WS,CS11_WS,70,71.5,185.4,72.4,689.5,10.195,75.655,1018.69234905,19.318,689.5,94,12.5,15,14.6666666666667,1.287684558,1.262563285,1.237975539,1.214932628,1.190669849,1.16697014,1.150542987,1.142906721,1.141279964,1.140562898,1.115842937,1.09842486,1.078342818,1.054781039,1.012054033,1.027947722,1.045548769,1.067238781,1.051513719,1.040679698,1.031294067,1.019175702,1.008787056,1.002923095,1.000270391,1.001202662,1.007651367,1.020257114,1.039112018,1.063517754,1.086725729,1.118187096,1.098578976,1.075413962,1.050200962,1.031219611,1.00962589,0.985315011,0.962585268,0.933117717,0.907406248,0.888227935,0.864639719,0.837172241,0.819811004,0.801186838,0.811992753,0.83335067,0.826606067,0.774588095,0.795583973,0.830792563,0.851010783,0.874168338,0.887450103,0.87772315,0.857425668,0.837476913,0.809177298,0.769129849,0.721935719,0.696747828,0.673953467,0.649248103,0.623310503,0.592658625,0.548573933,0.515178923,0.526254664,0.571452075,0.563936215,0.551493563,0.538819244,0.525561224,0.514482393,0.501588133,0.487654939,0.472664334,0.457768948,0.4471349,0.445449407,0.446228522,0.448945507,0.452729008,0.4563146,0.460363911,0.465682295,0.47002687,0.474355383,0.480989327,0.48874207,0.496289078,0.502990195,0.510300019,0.518384997,0.527653223,0.535906131,0.543970283,0.551513404,0.558219284
Pa91,CS,2011,WS,CS11_WS,71.5,74.5,182.9,69.85,827.5,10.45,83.1,1222.57856235,23.235,827.5,98,12.5,15,13.6666666666667,1.277079507,1.251388538,1.22676547,1.204078066,1.180031054,1.156707839,1.140744255,1.133114335,1.131413745,1.130598655,1.10685613,1.091250507,1.072590565,1.050598737,1.011136947,1.027229687,1.044558094,1.066114029,1.051252954,1.040858227,1.031767088,1.020256234,1.010370321,1.004794741,1.002309207,1.003096271,1.009109075,1.020864068,1.038529398,1.06144866,1.083344172,1.113204962,1.093728041,1.071296065,1.046773516,1.028662789,1.007755843,0.984380016,0.962634261,0.93420771,0.909649656,0.891192181,0.868493057,0.842013817,0.825196258,0.807439461,0.818738038,0.841385851,0.837380274,0.783911907,0.800783023,0.832842328,0.855693153,0.880666126,0.894484822,0.884868778,0.864958566,0.845501087,0.818035064,0.778983924,0.73241916,0.707340082,0.684682979,0.659365703,0.632633078,0.60171606,0.558590557,0.526928677,0.539290154,0.581438072,0.573336925,0.560922729,0.548700462,0.535928412,0.52514742,0.512520395,0.498864487,0.484067815,0.469272481,0.458825555,0.45731694,0.45803508,0.46036097,0.463488456,0.466558091,0.46996467,0.474602688,0.478532133,0.482407964,0.488744813,0.496428119,0.504059178,0.510931931,0.518666656,0.527473056,0.537383572,0.546403966,0.555020043,0.562837287,0.569907812
SC212M,CS,2011,WS,CS11_WS,70.5,73.5,195.6,83.8,1248.5,10.3,78.535,1844.579257,35.062,1248.5,94.5,7.5,35,14,1.291894327,1.266855937,1.242769381,1.220672943,1.197163566,1.174186876,1.158245172,1.150539063,1.14873329,1.147174571,1.122198755,1.105519917,1.086004736,1.063202644,1.022403681,1.038055339,1.055061562,1.077024047,1.061998721,1.051410279,1.042200607,1.030554552,1.020506449,1.015010698,1.012667424,1.013726474,1.020186963,1.032675093,1.051116144,1.074894062,1.097376862,1.127828429,1.108951895,1.086415259,1.061904625,1.043522232,1.022303387,0.998340125,0.975923666,0.946434409,0.920728231,0.901343566,0.877414125,0.849315713,0.831353419,0.812304741,0.823335779,0.845258618,0.838677966,0.785239565,0.807079245,0.842892311,0.863971275,0.88773013,0.901003647,0.891116619,0.87078258,0.850695728,0.822167532,0.781488032,0.7331237,0.707219256,0.683790724,0.65806538,0.63128554,0.599830239,0.554971133,0.521038942,0.532580758,0.577912084,0.570057014,0.557301081,0.544430629,0.530948689,0.519779344,0.506708459,0.492674405,0.477521179,0.462590728,0.452095538,0.450567343,0.451347209,0.453917032,0.457510511,0.461067739,0.464978794,0.470301972,0.474585573,0.478958179,0.485547163,0.493412814,0.50115713,0.507792143,0.515216474,0.523582259,0.532971305,0.54143702,0.549699174,0.557342551,0.56433148
SC229,CS,2011,WS,CS11_WS,72,75.5,200.65,74.95,946,10.4,65.955,1397.6547675,26.389,946,100,1,5,15,1.310343443,1.282397857,1.255692043,1.231261777,1.205705489,1.181323998,1.165324108,1.158196493,1.156902373,1.156243841,1.129846738,1.115051385,1.097499602,1.076257076,1.032654738,1.047388197,1.06495121,1.090263822,1.073870654,1.06279538,1.053560157,1.041958046,1.03178247,1.025944433,1.023219503,1.023885247,1.029883145,1.041843337,1.059972757,1.083993376,1.107239082,1.13903089,1.120988776,1.098139989,1.073353624,1.055030846,1.034042909,1.010365556,0.988736306,0.96043183,0.936191432,0.918036375,0.895692247,0.869379627,0.852257052,0.834821719,0.845175071,0.86567125,0.858830901,0.809874056,0.828352254,0.860708992,0.881062132,0.905134858,0.919337364,0.910215819,0.890659277,0.871438809,0.844025914,0.805108155,0.758512859,0.733407109,0.710418864,0.685085243,0.658880306,0.627727093,0.582731227,0.548516067,0.560419715,0.603759434,0.595542281,0.58283805,0.570085632,0.556533982,0.545309463,0.532005385,0.517569632,0.502072167,0.48664227,0.475652815,0.473917828,0.474596424,0.476952435,0.480326033,0.483679947,0.487455361,0.492470388,0.496793578,0.501118187,0.507673102,0.515672322,0.52346997,0.530335635,0.537995534,0.546755687,0.556629312,0.565523114,0.574112026,0.582201338,0.589410016
SC55,CS,2011,WS,CS11_WS,73,74,189.2,83.85,1742,11.25,89.625,2573.694086,48.3045,1742,98,2.5,10,13,1.294729234,1.270292314,1.247067093,1.225765592,1.203423698,1.181490041,1.166666664,1.15972932,1.157851024,1.155811112,1.131295902,1.116637162,1.099334345,1.078388272,1.037751105,1.051238263,1.066666867,1.087304276,1.073307858,1.063558872,1.055145575,1.04448708,1.035366672,1.030343256,1.028214431,1.029353154,1.035479754,1.047133154,1.064500109,1.086998884,1.108511751,1.137655223,1.120670807,1.099442493,1.076259777,1.058986548,1.038961838,1.016233269,0.995172883,0.967306151,0.943131538,0.924759088,0.902101249,0.875287295,0.857895789,0.839542816,0.849639867,0.869773964,0.862620309,0.812174198,0.832428374,0.866145229,0.885986958,0.908242586,0.920855362,0.911967826,0.893076814,0.874263154,0.847208713,0.808266749,0.761076893,0.735533491,0.712164082,0.686253664,0.659148865,0.626903746,0.580626299,0.544919408,0.555875366,0.603289579,0.595268201,0.581912682,0.568474185,0.554221008,0.54236808,0.528590655,0.513666636,0.497568435,0.481388077,0.469658616,0.467639298,0.468154997,0.470728085,0.474329759,0.477891318,0.48192864,0.487283139,0.491695366,0.496036974,0.502721189,0.510665376,0.518304978,0.525029869,0.532337739,0.540637332,0.549892273,0.558315349,0.566203466,0.573693482,0.580452538
SD40,CS,2011,WS,CS11_WS,70,71.5,170.2,77.45,990,9.25,81.86,1462.661966,28.068,990,96.5,10,20,15,1.305711539,1.2798645,1.254704026,1.231440353,1.206678378,1.182584953,1.165867541,1.158071522,1.1565702,1.155846084,1.130389612,1.113109374,1.092813368,1.069107702,1.026236074,1.042479197,1.060733127,1.084208882,1.067646671,1.056344165,1.046695101,1.034405346,1.023858742,1.017946636,1.015287023,1.016214419,1.022751469,1.035462838,1.054557942,1.079289372,1.102826953,1.134296516,1.113068607,1.089475739,1.063807434,1.044784389,1.023018297,0.998494988,0.975802762,0.946144306,0.920651248,0.901542499,0.878060211,0.850735986,0.833247967,0.814968866,0.825794906,0.847326384,0.840441811,0.788840893,0.810077514,0.845384186,0.865487038,0.888893563,0.902229567,0.89174736,0.870819054,0.850374812,0.821594733,0.781234663,0.733714656,0.708579929,0.685946874,0.66103374,0.635236233,0.60436847,0.560163484,0.526477508,0.537700426,0.582925551,0.574923891,0.562289551,0.549470585,0.536002638,0.524716368,0.511549179,0.497304586,0.482030736,0.46689657,0.456241064,0.454513845,0.455243945,0.457883305,0.461533303,0.465112243,0.469133846,0.474362133,0.478655513,0.482976925,0.489636802,0.497313604,0.50483268,0.511499133,0.518738929,0.526951223,0.536158432,0.544383745,0.552460125,0.559970655,0.566821583
SD44,CS,2011,WS,CS11_WS,67,69,170.2,45.7,839,9.3,64.72,1239.56908,23.759,839,95,15,10,14,1.222740611,1.196731805,1.170769685,1.146540838,1.120397393,1.095031662,1.076891997,1.06833872,1.067452518,1.068033709,1.042541944,1.022936352,1.00013628,0.973854003,0.93224073,0.951911692,0.971668998,0.995258528,0.979389572,0.967645508,0.956955385,0.943211866,0.931484644,0.925082371,0.922342385,0.923464782,0.930741479,0.944824907,0.965813986,0.992242446,1.017084127,1.05118272,1.028854006,1.003505759,0.975843055,0.955430651,0.931909957,0.905671816,0.881251323,0.849428541,0.82209419,0.801699316,0.776908381,0.748296679,0.730395098,0.711581184,0.722677314,0.744799718,0.740110223,0.686499515,0.708277849,0.74573864,0.768914458,0.793935708,0.807399367,0.796478899,0.774814542,0.753899148,0.724962502,0.684992235,0.639166331,0.615139752,0.593873921,0.570740224,0.547134072,0.520042283,0.482140093,0.453403584,0.462557437,0.501163212,0.495862524,0.485526885,0.475015637,0.46388963,0.454737365,0.44408885,0.432566008,0.420221423,0.407875477,0.399173518,0.398089949,0.399049121,0.401794382,0.405430257,0.408962274,0.412805,0.417910915,0.42205477,0.42621441,0.432591219,0.439951611,0.447200282,0.453488953,0.46045013,0.468341354,0.477098557,0.485105518,0.492789054,0.500244982,0.506936419
Sg1533,CS,2011,WS,CS11_WS,67.5,69.5,185.45,85.05,1218,9.7,72.535,1799.517449,34.326,1218,92.5,10,22.5,13.6666666666667,1.335654783,1.309518158,1.284578451,1.261830082,1.237913234,1.214812027,1.199630765,1.192969825,1.191370375,1.18977818,1.163463513,1.149233845,1.132225173,1.111342199,1.068090558,1.08135472,1.097122321,1.119377288,1.104335202,1.093992905,1.08517854,1.074052916,1.064456158,1.05900027,1.056544976,1.057410107,1.063579306,1.075403952,1.093051046,1.116188274,1.13849967,1.168815362,1.151592573,1.129705706,1.105766451,1.088012387,1.06752449,1.044292153,1.022935458,0.994673334,0.970330212,0.951894917,0.929124443,0.902246153,0.884651471,0.866432054,0.876722052,0.896496776,0.888436469,0.838560407,0.858818607,0.892616884,0.912037009,0.934201635,0.946880483,0.937558792,0.918389547,0.899174871,0.871650825,0.832037785,0.784253757,0.758439524,0.734724851,0.708681262,0.681446241,0.648784473,0.601126158,0.564333916,0.575563347,0.623423872,0.615297051,0.60175454,0.587807508,0.573064781,0.560876677,0.546553333,0.531145122,0.514364575,0.497415951,0.485222489,0.483106082,0.483730529,0.486346165,0.490127016,0.493880729,0.49809703,0.503570443,0.508241925,0.512739976,0.519620425,0.527928446,0.535779676,0.542728189,0.550297826,0.558919362,0.568594718,0.577204844,0.585555757,0.593387062,0.600363524
Sg18,CS,2011,WS,CS11_WS,68.5,70.5,182.9,81.25,732.5,9.495,67.515,1082.222111,20.79,732.5,95,7.5,20,15,1.343699319,1.318177138,1.294026447,1.271972325,1.248897004,1.226573757,1.212266877,1.205702524,1.203897407,1.201602592,1.175813508,1.162223029,1.146638068,1.12744725,1.084495519,1.095873615,1.110328458,1.13167964,1.117473001,1.107818078,1.099784519,1.089694355,1.081015417,1.076110803,1.073965107,1.074871641,1.080780698,1.091917164,1.108661046,1.130780978,1.15221408,1.181293396,1.165850259,1.145175751,1.122626388,1.105756235,1.086320919,1.06409972,1.043774677,1.016803468,0.993428907,0.975655127,0.953762388,0.927569064,0.910281854,0.892348088,0.901884998,0.920503468,0.911526142,0.863603516,0.88282761,0.914755118,0.932946412,0.954359476,0.967058523,0.95888792,0.940875743,0.922768743,0.896203502,0.857521433,0.810152238,0.784165926,0.760018373,0.733529937,0.705749075,0.672390943,0.623258491,0.585039552,0.596710919,0.646087992,0.637375414,0.623348004,0.609062778,0.593922952,0.581237065,0.566353542,0.550130414,0.532678881,0.51514931,0.502545839,0.50029711,0.500800058,0.5034182,0.507303967,0.511045391,0.515208384,0.520873782,0.525469889,0.530015407,0.536999992,0.545262842,0.553259348,0.560245308,0.567983072,0.576601144,0.586408845,0.595104078,0.603470224,0.611382366,0.61847791
SynHam2281,CS,2011,WS,CS11_WS,69.5,70.5,180.35,83.8,1067.5,9.2,80.85,1577.1632815,30.261,1067.5,95,10,20,14,1.298981006,1.27323031,1.248389641,1.225248737,1.200790399,1.176909123,1.160293942,1.152539842,1.151104847,1.150526615,1.125497182,1.10819014,1.087858425,1.064154125,1.022225802,1.038680503,1.056871498,1.08023028,1.063734159,1.052377253,1.042628613,1.030145152,1.019324979,1.013265607,1.010420057,1.011160611,1.017522759,1.030069734,1.048929482,1.073357827,1.09652997,1.127751981,1.106922522,1.083622021,1.058192468,1.039266834,1.017592104,0.993293859,0.970782032,0.941360349,0.916048302,0.89701442,0.873756517,0.846574786,0.82935436,0.81115147,0.822095594,0.843817631,0.837399421,0.785505706,0.806802228,0.842146132,0.862174986,0.885615929,0.898787653,0.888362585,0.867417981,0.846925888,0.818122648,0.777732664,0.730347994,0.7051661,0.68271112,0.657943888,0.632192742,0.601077239,0.556715658,0.523059218,0.534540637,0.579711337,0.57165238,0.558904538,0.546113938,0.532637783,0.521376538,0.508168746,0.494001563,0.478842417,0.4637904,0.453165986,0.451553302,0.452374104,0.45509141,0.458877249,0.462545394,0.466597323,0.47196838,0.476473727,0.480756715,0.487498999,0.495480099,0.503218809,0.509887306,0.517370386,0.525762689,0.53504165,0.543640773,0.551979018,0.559797354,0.566775628
T173,CS,2011,WS,CS11_WS,69.5,70,191.75,72.4,1213,10.35,89.47,1792.1302675,33.984,1213,98,6,45,11.6666666666667,1.27234495,1.2444165,1.216911119,1.191203498,1.164098019,1.137734463,1.119478676,1.111126705,1.109796852,1.109926401,1.082527323,1.063447913,1.041365326,1.015549245,0.970884269,0.989277637,1.009144233,1.034448503,1.017527851,1.005424632,0.99480515,0.981155241,0.969469782,0.962935201,0.959970243,0.960942388,0.967965358,0.98185426,1.002725608,1.029724369,1.05545103,1.090589103,1.068595363,1.042965128,1.015079187,0.994318075,0.970671585,0.9443851,0.919950288,0.888461437,0.861393569,0.841349641,0.816944393,0.788857312,0.771117667,0.752674483,0.763311196,0.78460517,0.778719369,0.726547274,0.747201821,0.783273996,0.805490174,0.830725974,0.845077255,0.83485738,0.813627825,0.793004871,0.764241254,0.724315075,0.678149185,0.653854378,0.632258707,0.608584379,0.584430108,0.556130551,0.515770645,0.48513221,0.495740124,0.536688366,0.530172578,0.519069692,0.507836583,0.495897024,0.485853395,0.474192985,0.461500758,0.447815256,0.434278903,0.424600424,0.423302204,0.42422928,0.426907306,0.430662409,0.434279965,0.438269447,0.443542898,0.447847841,0.452051463,0.458618184,0.466394366,0.473818102,0.480322367,0.487559223,0.495696128,0.504804638,0.513048812,0.52116678,0.528543966,0.535375293
T8,CS,2011,WS,CS11_WS,72,72.5,174,83.8,314,9.995,87.055,463.9150074,8.8285,314,95,17.5,10,12,1.275799581,1.250812352,1.226977932,1.205416766,1.182762922,1.161050313,1.146556876,1.139982051,1.138311122,1.136672164,1.112946164,1.099223409,1.082647042,1.062539,1.023054165,1.03611731,1.051315419,1.071586941,1.057613472,1.048007193,1.039843939,1.029455082,1.020490186,1.015514489,1.013329588,1.014197854,1.019979089,1.031074738,1.047644002,1.069341217,1.090297523,1.118613791,1.101435649,1.08065581,1.058101641,1.041572648,1.022350847,1.000623701,0.980827783,0.954354584,0.931682712,0.914414029,0.893051422,0.867735152,0.85132316,0.833975483,0.843623157,0.862697787,0.855557674,0.808180726,0.827282769,0.85857527,0.876526491,0.897426359,0.909451556,0.900788231,0.882724048,0.864871129,0.839272384,0.802240059,0.757491323,0.733005178,0.710837083,0.68621735,0.660377709,0.629441691,0.584691557,0.549916326,0.560981932,0.606608925,0.59859294,0.585746165,0.57259375,0.558727012,0.547252598,0.533828417,0.519180437,0.503338176,0.487477981,0.476159691,0.47434405,0.475010404,0.477668131,0.481372049,0.485004517,0.48912835,0.494429748,0.498922355,0.503333455,0.510106875,0.518118514,0.525779659,0.532541937,0.540061827,0.548460815,0.557850179,0.566337941,0.574583978,0.582224402,0.589065783
Tx202,CS,2011,WS,CS11_WS,70.5,71,187.95,82.55,1523.5,10.45,93.52,2250.8742475,42.642,1523.5,98,7.5,30,12.6666666666667,1.303951582,1.278565948,1.25379238,1.230533731,1.206013632,1.18207047,1.165424187,1.157507249,1.155902855,1.155060871,1.129948418,1.112398233,1.092241242,1.068698639,1.027225909,1.043516111,1.061159022,1.083082179,1.0677539,1.056948741,1.047369651,1.035034833,1.024536484,1.018746603,1.016199009,1.017177149,1.023728614,1.036463426,1.055480709,1.079917446,1.103099624,1.134670623,1.114674688,1.091311523,1.065852184,1.047039239,1.0252176,1.000637697,0.977945099,0.947976229,0.922080377,0.902543016,0.878618308,0.850487995,0.832346545,0.813570207,0.82428595,0.845831261,0.839714401,0.786634897,0.807537727,0.843127374,0.86453166,0.888393954,0.901794453,0.891827465,0.871330855,0.851274913,0.822873974,0.78269658,0.7350503,0.709567377,0.68654499,0.661200469,0.63493479,0.604025198,0.559846235,0.526274861,0.537255437,0.581689797,0.574677028,0.562172395,0.549512708,0.53610973,0.525065252,0.512133775,0.498224861,0.483258369,0.468160897,0.457449886,0.455767574,0.456530133,0.459202267,0.46291713,0.466487324,0.470476355,0.475847311,0.480281569,0.484699384,0.49149985,0.499445953,0.507271702,0.513993036,0.521600545,0.530091545,0.539619839,0.548374854,0.556794073,0.564578897,0.571563968
Tx204,CS,2011,WS,CS11_WS,71,72,166.4,57.15,523.5,9.15,72.915,773.4379186,14.8675,523.5,98,7.5,32.5,14,1.252473359,1.226132814,1.200186647,1.176085903,1.150560317,1.125825196,1.108722383,1.100856192,1.099629808,1.099322579,1.073616443,1.055887063,1.035267079,1.011163089,0.968063598,0.985001303,1.003486624,1.027136888,1.011188258,0.999889618,0.990073409,0.9774661,0.966637079,0.960642244,0.958046878,0.959047676,0.965767077,0.978891304,0.998583789,1.02390402,1.048098536,1.080962487,1.060195331,1.036072872,1.009789757,0.990360585,0.96806657,0.943143485,0.920090077,0.890116145,0.864460163,0.845320952,0.821975179,0.794943574,0.777801568,0.759942302,0.770260839,0.790774334,0.784947624,0.734567696,0.754343536,0.788829479,0.809710273,0.833457435,0.846833874,0.836850881,0.816567307,0.796824377,0.769123418,0.730445967,0.685286777,0.661351305,0.639938535,0.616457336,0.592286263,0.563906757,0.523150908,0.492054736,0.502318248,0.543837183,0.537402464,0.526126843,0.514643301,0.502418785,0.492303692,0.480400617,0.467523044,0.453723882,0.43988853,0.430119733,0.428787174,0.429671714,0.43244617,0.436259932,0.439972838,0.443977189,0.44929049,0.45359994,0.457948298,0.464550057,0.472315407,0.479866769,0.486590954,0.493833946,0.502108382,0.511355417,0.519658302,0.527828807,0.535362311,0.542274209
Tx205,CS,2011,WS,CS11_WS,71,71,186.7,76.2,1470,9.25,73.33,2171.8314045,41.559,1470,97.5,3.5,7.5,15.6666666666667,1.254149203,1.227397892,1.200454307,1.17518735,1.14813681,1.12172764,1.103187607,1.094692169,1.093644358,1.094369552,1.068036805,1.048461941,1.025513754,0.998614314,0.953831153,0.973667373,0.994060155,1.018753894,1.002177388,0.990033127,0.979129949,0.965025546,0.952834255,0.946078544,0.943093314,0.944089467,0.951466116,0.965985746,0.987556081,1.015077314,1.041096518,1.076503953,1.053822921,1.027693128,0.999105048,0.977763387,0.953395834,0.926228612,0.900825876,0.867942677,0.839560376,0.818489429,0.792770972,0.763184482,0.744789507,0.725232927,0.736482685,0.759365786,0.754230658,0.698947017,0.720624942,0.758965244,0.782828961,0.809062389,0.823585298,0.812639362,0.790237935,0.768582331,0.738440253,0.696778162,0.64891087,0.623755557,0.601588916,0.577529078,0.552939028,0.524565003,0.48480635,0.454996046,0.464933483,0.504472816,0.498741717,0.487949901,0.477027646,0.465423996,0.455819977,0.444682222,0.43266593,0.419834686,0.407027322,0.397921791,0.396690163,0.397498324,0.400137623,0.403640548,0.407028025,0.41083144,0.415849546,0.420037993,0.42417737,0.4304177,0.437897038,0.44521084,0.451514041,0.458571329,0.466429283,0.475431083,0.483495587,0.491450772,0.498872917,0.50560945
Tx303,CS,2011,WS,CS11_WS,71,73.5,199.4,85.1,1101.5,9.4,76.38,1627.396117,31.15,1101.5,99,6,7.5,14.3333333333333,1.220689281,1.194695874,1.169561619,1.146462084,1.121866827,1.098047569,1.081352921,1.073602746,1.07224607,1.071569267,1.046129818,1.0292678,1.00928075,0.986074005,0.946098598,0.963121324,0.9811668,1.004443084,0.988741154,0.977624335,0.967954007,0.955672208,0.945142969,0.939240806,0.936688736,0.937638384,0.944166215,0.956833113,0.975799675,1.000114756,1.023204874,1.054859464,1.035760457,1.012641682,0.987197492,0.968512735,0.94679517,0.922449995,0.899844119,0.87016287,0.844641831,0.82547472,0.80201611,0.774723606,0.75755786,0.739340151,0.750077105,0.771570174,0.765836228,0.715207796,0.735185159,0.769877561,0.79220557,0.816907917,0.830739336,0.821211175,0.801086992,0.78138243,0.753744622,0.714910098,0.669503234,0.645377488,0.623917335,0.600314011,0.576084749,0.548043742,0.508769514,0.479401315,0.489718183,0.528474237,0.522008403,0.511054532,0.500103731,0.48862367,0.479014916,0.467924832,0.455775594,0.442769842,0.429831772,0.420688075,0.419415852,0.420286014,0.422700656,0.426025534,0.429254803,0.432841556,0.437617546,0.441592418,0.44552573,0.45166834,0.458984077,0.466180199,0.472508642,0.479545032,0.487586216,0.496675494,0.504889825,0.512852309,0.520266148,0.527001548
Tx601,CS,2011,WS,CS11_WS,72,73,191.8,74.95,835,9.25,81.18,1233.659335,23.6585,835,98,8.5,22.5,14.3333333333333,1.269465098,1.243502643,1.218307139,1.195104421,1.170282115,1.146192702,1.129354685,1.12153338,1.120087056,1.119377697,1.093860492,1.076440644,1.055871894,1.03201242,0.990894754,1.00753938,1.025310093,1.047505186,1.032304619,1.021301314,1.011647671,0.999290722,0.988781436,0.982979434,0.980556345,0.981601484,0.98828753,1.001246669,1.020446891,1.045065205,1.068374172,1.100325773,1.080511363,1.056984078,1.031251825,1.012122918,0.990182069,0.965630327,0.94265356,0.912756796,0.886870225,0.867490995,0.843626332,0.815971155,0.798608209,0.77986497,0.790471653,0.81174691,0.805737032,0.753655245,0.774809098,0.810299553,0.831600066,0.855178756,0.868187953,0.858097958,0.837763959,0.817875015,0.789912948,0.750526348,0.704171082,0.679448429,0.657332014,0.633045414,0.607816234,0.57810965,0.535946174,0.503912938,0.514335312,0.55719688,0.550416114,0.538515761,0.526438395,0.513761846,0.503175114,0.490884204,0.477608008,0.463249534,0.448897696,0.438803045,0.437340453,0.438131545,0.440813845,0.444494662,0.448053843,0.452128445,0.457364466,0.461760106,0.466047304,0.472711873,0.480580683,0.488129385,0.494826074,0.502085028,0.510393652,0.519655111,0.52796832,0.536145868,0.543714692,0.550617227
Tzi10,CS,2011,WS,CS11_WS,72,75,199.4,77.45,1174,11.55,93.93,1734.5102505,32.526,1174,92.5,3.5,5,14.6666666666667,1.308606293,1.282180932,1.257084893,1.234177691,1.2102677,1.187163204,1.171775061,1.164787888,1.163074467,1.161767203,1.137867858,1.124688175,1.108024533,1.087620791,1.048598102,1.064252039,1.081994422,1.105381535,1.089651348,1.078783238,1.069639083,1.05802305,1.04796777,1.042164766,1.03925407,1.039626857,1.044839239,1.055604375,1.072092411,1.093850579,1.114921315,1.143924874,1.125342511,1.103604703,1.079967528,1.062602445,1.042625835,1.0201235,0.999592265,0.972544762,0.949391598,0.931913633,0.910483823,0.885105965,0.868781643,0.852098681,0.863059292,0.88517005,0.883711712,0.830250962,0.844154899,0.873812574,0.896021527,0.922216877,0.93740658,0.927589194,0.907394818,0.888201666,0.861149381,0.822860984,0.777145071,0.752338298,0.729852352,0.704648195,0.678149238,0.647041474,0.602836064,0.57067594,0.583992756,0.624090381,0.616138439,0.603550484,0.590853397,0.577464877,0.566463341,0.55362599,0.539728538,0.524597269,0.50910954,0.498142233,0.496448,0.496948582,0.49868807,0.501150935,0.503656134,0.5068236,0.511222469,0.515074854,0.519031555,0.525301574,0.533131783,0.540968382,0.547902755,0.55586342,0.565048945,0.57543683,0.584910071,0.594111625,0.602301504,0.609524035
Tzi16,CS,2011,WS,CS11_WS,70,71.5,184.15,83.8,640.5,8.55,58.61,946.2979692,18.2875,640.5,98,7.5,15,15.3333333333333,1.234810711,1.209066892,1.183622271,1.159884805,1.134451223,1.109661115,1.092110812,1.083859879,1.082716497,1.08266927,1.057799858,1.039117421,1.017106199,0.992102406,0.951569803,0.969839518,0.988569626,1.010628609,0.994951575,0.983540084,0.973299625,0.960142238,0.948918034,0.942673097,0.940017314,0.941017216,0.947798542,0.96105002,0.980773027,1.005870154,1.029604406,1.061931858,1.039882095,1.015599289,0.989094772,0.969546938,0.947180565,0.922241879,0.899059124,0.868899434,0.842975782,0.823661036,0.800079603,0.772879509,0.755828967,0.737822557,0.748469767,0.769750372,0.765322617,0.712882872,0.733211827,0.768477318,0.790008,0.813673369,0.826462885,0.815856183,0.795075161,0.774980711,0.747131079,0.70852688,0.663821502,0.640320208,0.619533474,0.596639873,0.572965418,0.545224907,0.506263356,0.47693631,0.486831319,0.52716433,0.521345,0.510442417,0.499480306,0.487869135,0.478085715,0.466875725,0.454832701,0.441822965,0.428824841,0.419602855,0.418368788,0.419212128,0.421891698,0.425480778,0.429003478,0.432786445,0.437875985,0.44213287,0.446331817,0.452694268,0.460171727,0.467530378,0.473776656,0.480815208,0.488659766,0.49751465,0.505547207,0.513246596,0.520527022,0.527027791
Va22,CS,2011,WS,CS11_WS,69,71,188,66,1276,10.5,81.83,1885.208756,35.656,1276,98,10,15,14,1.284300102,1.258782345,1.23428303,1.211958662,1.18845387,1.165871151,1.1509256,1.144078234,1.142485895,1.141165653,1.117653628,1.103463997,1.086390935,1.066014026,1.026294899,1.040088217,1.055929274,1.07605901,1.061543214,1.051618216,1.043136455,1.032387458,1.023113283,1.017912433,1.015625582,1.016407436,1.022113854,1.033198904,1.049746931,1.071563635,1.092565324,1.121260777,1.1025576,1.081147926,1.058005986,1.041284363,1.021903063,1.000116368,0.980361208,0.954254824,0.93211047,0.915286729,0.894771149,0.870458597,0.854640315,0.838351166,0.84788036,0.866897605,0.862005831,0.814550962,0.83059919,0.859798882,0.87880995,0.90058255,0.912876426,0.904180468,0.886164272,0.86868879,0.843782261,0.808306539,0.765345511,0.741977365,0.720741673,0.696733665,0.671566638,0.641505335,0.598264016,0.565351634,0.577005228,0.620336444,0.612592223,0.599996841,0.58732325,0.573788667,0.562683763,0.549585239,0.535330411,0.519847208,0.504276847,0.493169643,0.49143427,0.491984672,0.494401645,0.497736552,0.501054813,0.504744269,0.509726571,0.513886007,0.518203022,0.52473294,0.532629124,0.540358505,0.547250408,0.554809699,0.563466763,0.573145387,0.581946644,0.590394651,0.598190935,0.605091875
Va35,CS,2011,WS,CS11_WS,68.5,69,187.95,78.7,1597.5,9.85,77.965,2360.204536,44.907,1597.5,99,5,12.5,14.5,1.286702271,1.260893995,1.235845036,1.212820677,1.188359958,1.164715628,1.148599265,1.141291301,1.13985906,1.139108758,1.114583318,1.098430513,1.079103721,1.056168761,1.014756441,1.030567359,1.047915122,1.069603671,1.054467642,1.043792026,1.03447197,1.022548629,1.012372922,1.006617441,1.004039795,1.00492858,1.011295731,1.023703653,1.042195338,1.06613526,1.088976578,1.120134943,1.100487258,1.077579678,1.052494065,1.033927807,1.012721585,0.98895186,0.966806397,0.937992142,0.912982568,0.894235753,0.87122532,0.844312976,0.827224692,0.809037481,0.81976412,0.840888133,0.835166044,0.784227911,0.805063779,0.839769381,0.860148615,0.883211403,0.896122608,0.886126887,0.865959142,0.846267394,0.818326367,0.77899083,0.732409612,0.707548798,0.685027537,0.660412206,0.634800983,0.604135399,0.560141504,0.52676607,0.538049268,0.582684829,0.575203444,0.562721159,0.549883415,0.536338235,0.525311206,0.512400082,0.498397579,0.483342142,0.468253373,0.457601319,0.455994324,0.456750293,0.459463258,0.463194943,0.466875913,0.470883344,0.476350285,0.480725882,0.485131996,0.491900408,0.499884887,0.507649605,0.514426753,0.521849849,0.530291536,0.539797989,0.548334827,0.556658544,0.564376037,0.571275164
W22,CS,2011,WS,CS11_WS,67,69,175.25,67.35,1171,9.65,70.645,1730.077942,33.095,1171,92.5,15,32.5,15,1.276318638,1.251361359,1.226921639,1.204019536,1.1798083,1.156128111,1.139666479,1.131988905,1.130515199,1.129599016,1.105123494,1.088177194,1.068229576,1.044625281,1.003157391,1.019602816,1.037083223,1.057918934,1.043070254,1.032399734,1.022886288,1.010658416,1.00017948,0.99438123,0.991845333,0.992844757,0.999407117,1.012166672,1.031134366,1.055373671,1.078362182,1.109344399,1.088673892,1.065419073,1.040116769,1.021463545,0.999822228,0.975475051,0.952952967,0.923250858,0.897700365,0.878411762,0.854846283,0.827191833,0.809428199,0.791071502,0.8017458,0.823012988,0.817349886,0.765178113,0.785550658,0.820610662,0.84189376,0.865503361,0.878624554,0.868596593,0.848250049,0.828358385,0.8002681,0.760773758,0.714107345,0.689239275,0.666889821,0.642193428,0.61666476,0.586692438,0.543885241,0.51131001,0.522164722,0.565817174,0.559041022,0.547105254,0.534931487,0.52205447,0.511333742,0.498899382,0.485400919,0.470961915,0.456471276,0.446270174,0.444707862,0.445534323,0.448279284,0.452132388,0.455826842,0.459854368,0.465253852,0.46967021,0.474049696,0.48076624,0.488814176,0.496430332,0.503233689,0.510704442,0.519067326,0.528464517,0.537050957,0.545313558,0.552926218,0.559855088
X4226,CS,2011,WS,CS11_WS,67,69,193.05,90.15,1172.5,9.25,71.27,1732.294096,33.2275,1172.5,96.5,17.5,27.5,14.3333333333333,1.260228255,1.23432824,1.209129482,1.185811798,1.161145241,1.137273309,1.120910109,1.113238357,1.11178321,1.111002237,1.08611484,1.069592328,1.050259318,1.027476031,0.986261645,1.002320357,1.020040592,1.042180215,1.02649926,1.015607467,1.006112315,0.993979615,0.983577094,0.977765942,0.975169414,0.975942693,0.982197589,0.994482881,1.012888599,1.036830762,1.059707628,1.090740605,1.070208082,1.047163385,1.021927418,1.00350376,0.982275783,0.95856321,0.936694063,0.907991212,0.883519136,0.865089881,0.842640803,0.816228074,0.79952767,0.781909924,0.791979205,0.81225268,0.806786641,0.756411485,0.775128829,0.807909997,0.827901785,0.850960708,0.864091003,0.854420961,0.834666659,0.815464504,0.788447004,0.750461348,0.705761831,0.681886798,0.660574711,0.636934035,0.612352804,0.583381059,0.542012363,0.510625549,0.521515657,0.56321007,0.556490895,0.544901753,0.533176446,0.520746773,0.510405974,0.498339634,0.485257358,0.471300164,0.457313947,0.447409519,0.445943715,0.446751553,0.449353802,0.452962694,0.456375049,0.460226854,0.465428204,0.469723383,0.473951129,0.480511541,0.488302704,0.495842587,0.502498273,0.509702504,0.518077301,0.527302454,0.535716456,0.543994226,0.551464458,0.558384356
Yu796NS,CS,2011,WS,CS11_WS,67,67.5,175.25,68.6,1716,9.95,87.455,2535.2807415,48.244,1716,99,1,52.5,12,1.300834488,1.275240477,1.249861874,1.225786644,1.200075525,1.174661093,1.156662471,1.148184587,1.146849381,1.146898186,1.121136463,1.101629892,1.078912043,1.052570916,1.008926868,1.028238781,1.04785577,1.070806346,1.054981244,1.043314007,1.032677619,1.019034979,1.007203141,1.000747554,0.997962019,0.999109257,1.006567049,1.020889722,1.042094068,1.068870406,1.093912875,1.128002779,1.105492921,1.080084668,1.052247235,1.031305835,1.007315622,0.980207691,0.954838571,0.921760518,0.892932534,0.871407685,0.8450268,0.814471867,0.794986856,0.774912604,0.786723742,0.810354295,0.804809928,0.7473499,0.77029227,0.809736668,0.833781702,0.85994366,0.874152619,0.862856506,0.840107701,0.818017241,0.787081996,0.74403627,0.693989581,0.667665137,0.644068407,0.61837717,0.592345717,0.562065913,0.519337859,0.487313288,0.497904577,0.540510517,0.534167393,0.522448828,0.510478171,0.497823708,0.487423092,0.475364088,0.462430514,0.448592319,0.434699561,0.424926443,0.423563349,0.42442013,0.427105858,0.430728504,0.43423191,0.438166055,0.443362725,0.447633965,0.451859625,0.458343824,0.466061442,0.47347679,0.479993111,0.487131314,0.495306694,0.504504823,0.512773534,0.520802087,0.528371421,0.53525197
A188,CS,2011,WW,CS11_WW,59.5,59.5,186.65,53.35,3230.5,11.4,108.65,4772.8121395,89.363,1026.01,97.5,5,7.5,15,1.2502651,1.22405224,1.198369545,1.174577005,1.149324529,1.125309967,1.109829121,1.104872175,1.106866089,1.111162647,1.087580179,1.070664635,1.050590825,1.025883803,0.981012701,0.998276207,1.01739951,1.0422135,1.022649484,1.008711358,0.99658937,0.98040658,0.965200628,0.955413929,0.949101202,0.946876014,0.950043631,0.960377061,0.977560738,1.000381494,1.022415448,1.054524372,1.037535407,1.01460294,0.988915382,0.970941541,0.949536867,0.926080775,0.904687845,0.876896316,0.854037663,0.83707885,0.816963119,0.79408392,0.779561473,0.766467749,0.781204547,0.80394638,0.800459869,0.746324724,0.767034758,0.803117914,0.820110375,0.841387284,0.852202749,0.840371904,0.817775001,0.795578911,0.764788508,0.723650757,0.678538262,0.656005233,0.636912336,0.615092622,0.593249111,0.562527896,0.518346119,0.488583054,0.501144315,0.542428868,0.531599296,0.517076273,0.502535205,0.487578185,0.475460561,0.461663453,0.447260041,0.43183176,0.415325529,0.403330893,0.399730999,0.398404927,0.398010385,0.398311231,0.399206353,0.400172761,0.401854545,0.403153421,0.40453106,0.406704815,0.409261987,0.411719584,0.413677199,0.41597497,0.418580662,0.421503122,0.423977859,0.426134881,0.427726497,0.428690937
A632,CS,2011,WW,CS11_WW,65,66,187.95,58.45,1841,11.15,85.55,2720.307956,51.0775,612,95,5,10,16.3333333333333,1.270107612,1.243231852,1.215922295,1.190282231,1.162837744,1.136679479,1.119363137,1.113741116,1.116417529,1.122107498,1.09825213,1.079225036,1.056126217,1.027827243,0.981273551,1.00217499,1.023537164,1.048164699,1.027471192,1.012216921,0.998409736,0.979831497,0.962357566,0.951351033,0.944269185,0.941800383,0.945337807,0.9568893,0.975954742,1.000410839,1.023785651,1.058217219,1.037052661,1.011654015,0.983377698,0.963467419,0.939979646,0.914373961,0.890840866,0.860719074,0.835730164,0.81729343,0.795473042,0.770891519,0.755546655,0.741783456,0.757929548,0.782887683,0.782284227,0.721903906,0.743563446,0.783316728,0.803505473,0.827144012,0.838379784,0.824697919,0.799315658,0.774961439,0.741701885,0.69802314,0.651075006,0.627980057,0.608642381,0.586607309,0.564759299,0.534286366,0.491074861,0.462985507,0.474858103,0.514161229,0.50489557,0.490936098,0.476707635,0.461986259,0.45036397,0.437360418,0.423992241,0.409610581,0.393890618,0.382183307,0.378760205,0.377342299,0.376808049,0.376904938,0.377686734,0.378638608,0.380232057,0.381520768,0.382978585,0.385141739,0.387773695,0.390225731,0.392425354,0.394640216,0.397477896,0.400604204,0.403246369,0.405536022,0.407175952,0.4083567
A679,CS,2011,WW,CS11_WW,67,66.5,185.4,66.05,1839,9.9,75.75,2717.0877085,51.629,632.5,96.5,2.74,20,16.3333333333333,1.239425762,1.213245156,1.186879283,1.162225095,1.135838553,1.110990203,1.094448043,1.088864525,1.091195855,1.096168971,1.073357969,1.054149934,1.031147031,1.003956416,0.960257847,0.980200202,1.000876677,1.025157198,1.004681887,0.989840425,0.976601874,0.958807094,0.94223157,0.931654487,0.924859167,0.922386918,0.925501454,0.93621346,0.954069473,0.97726563,0.999580936,1.032185975,1.012061353,0.987874161,0.961078063,0.942512109,0.920337772,0.896067626,0.874053669,0.845467462,0.822132416,0.804735607,0.784297748,0.761135358,0.746368483,0.733544264,0.749107275,0.773337248,0.772349788,0.714786152,0.73581711,0.773378133,0.791467282,0.813746822,0.824494566,0.811453364,0.787326025,0.764127114,0.732298575,0.690499928,0.645469359,0.623218786,0.604734258,0.583470039,0.562451204,0.532742041,0.490704208,0.462821794,0.47491173,0.513627216,0.503388644,0.489379707,0.475267461,0.46089415,0.44937089,0.436289511,0.422888184,0.40844033,0.392876975,0.381507404,0.378242004,0.376958062,0.376485087,0.37653357,0.377403113,0.378239261,0.379809891,0.381102465,0.382438934,0.384521784,0.387026185,0.38936354,0.391334199,0.393647933,0.39627825,0.399248966,0.401832088,0.404137072,0.405748186,0.407023524
A680,CS,2011,WW,CS11_WW,70,70.5,176.55,64.75,907.5,13.3,62.55,1341.1063373,24.522,390.63,98,8.06,45,15.6666666666667,1.225107602,1.198312147,1.171662951,1.146984953,1.120729434,1.096025357,1.080206033,1.07498934,1.077552532,1.082166525,1.058630683,1.041105823,1.019907135,0.994173462,0.949354366,0.967875563,0.987863229,1.013060278,0.992599439,0.97796176,0.965059547,0.947814016,0.93160644,0.921186148,0.914456224,0.911912491,0.914815555,0.925050629,0.942309498,0.965123605,0.987118752,1.019355538,1.000871682,0.977426926,0.951294352,0.932997214,0.911338864,0.8878225,0.86633189,0.838799668,0.816141688,0.799448109,0.77972225,0.757440158,0.743569083,0.73100045,0.745758164,0.768594332,0.767255267,0.712155269,0.731790749,0.767787025,0.785434567,0.807373515,0.818276884,0.805973436,0.782707535,0.76022097,0.72947315,0.688802301,0.644995375,0.623416967,0.605400285,0.584729626,0.56411724,0.534913963,0.493499397,0.466503493,0.478475619,0.516568782,0.506902886,0.493245642,0.479750192,0.465745565,0.454500524,0.441768071,0.428872366,0.414899813,0.399857814,0.388712075,0.385438515,0.384153448,0.383720757,0.383824062,0.384606609,0.3855288,0.387067979,0.388313409,0.389591024,0.391620559,0.394121483,0.396524449,0.398472135,0.400721082,0.403271232,0.406283211,0.408888398,0.410997644,0.412577368,0.413633839
AAP102,CS,2011,WW,CS11_WW,66,66.5,172.7,55.9,2242.5,8.2,93.25,3313.230553,64.2645,689,98,2.545,10,12.6666666666667,1.297135109,1.272252019,1.247863477,1.225439063,1.201980884,1.179736057,1.16583986,1.161704824,1.163147738,1.166445591,1.144471676,1.129751668,1.111633286,1.089129052,1.04653119,1.061213561,1.078404591,1.10095794,1.082305566,1.069377726,1.058258344,1.043427615,1.029555193,1.020665366,1.014861885,1.012825282,1.015461649,1.024519959,1.03974649,1.059983329,1.079678371,1.108423654,1.092449562,1.071451299,1.048098824,1.032010675,1.012658182,0.991253777,0.972125177,0.946901969,0.926221437,0.910664674,0.89211244,0.870559117,0.856571644,0.844281541,0.858893448,0.880970273,0.877851746,0.82453521,0.843832143,0.877495751,0.893138105,0.912917597,0.922916714,0.911295368,0.889826673,0.868676583,0.839002536,0.798562117,0.753088782,0.729776377,0.709894826,0.686672146,0.662947528,0.629418763,0.5805552,0.547221452,0.560822958,0.606682752,0.594262744,0.577898825,0.56136768,0.544385297,0.530712726,0.515048971,0.498831552,0.481201304,0.462378805,0.448681973,0.444733452,0.443275607,0.442693453,0.442948203,0.443885995,0.444871256,0.446704161,0.448148962,0.449654691,0.452125816,0.455040603,0.457870524,0.460211695,0.462945251,0.465984157,0.46939693,0.472305361,0.474937793,0.476614904,0.477726279
AAP112,CS,2011,WW,CS11_WW,63,65,196.85,68.6,2514,8.85,94.9,3714.6085145,71.722,718,96.5,1,17.5,13.6666666666667,1.300323854,1.274527072,1.249322712,1.226290551,1.202261357,1.179815438,1.166036998,1.162033093,1.16429496,1.168403593,1.146227648,1.132470365,1.115102508,1.093081443,1.049473372,1.064515596,1.081888102,1.104507094,1.08491371,1.071485697,1.060145825,1.045009778,1.030710645,1.02140987,1.015369708,1.013037972,1.015575226,1.024663286,1.040059743,1.060943756,1.081461787,1.111545138,1.097024174,1.075992876,1.052354783,1.036072879,1.01646398,0.99489304,0.975415966,0.9500632,0.929366333,0.913852436,0.895383986,0.874177337,0.860434339,0.848565089,0.863637125,0.885713949,0.881034004,0.826603194,0.845147333,0.879454757,0.897159516,0.916984464,0.926277631,0.913446009,0.891714735,0.870598932,0.841022563,0.800835285,0.755794287,0.732861751,0.713120685,0.690462318,0.667565838,0.635150272,0.587604997,0.554707437,0.565638085,0.610555782,0.59903301,0.583281715,0.567299504,0.550765091,0.537186471,0.52168846,0.505285053,0.487478776,0.468451066,0.454185179,0.449643583,0.447646001,0.446538678,0.446417252,0.447260073,0.44817723,0.450045251,0.451649264,0.453259102,0.456021371,0.45913804,0.462065334,0.464472301,0.467041059,0.469945871,0.473007006,0.475270043,0.47718437,0.478249378,0.478783212
AAP119,CS,2011,WW,CS11_WW,69.5,70,215.9,83.8,3218.5,12.2,89.1,4755.4725115,88.2535,640.06,96.5,3.3,7.5,16.3333333333333,1.259491897,1.233584155,1.207176277,1.182189598,1.155475411,1.129786659,1.112425435,1.106487472,1.108590212,1.114232601,1.091656572,1.071807167,1.048121905,1.019829939,0.975076066,0.995929432,1.017288764,1.041730709,1.021135037,1.006117258,0.992635665,0.97452521,0.957669669,0.946913497,0.940177774,0.937812432,0.941378967,0.952771717,0.971559003,0.995668012,1.018588753,1.052301569,1.030386923,1.005244672,0.97738396,0.95819865,0.935158488,0.909997592,0.887137376,0.857369502,0.833031044,0.814845593,0.793393061,0.769088279,0.753663034,0.740136598,0.756226638,0.781649654,0.78065787,0.721021258,0.743120543,0.782065145,0.801322665,0.824487722,0.835604929,0.822006952,0.796928807,0.77294165,0.740163496,0.697201091,0.650970985,0.628151172,0.609304534,0.587293132,0.565729807,0.535661427,0.493473167,0.465516336,0.477464399,0.516997902,0.506927813,0.492880295,0.478752297,0.46433991,0.452758231,0.439759075,0.426320442,0.41181759,0.396215556,0.384885704,0.381660284,0.38040658,0.379957465,0.380116111,0.380923532,0.381802789,0.383489169,0.38478316,0.386111256,0.388309943,0.390803354,0.393320462,0.395334646,0.397796601,0.400480702,0.403565262,0.406196931,0.408569542,0.410301684,0.411414388
AAP212,CS,2011,WW,CS11_WW,68.5,68,213.35,82.55,3767,9.45,102.2,5565.514627,107.0725,1038.65,100,3.55,2,14.3333333333333,1.310898163,1.287072364,1.263656409,1.2420227,1.219379871,1.19808087,1.184770452,1.180706435,1.182061583,1.184789804,1.16360332,1.148849454,1.131353708,1.109425602,1.067020103,1.080934922,1.097177051,1.119309353,1.101556686,1.089274874,1.078681658,1.064522723,1.051239901,1.042571585,1.036973898,1.034948685,1.037541427,1.046325897,1.061143042,1.081013177,1.100452047,1.128715009,1.113798511,1.093608645,1.071099004,1.055524631,1.036804491,1.015904488,0.997161142,0.972406577,0.952072719,0.936664996,0.918230082,0.896852805,0.882748809,0.870375438,0.884928245,0.906948393,0.903143086,0.850181847,0.870283025,0.903668747,0.918178847,0.936868723,0.946482188,0.935601362,0.914787879,0.89408042,0.864693553,0.824227727,0.778172292,0.754561954,0.734140263,0.710478552,0.686133713,0.651661413,0.601373724,0.566689755,0.580351316,0.62860251,0.615278969,0.598158643,0.581024053,0.563471504,0.549376038,0.533224908,0.516323849,0.498051181,0.478704177,0.464682709,0.460614422,0.459012421,0.458589599,0.458910763,0.459893972,0.461053649,0.463047346,0.464435996,0.466071451,0.468553567,0.471501798,0.474301035,0.476618973,0.479180574,0.482198178,0.485420161,0.488317565,0.490527793,0.492373773,0.493343769
AAP235,CS,2011,WW,CS11_WW,69.5,71,212.1,90.15,2625,10.1,99.35,3877.953786,73.4315,706.09,99,2.175,22.5,12.3333333333333,1.300844714,1.277333093,1.254361845,1.233331655,1.211300517,1.190452736,1.177522589,1.173477748,1.174702707,1.177117689,1.155860588,1.14234319,1.125842816,1.104950945,1.063352897,1.076568691,1.092135672,1.113234823,1.09633947,1.084522439,1.074297575,1.060588566,1.047755272,1.039345739,1.033918848,1.032022168,1.034660492,1.043365351,1.057955988,1.07741635,1.096442023,1.124140558,1.11002537,1.090366046,1.068311027,1.052998066,1.034572635,1.013815374,0.995093892,0.970226372,0.949650787,0.93393607,0.915105231,0.893050957,0.878476743,0.865520368,0.87966438,0.901311964,0.897169351,0.843758088,0.863804054,0.897552368,0.912708687,0.931740467,0.941428135,0.930829722,0.910157341,0.889566148,0.860186896,0.819395508,0.772656395,0.748538199,0.727450912,0.703111552,0.678172786,0.643298083,0.592347707,0.556933415,0.570426919,0.618471806,0.605733262,0.588637199,0.571452848,0.553798183,0.539558618,0.5233208,0.50629388,0.487829282,0.468263564,0.453882676,0.449657726,0.448006088,0.447319499,0.447506276,0.448431306,0.449478585,0.451311841,0.452747307,0.454367812,0.456804383,0.459726747,0.462385598,0.464630514,0.467209007,0.47010411,0.473374391,0.476070855,0.47842196,0.479838817,0.480961002
AAP236,CS,2011,WW,CS11_WW,68,70,198.1,76.2,2189,8.75,84.9,3233.926666,62.3685,594.5,98,1,10,14.6666666666667,1.311937241,1.287131672,1.263275871,1.241601457,1.218922063,1.197762631,1.184899538,1.181006016,1.182498423,1.185178812,1.163913456,1.150883274,1.134482961,1.113720812,1.072448182,1.086432957,1.102741536,1.124736198,1.106677935,1.094302668,1.083674425,1.069482079,1.056051623,1.047279337,1.041421766,1.039066334,1.041152461,1.049254009,1.063059656,1.081801122,1.100170031,1.127060589,1.112253004,1.092518908,1.070474472,1.055347018,1.037003338,1.016676296,0.998269239,0.974042004,0.954090396,0.938831394,0.920643375,0.899341813,0.885369755,0.87317295,0.888454999,0.911751829,0.909441006,0.854595165,0.87209691,0.904190815,0.920777155,0.941514128,0.951817371,0.940625898,0.919501437,0.898651719,0.869133496,0.828487429,0.781940279,0.758065535,0.737434684,0.713303315,0.68850387,0.653919758,0.604601498,0.571861737,0.58654761,0.631350934,0.617950893,0.601241418,0.584585521,0.567774245,0.554095557,0.538589086,0.522288315,0.50466231,0.485946432,0.472372744,0.468395017,0.466809778,0.466050896,0.465833383,0.466347193,0.467069899,0.468440505,0.469530635,0.470857228,0.473140584,0.476015191,0.478838347,0.481390562,0.484419644,0.487845756,0.491776973,0.495092306,0.497942822,0.50005059,0.501381196
AAP239,CS,2011,WW,CS11_WW,69.5,70.5,205.75,78.7,3918,11.85,103.7,5788.9626765,107.6625,856.5,99,3.19,2,13.6666666666667,1.322338145,1.295732218,1.269665409,1.245642286,1.219987293,1.195805965,1.180439436,1.175579517,1.177514229,1.181506221,1.15719753,1.14048778,1.120495177,1.095695951,1.048984994,1.065680777,1.084744682,1.110273358,1.090368409,1.0762587,1.064120065,1.047863317,1.032644149,1.02277609,1.016512248,1.014304591,1.017616128,1.027963766,1.045302402,1.068185808,1.090367512,1.122900689,1.106287992,1.08334415,1.057585125,1.039631236,1.018071296,0.994188697,0.972554453,0.94417742,0.920826209,0.903265749,0.882335607,0.858297044,0.842659637,0.828935867,0.844547391,0.868433083,0.864270106,0.808175851,0.830252302,0.86818949,0.886142159,0.908302011,0.919678646,0.907917107,0.884745587,0.861893391,0.829799193,0.786306987,0.73793328,0.713503082,0.692495584,0.668503001,0.644484374,0.610931679,0.562579727,0.529712672,0.54291688,0.588305066,0.576449515,0.560453699,0.544308726,0.527893907,0.514603831,0.499401809,0.483701776,0.466727993,0.448625186,0.435339372,0.431498725,0.429938453,0.429467273,0.429803051,0.430772921,0.431795886,0.433688755,0.435071905,0.436526538,0.438990836,0.441713001,0.444344919,0.446605702,0.449151083,0.452114546,0.455343301,0.458158489,0.460514501,0.462184533,0.463236761
AAP240,CS,2011,WW,CS11_WW,69.5,70,210.8,81.25,2677.5,11.2,83.7,3955.244696,74.502,651.81,97.5,2.5,7.5,13.3333333333333,1.29522263,1.268948345,1.24306432,1.219180663,1.193939123,1.169928851,1.154742929,1.150023784,1.152060717,1.1559569,1.132154508,1.1156738,1.095648705,1.07093296,1.025098054,1.041918007,1.061007399,1.086153942,1.066078516,1.051933068,1.039728245,1.023420219,1.008052919,0.998164671,0.991694663,0.989329602,0.992380592,1.002527399,1.019518965,1.041938001,1.063601894,1.095296308,1.07875874,1.056084428,1.030650293,1.012891844,0.991605119,0.967984655,0.94670686,0.918619336,0.895509636,0.878113707,0.857448926,0.833590133,0.818194422,0.804659339,0.820365113,0.844535252,0.840954333,0.784737149,0.806809572,0.844594449,0.862477207,0.884657886,0.895960517,0.883992318,0.860714142,0.837771453,0.805672049,0.762330122,0.714195411,0.689968483,0.669310482,0.645658304,0.622098102,0.588923948,0.541354742,0.509433717,0.522632743,0.566717586,0.555174825,0.539424586,0.523565172,0.507289039,0.494431785,0.479708893,0.464416464,0.447991085,0.430443605,0.417562683,0.413767236,0.412331379,0.411771572,0.412028593,0.41281466,0.41377629,0.415531289,0.41692026,0.418302324,0.420546893,0.423312886,0.42588731,0.428059914,0.430487298,0.433342884,0.436620984,0.439354433,0.441611289,0.443326989,0.444474586
AAP241,CS,2011,WW,CS11_WW,68,68,207,77.5,3444,9.7,95.9,5088.0637505,97.117,969.5,99,3.61,2,16.6666666666667,1.304245814,1.278688654,1.253918825,1.231227721,1.207324492,1.184858489,1.170996384,1.166861614,1.168471581,1.171349179,1.148654267,1.134336897,1.116199294,1.093285575,1.048582667,1.063520586,1.081046165,1.104231793,1.084987887,1.07169783,1.060244168,1.045002171,1.030678297,1.021413197,1.015379075,1.013070307,1.015664343,1.0247481,1.040109131,1.060658492,1.080783264,1.109911097,1.093970674,1.072732995,1.049027871,1.032772918,1.013023276,0.991171118,0.971607308,0.945717809,0.924602956,0.908627237,0.889634057,0.867560549,0.853043241,0.840620055,0.855656601,0.878540979,0.87595122,0.820982419,0.84016478,0.874637395,0.891141231,0.911796427,0.922257183,0.910548557,0.888452557,0.866787388,0.836387226,0.795221809,0.748911481,0.725483563,0.705616848,0.682067604,0.658365943,0.624681744,0.576584753,0.544064577,0.557473455,0.60329083,0.59075291,0.5743857,0.558157832,0.541543094,0.528093678,0.512705168,0.49675975,0.47956201,0.461207093,0.447747821,0.443711453,0.442142832,0.441594093,0.441707786,0.442492179,0.443479581,0.445205069,0.44649928,0.447983573,0.450266086,0.453056916,0.455734665,0.457969989,0.460525349,0.463398428,0.466721727,0.469472354,0.471811169,0.473476436,0.474563315
AAP242,CS,2011,WW,CS11_WW,70,69.5,210.8,77.45,4385.5,11.6,104.2,6479.5626395,120.9895,924.77,98,3.565,2,15.6666666666667,1.366728673,1.3405321,1.315209258,1.291837978,1.267471505,1.244333169,1.23014866,1.225938928,1.227637815,1.230722728,1.207219088,1.192553804,1.174585205,1.151819222,1.106261329,1.121295077,1.139113666,1.163748556,1.144474014,1.131087649,1.119655047,1.104326588,1.089842336,1.080431251,1.074194673,1.071872981,1.074601601,1.084028391,1.099980533,1.12136294,1.142272125,1.172823193,1.157628614,1.135962536,1.111740311,1.094548454,1.074089017,1.051330759,1.030623024,1.003540075,0.98102029,0.964121054,0.943849491,0.920361241,0.905096978,0.891668593,0.907563286,0.931485355,0.927794206,0.870290339,0.890236808,0.926168966,0.944023336,0.966279949,0.977637523,0.966168506,0.943469607,0.920930507,0.889000204,0.845202912,0.795697351,0.770506206,0.748525598,0.723415042,0.697740424,0.662027335,0.610388086,0.57578575,0.590275096,0.637586198,0.624519122,0.607419071,0.590270447,0.572653012,0.55848539,0.542393222,0.525653488,0.50749753,0.488119956,0.473789591,0.469603701,0.467873284,0.467228357,0.467226244,0.467998475,0.468967941,0.470598267,0.471978536,0.473392147,0.475857677,0.478842439,0.481657515,0.484220176,0.487099289,0.490446914,0.494137891,0.49733482,0.499976479,0.501979298,0.503215884
AAP244,CS,2011,WW,CS11_WW,68,67.5,185.4,68.55,2566,10.445,80.9,3790.96619175,72.077,683.5,94,3.575,27.5,16.3333333333333,1.302614026,1.27832975,1.254377897,1.232276296,1.209215385,1.187278422,1.173570563,1.169223114,1.170659787,1.173653453,1.151611552,1.136974365,1.119483515,1.097352383,1.054290611,1.068625716,1.085224505,1.107574335,1.089493459,1.076913819,1.066178696,1.051721066,1.038113015,1.02931862,1.023562526,1.021552198,1.024267364,1.033373058,1.048619657,1.068979471,1.088743871,1.117688134,1.103036021,1.082427996,1.059374008,1.043329289,1.02395486,1.00244811,0.982989674,0.957269219,0.936058454,0.920080413,0.900867585,0.878608131,0.863921063,0.851021146,0.865698448,0.88817793,0.884004048,0.830695726,0.8511079,0.8856945,0.901394526,0.921483019,0.931907337,0.921017512,0.89965777,0.87838402,0.848252564,0.806937968,0.760171962,0.736204597,0.715488664,0.69167127,0.667491321,0.633469707,0.583827402,0.549670148,0.563137854,0.609629173,0.597108639,0.58046385,0.563720421,0.546562581,0.532699541,0.516917575,0.500421152,0.48258563,0.46363634,0.449733403,0.445667046,0.444094535,0.443475144,0.443698413,0.444638758,0.445696795,0.447578025,0.449011735,0.450599093,0.453077971,0.45600677,0.45881924,0.461081311,0.463806117,0.466798505,0.470127474,0.473037814,0.47548846,0.477295991,0.478484319
AAP245,CS,2011,WW,CS11_WW,66.5,67.5,205.75,82.55,3534,10.8,105.2,5220.6752915,98.467,873.285,96.5,3.65,8.5,13.3333333333333,1.366148622,1.340721472,1.31622522,1.293393547,1.269805085,1.247272964,1.233462761,1.228941247,1.230434488,1.233326412,1.210932011,1.195348587,1.176881818,1.154088225,1.109599322,1.123981302,1.140925742,1.163311353,1.144256415,1.131120084,1.119818593,1.104908532,1.090647826,1.081503381,1.075492661,1.073282717,1.075914949,1.085066838,1.100442912,1.121119338,1.141157467,1.1703362,1.15379937,1.132454425,1.108771892,1.092252106,1.072543689,1.050629059,1.030892227,1.004930488,0.983453314,0.967223275,0.947764149,0.925130857,0.910205646,0.897143368,0.912608361,0.935631506,0.931476242,0.874150237,0.89545912,0.930922923,0.946287438,0.965951388,0.975898549,0.96368074,0.941039245,0.918773526,0.887357771,0.844203469,0.795208675,0.770205888,0.748433769,0.723301108,0.697378923,0.660545103,0.606918425,0.570212566,0.584648452,0.635604191,0.621934973,0.603792406,0.585535297,0.566924641,0.551902154,0.53487863,0.517059213,0.497866076,0.477460998,0.46236791,0.457957854,0.456283343,0.455711076,0.456063486,0.457124406,0.458336606,0.460332261,0.46189956,0.463521254,0.466180734,0.469227617,0.472217045,0.474621852,0.477397207,0.480635769,0.484139558,0.487050029,0.489636106,0.491476637,0.492452894
AAP258,CS,2011,WW,CS11_WW,69,71,212.05,80.05,2595.5,9.4,94.05,3834.448745,73.275,658.5,94,2.5,7.5,16.3333333333333,1.318140676,1.292672417,1.267679345,1.244657024,1.220638399,1.197738413,1.18358352,1.179351741,1.18110606,1.184232681,1.160914711,1.146362796,1.127970892,1.104752068,1.059623521,1.074598742,1.092188912,1.115963577,1.096647831,1.083302748,1.071895019,1.056718595,1.042377932,1.033124165,1.027038068,1.024767638,1.027450731,1.036862379,1.052601701,1.07373615,1.09436708,1.124466619,1.109065122,1.087635483,1.063599662,1.047018612,1.026963328,1.004575126,0.984492653,0.957886506,0.936043652,0.919518472,0.899867377,0.876938261,0.861944863,0.848888769,0.86386351,0.886609457,0.882655959,0.827350454,0.847514096,0.882874527,0.898997587,0.919740723,0.930325763,0.918847821,0.896784455,0.874867302,0.843977235,0.801765249,0.754148146,0.729975883,0.709283926,0.685228821,0.660986725,0.626808449,0.57729413,0.543584032,0.557526319,0.603941786,0.591425785,0.57490915,0.558364531,0.541473377,0.527752646,0.512066293,0.495853256,0.478299748,0.459682978,0.446049256,0.442050215,0.4404637,0.439898876,0.440048226,0.441025405,0.441998421,0.443884747,0.44528528,0.446825144,0.449162635,0.451979318,0.454746233,0.456938054,0.459492458,0.462429775,0.465803206,0.46855134,0.471005873,0.472669564,0.473836407
AAP261,CS,2011,WW,CS11_WW,69,69,196.85,76.2,2091,10.4,86.65,3088.904053,58.6315,598.4,99,1.875,10,14.3333333333333,1.323465816,1.297529762,1.271244525,1.246544866,1.220195524,1.195203866,1.178732125,1.173199265,1.175269685,1.179834026,1.156543198,1.137451644,1.115092019,1.087914525,1.042600618,1.061804874,1.081773618,1.105312713,1.085457911,1.071049301,1.058022739,1.040602838,1.024325412,1.013942632,1.007357899,1.005150104,1.008611176,1.019812657,1.038128107,1.061845588,1.084424324,1.117662709,1.097963967,1.073622613,1.046637236,1.027540788,1.00498252,0.980128489,0.957459076,0.927981188,0.903453455,0.885235698,0.8635365,0.838893038,0.8232517,0.809153969,0.82508336,0.849882378,0.84798524,0.787743213,0.810093588,0.849256749,0.868520927,0.891200606,0.902108073,0.889118475,0.864934552,0.841384427,0.808664684,0.764963345,0.716886176,0.692835677,0.672391971,0.648963036,0.625536728,0.59272435,0.545728318,0.514186694,0.52722491,0.570920301,0.560042721,0.544600175,0.52887031,0.512697528,0.499888786,0.48536515,0.470171558,0.453729755,0.436081757,0.423025376,0.419304887,0.41784496,0.417412987,0.417672067,0.418697194,0.419775378,0.42165823,0.423061655,0.424614291,0.427011135,0.429920014,0.432695176,0.434990095,0.437598155,0.440562783,0.443980905,0.446749885,0.449234766,0.451051833,0.452241696
AAP266,CS,2011,WW,CS11_WW,69,69.5,219.7,90.2,2990,11.25,106.4,4417.711119,82.8645,758.445,98,3.295,7.5,14,1.360865211,1.33548608,1.3103496,1.287071672,1.262648761,1.239366322,1.224923976,1.220548818,1.222124691,1.225369745,1.201895425,1.186573965,1.168225452,1.144869044,1.098239627,1.113041956,1.130619022,1.155022291,1.136004604,1.122756831,1.111340615,1.096027653,1.081655589,1.072306529,1.066263305,1.06403025,1.066984066,1.076630391,1.092853955,1.114651569,1.135817098,1.166756892,1.151485814,1.129667487,1.105241404,1.088104994,1.067641763,1.044794429,1.024193669,0.997216627,0.97492998,0.958158596,0.938184953,0.914997815,0.899878192,0.886548118,0.90126898,0.923750097,0.919451781,0.863620654,0.883687112,0.919201511,0.93564633,0.956590259,0.96766159,0.956600698,0.934571896,0.912620121,0.881554055,0.838976678,0.790666926,0.766048002,0.744611037,0.719975565,0.694995234,0.659942116,0.608504791,0.572972681,0.586886329,0.635096258,0.622269756,0.605258764,0.588123572,0.570443511,0.556125079,0.53971466,0.522526591,0.504007807,0.484308516,0.469611702,0.465353532,0.46368062,0.463080328,0.463326972,0.464319186,0.465432438,0.467358277,0.468854806,0.470497015,0.473010028,0.47596602,0.478750591,0.481137753,0.483765105,0.486783706,0.490156994,0.493090549,0.495580259,0.497245305,0.498327947
AAP267,CS,2011,WW,CS11_WW,68.5,69.5,186.65,83.85,1648.5,9.395,80.3,2435.5233515,47.029,423.78,98,1,20,12.6666666666667,1.344300345,1.318805486,1.293904695,1.271098281,1.247198998,1.224849326,1.211383046,1.207484971,1.209208045,1.211845257,1.188354691,1.173816852,1.156799659,1.135209377,1.089317757,1.102533896,1.118829459,1.142602857,1.124169709,1.111269111,1.100198895,1.085483587,1.071487064,1.062352847,1.056368349,1.054153096,1.056655529,1.06548706,1.080656516,1.101214025,1.121409136,1.151074085,1.136633475,1.115823672,1.092511445,1.076259653,1.056841209,1.035209443,1.015821065,0.99037573,0.969420708,0.953761781,0.934960635,0.9131819,0.8987388,0.886388638,0.900345909,0.921238981,0.917781658,0.862894032,0.881198408,0.914550054,0.92977369,0.949431123,0.959786002,0.948914943,0.927946599,0.906952218,0.877212195,0.836379249,0.790137482,0.766529484,0.746198031,0.722277267,0.697990244,0.663566471,0.613204986,0.578735645,0.592385779,0.639756322,0.627481875,0.610857964,0.59406736,0.576574071,0.56245904,0.546464116,0.529863711,0.511851229,0.492614342,0.478108234,0.473859231,0.472215178,0.471526716,0.471782107,0.472759693,0.473916607,0.475803898,0.477342382,0.478934666,0.481467056,0.484496151,0.487365431,0.489656117,0.492308954,0.495293739,0.49864133,0.501518699,0.5039213,0.505590351,0.506730757
AAP275,CS,2011,WW,CS11_WW,69.5,70.5,212.1,59.7,3808.5,11.6,127.7,5626.904228,105.144,987.215,98,3.83,5,14.3333333333333,1.360445519,1.332926275,1.306230471,1.281770521,1.256332454,1.232258621,1.217896627,1.213966111,1.215705708,1.219192736,1.194779479,1.181496814,1.164161658,1.141373427,1.093798164,1.108357336,1.126248104,1.151125651,1.131193401,1.117515166,1.105902864,1.090541582,1.075692718,1.065987261,1.059490147,1.056859205,1.059251118,1.068491384,1.084284755,1.105859862,1.127213651,1.158467336,1.142911934,1.120756544,1.096089174,1.079068414,1.058557368,1.035924496,1.015663341,0.989267024,0.967687034,0.951546924,0.932361019,0.910206089,0.89564645,0.883221903,0.897773733,0.919920513,0.916295829,0.861946764,0.87934186,0.912742346,0.929331762,0.950965944,0.962138115,0.950612152,0.928343122,0.906698825,0.875976345,0.834315179,0.787566751,0.763770156,0.743029724,0.719049103,0.694904899,0.660428825,0.609877293,0.575534923,0.589668632,0.634648359,0.622193699,0.605637423,0.588764151,0.571314549,0.557328169,0.54131022,0.524555386,0.506322168,0.486728608,0.472019402,0.467681691,0.465966038,0.465255596,0.465191581,0.465971172,0.466941167,0.468544577,0.469930027,0.471421834,0.473800086,0.476759586,0.479663603,0.482087329,0.484937697,0.488187404,0.491897011,0.495172238,0.497775154,0.499762533,0.501027372
AAP281,CS,2011,WW,CS11_WW,67,66.5,186.65,71.15,2994.5,9.8,97.7,4423.836413,84.247,696.82,96.5,2.62,6,14.3333333333333,1.309353124,1.284898591,1.260852755,1.238677838,1.215324594,1.193024087,1.178888119,1.174217212,1.175737826,1.179031788,1.157042874,1.141443049,1.12258853,1.099258283,1.056514153,1.072379448,1.090232361,1.113083227,1.094211103,1.080963386,1.069432084,1.053980424,1.039392609,1.029964931,1.023908614,1.021662239,1.024460963,1.033919152,1.049711602,1.070548337,1.090634192,1.119825943,1.103670818,1.082270223,1.058409537,1.041556326,1.021449008,0.999158141,0.978785774,0.952144027,0.92998517,0.913361562,0.893416219,0.870521295,0.855819257,0.842514686,0.857944606,0.8816108,0.878246743,0.821631558,0.842823823,0.878976768,0.895808784,0.916883461,0.927510028,0.915485853,0.892686082,0.870241667,0.838823694,0.796121161,0.748436705,0.724251819,0.703527116,0.679821039,0.655377151,0.621196861,0.571873467,0.538712601,0.552288925,0.598445273,0.585967037,0.569433861,0.552952117,0.53604008,0.522454077,0.506897748,0.490809021,0.473425944,0.454993972,0.441396024,0.437444393,0.435934939,0.435279294,0.43549428,0.436336856,0.437340046,0.439161463,0.440625293,0.44209949,0.444404472,0.447441941,0.450139404,0.452474233,0.455043107,0.458056196,0.461446549,0.464350211,0.466804422,0.468689199,0.46978034
AAP297,CS,2011,WW,CS11_WW,69,70,226.05,94,3955.5,10.6,110,5844.018214,110.392,848.405,94,6,7.5,17.6666666666667,1.314567447,1.288893745,1.264264282,1.241943484,1.218687484,1.197040712,1.184324,1.180836785,1.182271365,1.184218566,1.161428261,1.148907312,1.133328123,1.113171233,1.068963286,1.080765176,1.095867583,1.117727749,1.100530648,1.088460428,1.078332164,1.064725739,1.051969358,1.043610456,1.038135365,1.035963489,1.038316095,1.046524957,1.060502493,1.079782009,1.09888886,1.127033332,1.114080666,1.094401407,1.072383388,1.057551378,1.039401882,1.019201831,1.001457676,0.977797123,0.958866072,0.944354742,0.927230719,0.907027286,0.893543333,0.882043508,0.894693995,0.913694479,0.909690332,0.860660515,0.877068061,0.906849862,0.920322072,0.93838193,0.947943892,0.938180576,0.919058601,0.900099709,0.872961773,0.835359637,0.792104201,0.769644209,0.750184732,0.727055075,0.703819044,0.670510878,0.621304568,0.586824943,0.600256553,0.646231877,0.63382957,0.617345089,0.600743969,0.583641258,0.569856513,0.55384399,0.537158182,0.51908673,0.499835643,0.485517702,0.481329381,0.479715089,0.479224977,0.4795618,0.480580892,0.481756274,0.483707226,0.485122508,0.486708829,0.489266387,0.492137906,0.494957735,0.497328778,0.499967027,0.502954289,0.506404143,0.509236708,0.511604434,0.513436784,0.514532459
AAP298,CS,2011,WW,CS11_WW,68.5,69.5,212.1,85.1,3711.5,15.1,100.95,5483.96523,98.3805,831.5,94,3.625,5,14.6666666666667,1.264602422,1.240091807,1.215520953,1.192610448,1.168156195,1.144946759,1.129745628,1.124540978,1.126301523,1.130513965,1.10913279,1.091921816,1.071126167,1.045856704,1.004166918,1.021984075,1.040568918,1.062504528,1.043810597,1.03035562,1.018325134,1.002204205,0.987083387,0.977465649,0.971293733,0.969150198,0.972201375,0.982263335,0.998909257,1.02049154,1.041156578,1.071427366,1.052982309,1.030543452,1.005715528,0.988364487,0.967618946,0.94479338,0.924026496,0.896830292,0.874313724,0.857397719,0.837279266,0.814141744,0.799345866,0.786062319,0.80145869,0.825352202,0.823459729,0.76667885,0.788412811,0.825424284,0.843141167,0.864318273,0.874477692,0.862143596,0.839098111,0.816614244,0.785463553,0.743692566,0.697351013,0.6740868,0.654184014,0.6313536,0.608284125,0.575980591,0.529571243,0.498425854,0.511248667,0.554695468,0.543663756,0.528122858,0.51238319,0.496278608,0.483581101,0.469115165,0.454155217,0.437896682,0.420500513,0.407842305,0.404220195,0.40271982,0.402145847,0.402318415,0.403095619,0.404034665,0.4057478,0.407082726,0.408572736,0.410904809,0.413716079,0.416347876,0.418589315,0.42105575,0.423865972,0.427177554,0.429948634,0.43234354,0.433964454,0.435132848
AAP68,CS,2011,WW,CS11_WW,67,68,209.55,77.45,2943.5,12.65,95.7,4348.5382465,80.2555,918.01,99,2.28,3.5,15.6666666666667,1.284337096,1.258987016,1.234360908,1.211901099,1.188468898,1.166518449,1.15329574,1.149547686,1.151508775,1.154492999,1.131815632,1.118443117,1.101505986,1.080305503,1.037332266,1.050950835,1.067442125,1.090835391,1.07242528,1.059682842,1.048897713,1.034523902,1.020955097,1.012098102,1.006272112,1.004026426,1.006435172,1.014986075,1.029642196,1.049476127,1.068970298,1.097504191,1.082790913,1.062402597,1.039761071,1.024292518,1.005652866,0.984965935,0.966691715,0.942485183,0.922981611,0.908180707,0.890683898,0.870257543,0.856689104,0.845152273,0.85861099,0.878801423,0.875205756,0.824289352,0.842140184,0.873635333,0.887581173,0.906083363,0.915515712,0.904554894,0.884155886,0.864064043,0.835728282,0.797326087,0.753701894,0.731360213,0.712110434,0.68941636,0.666403284,0.633270804,0.584844559,0.551129785,0.564181146,0.609667125,0.59710617,0.580680516,0.564140629,0.547171999,0.533488308,0.517760368,0.501354671,0.483568215,0.464518596,0.450529705,0.446380258,0.444798594,0.444165751,0.444316422,0.445245226,0.446312032,0.448092195,0.449515999,0.451111527,0.45353809,0.456305572,0.458993,0.461236647,0.46385548,0.466830025,0.47010681,0.472900894,0.475276514,0.47689037,0.478049614
AAP91,CS,2011,WW,CS11_WW,63,65,195.55,59.7,2144.5,13.55,81.85,3168.4135645,58.4165,525.21,96.5,2.5,10,14.6666666666667,1.303857286,1.27765429,1.252207454,1.228791563,1.204426622,1.181590832,1.16783393,1.163897058,1.165847749,1.169023423,1.145262041,1.131363552,1.114363842,1.092540855,1.047458243,1.061305299,1.078321902,1.10245433,1.083505101,1.070295115,1.059118194,1.044244096,1.030180563,1.020944081,1.014866036,1.01250228,1.014892141,1.023758771,1.038886681,1.059423571,1.079654572,1.109478192,1.095336125,1.074488917,1.051276951,1.035014611,1.015684274,0.994406247,0.975258032,0.950375762,0.930030589,0.914836156,0.896697277,0.875808324,0.862311329,0.850231784,0.863619229,0.883863748,0.879944028,0.829262618,0.847120118,0.879624195,0.894475065,0.914119835,0.92438701,0.913704492,0.893061834,0.872648168,0.843869952,0.804638547,0.76051322,0.737941029,0.718487055,0.696077475,0.673198768,0.640529673,0.592333838,0.559002813,0.57209747,0.616554306,0.604850039,0.588997149,0.572935314,0.556097784,0.542663314,0.527295065,0.511146153,0.493702919,0.475016762,0.461072533,0.45691544,0.455320523,0.454808135,0.455077704,0.45588892,0.457068255,0.458903537,0.460403145,0.461883025,0.464386446,0.467242887,0.46999754,0.472271309,0.474728278,0.477704726,0.481018972,0.48369402,0.486050834,0.487786759,0.48892006
AM407004,CS,2011,WW,CS11_WW,69.5,70,195.6,67.35,2423,11.65,90.65,3580.4324935,66.144,758.725,99,2.5,13.5,14.3333333333333,1.305495226,1.27902973,1.253155083,1.229396808,1.204593033,1.181358637,1.167229925,1.163069239,1.165179913,1.168642238,1.145362077,1.129896366,1.111680868,1.088927637,1.043483545,1.058484302,1.076299007,1.100745321,1.081181953,1.067586656,1.056014082,1.040665766,1.026185612,1.016778314,1.010656334,1.008351239,1.010930816,1.020144878,1.035714234,1.056807295,1.077447498,1.107661728,1.091956826,1.070343916,1.0462365,1.02951047,1.009569272,0.987678886,0.968036842,0.942403162,0.921553441,0.905932873,0.887453598,0.866167715,0.852329578,0.840355999,0.85470691,0.876429718,0.873607469,0.820113916,0.838696927,0.871817542,0.886794771,0.906889268,0.917423303,0.905995345,0.884290983,0.863070318,0.833459146,0.793270426,0.74843768,0.725818704,0.706432291,0.68396084,0.661053651,0.628559845,0.581121812,0.548790929,0.562300144,0.606852716,0.59453151,0.578596602,0.56268746,0.546271835,0.532994525,0.517754491,0.501884004,0.484853202,0.466751307,0.453481876,0.449633278,0.448156743,0.447592836,0.447776428,0.448730715,0.449720628,0.451488917,0.452981831,0.454502382,0.456885044,0.459720677,0.462428884,0.464670777,0.467233736,0.470198182,0.473499728,0.476265194,0.478819483,0.480429477,0.481838021
AMY07219,CS,2011,WW,CS11_WW,68.5,69,215.9,80,3286,10.4,102.8,4854.721966,91.898,993,98,3.775,5,17.3333333333333,1.273738549,1.24937462,1.225941162,1.204635084,1.182495646,1.16184455,1.149339686,1.145798062,1.147241272,1.149542586,1.128078529,1.115963899,1.100063329,1.079807809,1.038650505,1.051435612,1.066959051,1.088360393,1.07074757,1.058678689,1.048541537,1.034972402,1.022238972,1.013814278,1.008301904,1.006162368,1.008340718,1.01629846,1.030053748,1.048716519,1.067080546,1.093829189,1.080327098,1.06128422,1.039858189,1.025365692,1.007512451,0.987874285,0.970173404,0.946683503,0.927597839,0.913034055,0.895606318,0.875152921,0.861696924,0.850052128,0.863887683,0.88449184,0.880888276,0.830906617,0.848741806,0.880018077,0.894316085,0.912724457,0.922119073,0.911783423,0.891952226,0.872402963,0.844415146,0.805866637,0.761908134,0.73934217,0.719899713,0.697071167,0.673975743,0.641077202,0.593306442,0.56050462,0.57392547,0.618478388,0.605982632,0.589903553,0.573661807,0.557210661,0.543784826,0.528477486,0.512525946,0.495217965,0.476870693,0.463505565,0.459629394,0.458085711,0.457516873,0.457675454,0.458574446,0.459532273,0.461299657,0.462618151,0.464093971,0.466530012,0.469288675,0.471911934,0.474296796,0.47692635,0.479895561,0.483346686,0.486223672,0.488658829,0.490626778,0.491744467
AMY07220,CS,2011,WW,CS11_WW,70.5,72,210.8,82.55,3606,11.75,108.9,5327.2175565,99.2255,881.895,99,3.435,3.5,14.3333333333333,1.32404691,1.297843824,1.271868141,1.247855612,1.222785863,1.199087938,1.184460687,1.180254491,1.182317679,1.186107589,1.16240492,1.147801641,1.129229333,1.105528582,1.060087798,1.075965527,1.094140689,1.117848689,1.098498981,1.08479451,1.072969263,1.057085578,1.042159167,1.032479509,1.02617968,1.023714182,1.026523855,1.036235097,1.052557032,1.074240592,1.09542557,1.126344409,1.109867067,1.087745496,1.063088537,1.045752643,1.025230125,1.002524147,0.981969135,0.955329543,0.933235812,0.916742034,0.897079692,0.874519351,0.859981995,0.846888219,0.86174038,0.883902821,0.880269403,0.826127351,0.846522081,0.88214929,0.898714755,0.91958866,0.929842617,0.917903375,0.895425684,0.873481011,0.842620836,0.800823797,0.754107407,0.730395983,0.709808333,0.686520674,0.662926814,0.629373832,0.580248948,0.546768836,0.559820711,0.604605607,0.593052348,0.576956051,0.560383669,0.543358618,0.529922547,0.514554717,0.49851989,0.481190142,0.462495866,0.448668736,0.44454042,0.443057095,0.44249788,0.442694132,0.44366722,0.44481063,0.44664587,0.448089708,0.449617241,0.451984313,0.455014255,0.457611001,0.459912264,0.462448151,0.465303751,0.468627584,0.471285373,0.473681358,0.475441789,0.476397002
AMY07221,CS,2011,WW,CS11_WW,68,68.5,193.05,78.75,1664,13.45,74.55,2458.458904,45.278,432.5,95,10,17.5,16.1666666666667,1.291881927,1.266992967,1.242495563,1.219796961,1.195923495,1.173460097,1.159421809,1.154845271,1.15635453,1.159446389,1.137536989,1.121988473,1.103430556,1.080519116,1.037899551,1.053095693,1.070402443,1.09191826,1.073852914,1.061068124,1.049914889,1.034873284,1.020844808,1.0117689,1.005864806,1.003625112,1.00630977,1.015539444,1.030960239,1.051428281,1.071331068,1.100566514,1.084307686,1.063136018,1.039546576,1.023379232,1.003831779,0.982150941,0.962773915,0.93710078,0.916187534,0.900278694,0.881502561,0.859532979,0.845089318,0.832625912,0.84664902,0.868331844,0.865697564,0.812096604,0.831226313,0.864833654,0.880496085,0.900310128,0.910359938,0.899128179,0.877833076,0.856976719,0.827736436,0.787945982,0.743081962,0.720145214,0.700470039,0.67734824,0.654141931,0.621320457,0.573492694,0.540421319,0.553365412,0.598108789,0.586558453,0.570542502,0.554211426,0.53739249,0.523977485,0.508769012,0.492768485,0.475352166,0.456685198,0.442843997,0.438803262,0.437229326,0.436623005,0.436698829,0.437539517,0.438626176,0.440422382,0.441898759,0.443441483,0.445865963,0.448723708,0.451456395,0.453770601,0.456324946,0.459249613,0.462656648,0.465436883,0.46782345,0.469501942,0.470640656
AMY07225,CS,2011,WW,CS11_WW,69,70,201.95,69.85,3376.5,10.95,98.9,4988.2916305,93.8615,867.95,99,3.33,3.5,16,1.311781186,1.285387595,1.258746765,1.233752805,1.207077689,1.181667667,1.165062545,1.159604399,1.161896389,1.166713671,1.142627727,1.124266553,1.102277375,1.075195699,1.028049371,1.046937479,1.067387688,1.092921933,1.07245568,1.05763504,1.044618061,1.027075668,1.010679581,1.000211111,0.993455666,0.991105389,0.994452294,1.005526573,1.023974302,1.048152463,1.071421876,1.105314143,1.086208515,1.061655366,1.034338932,1.015203997,0.9924416,0.967448763,0.944589952,0.915018458,0.890593457,0.872468089,0.850881691,0.826346509,0.810870467,0.796807661,0.812518234,0.83691913,0.83401131,0.775420986,0.797274275,0.836046624,0.854686857,0.877486256,0.888908779,0.876163898,0.851963164,0.828255707,0.79542403,0.751581513,0.70349126,0.679437247,0.659101923,0.635764559,0.612518385,0.579851641,0.532932633,0.501310031,0.514064905,0.557631267,0.546374728,0.530864997,0.515412052,0.499366603,0.486527372,0.471853108,0.456701164,0.440412402,0.422840013,0.409903468,0.406107988,0.404641558,0.404114963,0.404426985,0.405338273,0.406418645,0.408195614,0.40962867,0.411109045,0.413384186,0.416108567,0.418722053,0.420940432,0.423365393,0.426072332,0.429266706,0.431937182,0.434209437,0.435911311,0.437008997
B104,CS,2011,WW,CS11_WW,68.5,69.5,187.95,63.5,2660,11.15,104.8,3930.6613715,73.7085,803,96.5,2.165,20,14.6666666666667,1.293858244,1.267538862,1.241474545,1.217201612,1.191650262,1.167292411,1.151660045,1.146665201,1.148753978,1.153287686,1.129765134,1.112922907,1.092593039,1.067259945,1.021606177,1.039396855,1.059020998,1.084200921,1.063983927,1.049667968,1.037281248,1.020586254,1.004870358,0.994697204,0.988124588,0.985681786,0.98870886,0.999007231,1.016283994,1.039042631,1.06108492,1.093234482,1.075350422,1.05212668,1.026283018,1.008224023,0.986612839,0.962803735,0.941199125,0.913014081,0.889815606,0.872465986,0.85185372,0.828178379,0.813013098,0.799523786,0.815155605,0.839098106,0.835354274,0.778951151,0.800180112,0.837363894,0.85488104,0.877003866,0.888381826,0.876072586,0.852433453,0.829409512,0.797322138,0.754308661,0.706959549,0.683129366,0.662714848,0.63949082,0.616330284,0.583810871,0.536644787,0.504757668,0.517780221,0.56074116,0.549254963,0.533917376,0.518240266,0.502283678,0.489441355,0.474817955,0.459541905,0.443126127,0.425532362,0.412678684,0.408933609,0.407428597,0.40693957,0.407280168,0.408268564,0.409299219,0.411127945,0.412656542,0.414161361,0.416580798,0.419454243,0.42205677,0.424530981,0.427104742,0.430244847,0.433681211,0.436587105,0.439152441,0.441079815,0.442426861
B105,CS,2011,WW,CS11_WW,67.5,68.5,173.95,55.85,1800.5,9.45,72.35,2660.075888,50.926,573.5,96.5,6.89,32.5,17,1.24056796,1.21394854,1.187367032,1.162591342,1.136139664,1.111156533,1.094747373,1.089270396,1.091546395,1.09617476,1.072722192,1.053914678,1.031859201,1.005434572,0.960283516,0.97924442,0.999495357,1.024236049,1.003878755,0.989295011,0.976447216,0.959152466,0.943104648,0.932882148,0.926422618,0.924176084,0.927498864,0.938286282,0.956133374,0.979468884,1.001987001,1.034679126,1.014690345,0.990523434,0.963732706,0.944940905,0.922848326,0.898668606,0.876783263,0.848558671,0.825462106,0.808400792,0.788276782,0.76557822,0.751254041,0.738705423,0.753811389,0.777086472,0.775670032,0.719616079,0.739786427,0.77624075,0.794052769,0.815964466,0.826889194,0.814197331,0.790529588,0.767793729,0.736629799,0.695568863,0.651418449,0.629728685,0.61159358,0.59060792,0.569748894,0.540208894,0.498063839,0.470330262,0.48288188,0.523114714,0.512931776,0.498924086,0.485047328,0.470685983,0.459078282,0.445835432,0.432259516,0.417644246,0.401928171,0.390369486,0.387052419,0.385807864,0.385543834,0.385932806,0.386844577,0.387933671,0.389675915,0.391019348,0.392540536,0.394809964,0.397482821,0.400003978,0.402161075,0.404566502,0.407348284,0.410304715,0.412977556,0.415245632,0.416882711,0.418007597
B52,CS,2011,WW,CS11_WW,68,69,205.75,83.8,2159.5,9.7,77.1,3190.6466225,60.8865,683.14,96.5,2.82,12.5,17.6666666666667,1.282648813,1.255553761,1.228777868,1.203803898,1.177365108,1.152371937,1.136447412,1.131394998,1.133679104,1.137915701,1.113480399,1.096086878,1.074930826,1.04909403,1.002124695,1.020200068,1.040351361,1.066455442,1.045834048,1.031262014,1.018583776,1.001650099,0.985823049,0.975569429,0.96896449,0.966609056,0.969886866,0.980571821,0.998437458,1.022154827,1.045120892,1.078458795,1.060434745,1.036475618,1.009823175,0.991127665,0.968950468,0.944571308,0.922461525,0.893820058,0.870422149,0.852999458,0.832480139,0.809088161,0.794220675,0.781111866,0.7961167,0.819160398,0.815820724,0.76034378,0.780721114,0.817396465,0.834811343,0.856953117,0.868326691,0.856193461,0.832924847,0.810151362,0.778589805,0.736462184,0.690423859,0.667465314,0.648082617,0.625842153,0.603847334,0.572784121,0.527856355,0.497415182,0.510042499,0.551257185,0.540152093,0.52548455,0.510744396,0.495486891,0.48314012,0.468926873,0.454211267,0.438415391,0.421563662,0.40908399,0.405477858,0.404000065,0.403561204,0.403820559,0.404779676,0.405784827,0.407456472,0.40881801,0.410252865,0.412451964,0.415010664,0.41751902,0.419581874,0.421870295,0.424640869,0.427688203,0.430277807,0.432552178,0.434032955,0.435142334
B68,CS,2011,WW,CS11_WW,69,70,198.1,73.65,1648,10.1,64.25,2434.5573215,46.205,491.165,96.5,2.5,15,16.3333333333333,1.265174252,1.237106866,1.208667521,1.182152408,1.15403149,1.127499168,1.11031422,1.104915329,1.107639332,1.113120785,1.088701449,1.070114174,1.047641525,1.020166202,0.973199543,0.993190977,1.014417328,1.040248228,1.019263961,1.004033916,0.990489858,0.972347433,0.955439232,0.944695048,0.9378122,0.935383176,0.938770936,0.949980379,0.968577366,0.992925866,1.016330495,1.0508646,1.030457362,1.00523936,0.977299375,0.957733412,0.934745761,0.909791452,0.887064035,0.857986363,0.834153827,0.816555,0.79579482,0.772416169,0.757761832,0.744568703,0.759687906,0.783159362,0.781930173,0.725228519,0.745297968,0.782480885,0.800977699,0.823828441,0.834977427,0.821932298,0.797794105,0.774587949,0.742888818,0.701158301,0.656233658,0.634007443,0.6153055,0.594035607,0.572993099,0.543374744,0.500785859,0.472639285,0.484481956,0.522521303,0.513309694,0.499614884,0.485494801,0.470907359,0.459396012,0.446411404,0.433071583,0.418562416,0.402827193,0.391095406,0.387676577,0.386379451,0.385832364,0.385875775,0.386707662,0.387553319,0.389185125,0.390469486,0.391841764,0.393987241,0.396590068,0.399079551,0.401189578,0.403463116,0.406253301,0.409292901,0.41195492,0.414292031,0.415851973,0.417134708
B73,CS,2011,WW,CS11_WW,71.5,72.5,188,71.1,1692.5,12.2,104,2500.6885875,46.623,703.755,98,1,12.5,15.6666666666667,1.254806969,1.227985361,1.201655696,1.177330231,1.151883418,1.127916917,1.11300257,1.108517619,1.110681523,1.114882991,1.091688041,1.076468988,1.057754722,1.034159263,0.988832213,1.004838053,1.023044654,1.04654384,1.026947546,1.013185911,1.001205139,0.985113356,0.96996478,0.960047157,0.953633095,0.951063605,0.953673253,0.963119389,0.979157465,1.000632408,1.021639843,1.052421973,1.035105859,1.012856024,0.988193218,0.971035337,0.950750413,0.928715842,0.90880692,0.883232043,0.862404211,0.84695141,0.828709491,0.807963324,0.794836465,0.783236655,0.796932751,0.817479661,0.815404314,0.764071937,0.781842363,0.814703087,0.830198229,0.849928323,0.859825185,0.848151987,0.826426524,0.805469096,0.776585118,0.738090178,0.696006085,0.674958142,0.657022297,0.636296272,0.615303881,0.585069793,0.540925288,0.511173694,0.523492919,0.564712878,0.554326125,0.539815111,0.524993793,0.50960691,0.497351208,0.483295778,0.468770121,0.453021011,0.435926777,0.423057396,0.419302967,0.417871581,0.417465998,0.417778331,0.418716969,0.419900257,0.42165611,0.42304533,0.424552902,0.426880632,0.429636028,0.432211162,0.434435271,0.436752975,0.439575886,0.442666518,0.445345713,0.447407836,0.449015827,0.449975758
B73Htrhm,CS,2011,WW,CS11_WW,70,71,179.05,64.75,793.5,12.5,65.25,1172.22115425,21.6415,299,92.5,6.755,62.5,17.3333333333333,1.225578369,1.199597255,1.173598865,1.149503264,1.123857632,1.099469188,1.083604561,1.078122458,1.080235341,1.084556021,1.061858062,1.043991771,1.022890523,0.997460821,0.953795889,0.972184176,0.991774382,1.015746655,0.995955592,0.981808307,0.969242804,0.952467344,0.936771314,0.926706979,0.920295552,0.917929755,0.921008533,0.931329085,0.948501468,0.971079732,0.992719396,1.024320032,1.005388458,0.98218598,0.956343995,0.938429325,0.91697953,0.893503748,0.872249017,0.844521122,0.821808933,0.804874954,0.784882168,0.762051271,0.747548495,0.734777486,0.749809295,0.773200449,0.771720778,0.716325826,0.73639165,0.772468892,0.790088373,0.811931087,0.823004179,0.810855687,0.787752008,0.76530317,0.734433526,0.693531937,0.649016874,0.626928362,0.608358766,0.587071646,0.566025777,0.53664655,0.494644038,0.466967187,0.47910369,0.5174392,0.507890403,0.494145058,0.480192194,0.465909595,0.454557052,0.441708885,0.428603346,0.414461234,0.399165436,0.387894423,0.384678599,0.383435582,0.382961755,0.383151191,0.384027191,0.384831098,0.386514789,0.387859838,0.389233869,0.391434165,0.394004755,0.396543909,0.398641731,0.40102749,0.403803581,0.406970186,0.40969412,0.412210794,0.413885506,0.415157182
B75,CS,2011,WW,CS11_WW,65,65.5,217.2,69.85,3595.5,12.55,100.3,5312.1426175,98.09,1023.645,98,3.62,7.5,16.3333333333333,1.266034514,1.240764767,1.215615971,1.192082443,1.167371725,1.143948141,1.128855481,1.123715742,1.125769418,1.129629133,1.107405111,1.089380237,1.068197447,1.042987648,0.999381166,1.017107484,1.036087249,1.058749408,1.039654871,1.025922333,1.013738452,0.997357732,0.982139654,0.972407008,0.96628157,0.964123311,0.967302658,0.977502525,0.994396028,1.016451368,1.037737381,1.068754885,1.050291962,1.027306811,1.00184809,0.983864297,0.962715906,0.939579302,0.918428577,0.89113223,0.868556313,0.851795974,0.831905266,0.809359968,0.795069366,0.782273456,0.797284506,0.820644487,0.81959241,0.761941674,0.782130465,0.818104469,0.835374162,0.856338929,0.86644023,0.853824488,0.83077241,0.808433832,0.77769367,0.736591856,0.691525095,0.669112034,0.650205423,0.628288645,0.605864912,0.57444532,0.529667084,0.499614581,0.512350424,0.555726695,0.54440167,0.529217676,0.514237086,0.498838878,0.486308504,0.472051962,0.457356088,0.44143559,0.424590597,0.412168958,0.408705897,0.40736631,0.406937838,0.40729175,0.408222837,0.409343193,0.411103392,0.412517627,0.41408222,0.416331238,0.419147183,0.421732564,0.423901182,0.426402851,0.429260626,0.432370314,0.435039789,0.437436418,0.439033275,0.440298408
B76,CS,2011,WW,CS11_WW,69,69,191.75,66.05,2715,10.65,83.45,4011.364596,75.7165,728.35,96.5,1,5,15.3333333333333,1.271339463,1.245079462,1.218974535,1.194966718,1.16953308,1.145549407,1.130480323,1.125750876,1.12790905,1.131824497,1.108487543,1.092121256,1.072454362,1.048269831,1.003307275,1.020130677,1.039189445,1.063228604,1.043278997,1.029324922,1.017184462,1.000966012,0.985759748,0.975924785,0.969557973,0.967136429,0.970022314,0.979827644,0.996371224,1.018403698,1.039755395,1.070989644,1.053410616,1.030712933,1.005596733,0.988055762,0.967252094,0.944357831,0.92366612,0.896927331,0.874988319,0.858622897,0.839269706,0.817179082,0.802884358,0.790505959,0.804946702,0.827311488,0.824941192,0.770991251,0.789928363,0.824913469,0.841847006,0.863286876,0.874159257,0.862243529,0.83965878,0.817709947,0.787323312,0.746561397,0.701716731,0.679310097,0.660084073,0.637921479,0.615962225,0.584543063,0.539223813,0.508720015,0.52162947,0.563369698,0.552363086,0.537403481,0.522365586,0.506851483,0.494391252,0.480093698,0.465239116,0.449291612,0.432166355,0.419499644,0.415758608,0.414292682,0.413742336,0.413843917,0.414675212,0.415586494,0.417318487,0.418618138,0.420055935,0.422347569,0.425055445,0.427579782,0.429742573,0.432245034,0.43501758,0.438269251,0.440966928,0.443287581,0.44497533,0.446128076
B97,CS,2011,WW,CS11_WW,66.5,67.5,207,69.85,2487.5,9.6,89.15,3675.33124,70.012,825.225,98,1.695,12.5,15,1.240388026,1.214363683,1.188350433,1.164089252,1.138432648,1.114000781,1.098219846,1.093143143,1.095173352,1.099851664,1.077046959,1.059172651,1.038042203,1.012295449,0.967313567,0.985648769,1.005351527,1.029473259,1.009537908,0.99534102,0.982828258,0.96594094,0.950236961,0.940153885,0.933631901,0.931292562,0.934389491,0.944852503,0.962145891,0.984891167,1.006792329,1.038864339,1.020116933,0.996610838,0.970484798,0.952257607,0.930604785,0.906897682,0.885467488,0.857743442,0.835065827,0.818220781,0.798405359,0.775938248,0.761693469,0.749258288,0.764119521,0.787011627,0.785664962,0.729562346,0.748610647,0.784070652,0.801341523,0.822789335,0.833525541,0.821237939,0.798051393,0.775736908,0.745103236,0.704580255,0.660591967,0.638856591,0.620660414,0.59944545,0.578242074,0.548541738,0.506059406,0.477869418,0.49014276,0.530199855,0.519765783,0.505652924,0.491625093,0.477262932,0.4654627,0.452110051,0.438266717,0.423398058,0.407387903,0.395667298,0.392242951,0.390951201,0.390530596,0.390755246,0.391633555,0.392658175,0.394332839,0.395622568,0.396990907,0.399273886,0.401809578,0.40429222,0.406434456,0.408837135,0.411605753,0.414688161,0.417337179,0.419612552,0.421433477,0.422469299
CI28A,CS,2011,WW,CS11_WW,68,69,193.05,67.3,1853.5,8.85,80.75,2738.37135,52.7365,753.5,98,4.305,10,14,1.26425594,1.236562559,1.208463187,1.18185888,1.153631045,1.126742726,1.109065595,1.103111253,1.105819712,1.111568698,1.087018202,1.067175813,1.044096237,1.015969968,0.968516968,0.989038734,1.010283287,1.035762967,1.015431984,1.000359171,0.986800097,0.968502343,0.95154589,0.940760801,0.934037485,0.931909982,0.935815126,0.94769804,0.967223756,0.992458494,1.016579839,1.052180869,1.031190634,1.005136159,0.976360704,0.956107044,0.932339065,0.906457574,0.882751901,0.852529479,0.827577054,0.809190556,0.787473261,0.763135041,0.747869086,0.734163742,0.749442644,0.773408458,0.771842508,0.713665886,0.734536216,0.772912196,0.792395934,0.815345698,0.826535457,0.813371096,0.788920733,0.765334127,0.733012687,0.690581962,0.644867551,0.622390061,0.603489334,0.581939462,0.560771189,0.531041374,0.48886706,0.460826156,0.472188789,0.510581943,0.501375492,0.487718828,0.473770365,0.459266649,0.447845984,0.434813109,0.421579973,0.407144631,0.391464127,0.379754796,0.376256721,0.374931674,0.374494235,0.374641366,0.375506125,0.376391018,0.378001321,0.379245878,0.38060847,0.382748573,0.38526175,0.387624501,0.389633827,0.391869401,0.394372936,0.39738227,0.399863675,0.401956731,0.403492119,0.404550206
CI3A,CS,2011,WW,CS11_WW,69.5,69.5,227.3,95.25,3068,8,96.3,4532.4325365,88.072,1012.995,98,3.71,15,18.3333333333333,1.257173944,1.229606155,1.202383526,1.177545448,1.151276549,1.126592231,1.111225026,1.106507247,1.108820047,1.112852793,1.087836568,1.071610073,1.051940576,1.027622799,0.981661052,0.998654065,1.017897237,1.044100711,1.023663337,1.009290143,0.996936947,0.980548599,0.965162082,0.955264691,0.948783961,0.946440035,0.949336124,0.959395966,0.976285153,0.998881265,1.020969759,1.053507648,1.03674417,1.013745179,0.988032747,0.970260557,0.949076388,0.925936822,0.905069229,0.878131188,0.856330348,0.840125829,0.821049123,0.79933838,0.785491698,0.773348629,0.787251542,0.80850473,0.805969182,0.753988944,0.772472763,0.80663577,0.823429019,0.844731307,0.855519868,0.843971021,0.822007097,0.800560935,0.770949319,0.731476898,0.688355424,0.666849802,0.648620815,0.627519277,0.606631582,0.576781016,0.533623094,0.50447189,0.516644303,0.555954362,0.545558784,0.531393185,0.517088459,0.502274945,0.490328931,0.476679217,0.462496684,0.447206522,0.430709241,0.418470259,0.414826938,0.413413297,0.412850101,0.412897434,0.413779051,0.414617527,0.416234448,0.417502132,0.418934489,0.421064312,0.423667111,0.426127406,0.42819061,0.430496854,0.433221827,0.436393235,0.438963174,0.441263161,0.442941266,0.444082385
CI64,CS,2011,WW,CS11_WW,67,68,205.75,74.95,2717.5,10.075,88.55,4015.043219,76.2655,841.97,92.5,2.5,15,19.3333333333333,1.271555249,1.246134906,1.220587778,1.19682338,1.171740868,1.147958138,1.132806628,1.12779239,1.129594936,1.133521358,1.110755482,1.093925628,1.07389936,1.049262618,1.004588593,1.021182611,1.039547124,1.061968632,1.043012315,1.029409526,1.017407269,1.001214276,0.986134121,0.976411915,0.970157692,0.967912483,0.970878119,0.980863632,0.997471219,1.019443274,1.040707976,1.071774511,1.054019405,1.031406365,1.00621668,0.98853533,0.967665738,0.944687325,0.923761177,0.896674262,0.874368436,0.857752497,0.838063468,0.815587687,0.801251205,0.788457996,0.802851305,0.825060753,0.822504544,0.7678807,0.787630952,0.82282479,0.839403545,0.860089295,0.870333795,0.858444739,0.836162644,0.81432502,0.783998836,0.743290903,0.698481583,0.675998622,0.656800639,0.634915792,0.612967596,0.581834797,0.536758424,0.506315656,0.518987494,0.560930416,0.550243724,0.535447213,0.52045292,0.504897032,0.492544161,0.47836582,0.463784749,0.447881295,0.430928858,0.418393254,0.414776361,0.41344211,0.413055952,0.41337909,0.414289501,0.415338336,0.417219813,0.418652535,0.420200263,0.422496709,0.425353811,0.427943519,0.430164803,0.432553661,0.435403534,0.438615759,0.44140716,0.443598777,0.445335228,0.446513296
CML10,CS,2011,WW,CS11_WW,70,72,200.65,76.2,1642,11.1,77.8,2425.955305,45.662,410.5,67.5,2.5,20,12.6666666666667,1.266196512,1.240327569,1.214839036,1.19123795,1.166335389,1.142875735,1.127946401,1.123276191,1.125319398,1.128899298,1.105687231,1.089530641,1.07010913,1.046194542,1.002638962,1.01884699,1.036875733,1.060042308,1.040691971,1.026995976,1.015045709,0.999107804,0.984227093,0.974560372,0.968375037,0.966091679,0.968839018,0.978486663,0.994568123,1.016008429,1.036700256,1.06744496,1.051091265,1.029082348,1.004551137,0.98751221,0.967102887,0.944773573,0.924516657,0.898099913,0.876444246,0.860217125,0.841035077,0.819069751,0.805095655,0.79259554,0.806985076,0.828952766,0.826811922,0.772017222,0.79091149,0.825625292,0.843056342,0.864136675,0.874508558,0.862889493,0.840956534,0.819665255,0.789952187,0.750055374,0.705874439,0.683721392,0.664867136,0.643040815,0.621096068,0.5901282,0.545317286,0.515391137,0.527683877,0.569148918,0.558786786,0.544040465,0.529127177,0.513593727,0.501195474,0.487153677,0.472635541,0.456826244,0.439730731,0.4269211,0.423102167,0.421520174,0.420860018,0.420823628,0.42159498,0.422496374,0.424128414,0.425511669,0.426945273,0.42927363,0.43207233,0.434654252,0.43690468,0.439357465,0.44224222,0.445412612,0.448137896,0.450393808,0.451981866,0.453163336
CML107,CS,2011,WW,CS11_WW,69.5,71.5,198.15,87.65,2979,12.65,120.55,4401.54484985,83.0645,978.835,87.5,5.07,12.5,14.6666666666667,1.296601284,1.271458315,1.246565994,1.223634456,1.199329698,1.176423281,1.161923821,1.1571505,1.158876307,1.162616015,1.140704983,1.124081752,1.104374748,1.080351108,1.03670557,1.05293729,1.071023543,1.093335842,1.074267114,1.060845717,1.049096899,1.033327206,1.018578396,1.009041123,1.002819384,1.000548823,1.003356244,1.012969271,1.029051123,1.050347009,1.070924292,1.101018242,1.083177529,1.061121834,1.036561729,1.019415288,0.999108191,0.976707095,0.956483912,0.930087876,0.908419814,0.892167372,0.87287895,0.85076565,0.836494495,0.823892842,0.83870699,0.861305607,0.858800615,0.802575852,0.822577915,0.857545392,0.87332564,0.893478399,0.903400807,0.891116493,0.868542605,0.846599514,0.816097625,0.775004427,0.729416961,0.706444098,0.686982194,0.664181555,0.64085616,0.60788027,0.560380134,0.528156126,0.541141815,0.58665807,0.574705683,0.558545282,0.542501223,0.526065819,0.512637062,0.497445513,0.481664305,0.464649558,0.446454327,0.433014706,0.429078451,0.427604613,0.427031352,0.427171832,0.428123518,0.429114165,0.430889217,0.432329699,0.433792019,0.436189954,0.438933407,0.441603943,0.443700244,0.446087691,0.448968495,0.452062224,0.454553407,0.456864323,0.458327096,0.459275936
CML108,CS,2011,WW,CS11_WW,68,69.5,219.7,78.75,4285,12.9,103.8,6330.2166405,115.9415,968.835,99,3.895,3.5,18,1.286620618,1.260384887,1.234939583,1.211766433,1.187507769,1.164569259,1.150580931,1.146463629,1.148544352,1.151988418,1.12944096,1.115197582,1.097634526,1.075244172,1.031135399,1.046303194,1.063971504,1.087797232,1.068425953,1.055020397,1.04361972,1.028355291,1.013996615,1.004613527,0.998377898,0.996039976,0.99853632,1.007520432,1.022838863,1.043354183,1.063451867,1.092747131,1.075900345,1.054421857,1.030545199,1.014516268,0.994942775,0.973458567,0.95439969,0.929244688,0.909027432,0.893669626,0.875650445,0.854655525,0.84075748,0.82921402,0.843493608,0.865183006,0.86256619,0.810439551,0.82876663,0.861596329,0.876771719,0.896510883,0.906386062,0.894360533,0.87252368,0.851329999,0.821941475,0.782451619,0.738541144,0.716360851,0.697517267,0.675102343,0.652675675,0.620244889,0.573221573,0.540942644,0.554252575,0.598379112,0.586320042,0.570457069,0.554533411,0.538024714,0.524731151,0.509530296,0.493619276,0.476375696,0.457844113,0.444295107,0.440266547,0.438739766,0.438218345,0.438431818,0.439263963,0.440381773,0.442132015,0.443523989,0.445014727,0.447393382,0.4502406,0.452964791,0.455311084,0.4578466,0.460819587,0.464197148,0.466978017,0.469387771,0.471144476,0.472184157
CML154Q,CS,2011,WW,CS11_WW,70.5,72,204.45,71.1,2995,10.4,85,4425.1768745,83.2225,833.805,94,3.055,12.5,18.6666666666667,1.277449777,1.251225965,1.226029373,1.20295495,1.178785135,1.156175366,1.142330572,1.13832825,1.139997517,1.142672073,1.119198614,1.105184705,1.087650306,1.065766688,1.021714437,1.035466501,1.052167892,1.075889484,1.057464834,1.044574168,1.033665162,1.019067635,1.005393069,0.996543136,0.990794582,0.988732492,0.99146295,1.000536146,1.015852824,1.036500503,1.056779515,1.086551546,1.071905411,1.050962143,1.027536337,1.011387788,0.991938868,0.970468826,0.951270091,0.926008696,0.90544055,0.889911288,0.871565615,0.850262152,0.836328167,0.824338829,0.838181058,0.859003249,0.855284775,0.804749781,0.823860727,0.857056063,0.87246085,0.891873122,0.901900824,0.891114118,0.870385086,0.849943252,0.82091289,0.781521931,0.737320901,0.714824575,0.695577571,0.673154726,0.650815795,0.618769798,0.572086854,0.540143292,0.553113348,0.596541325,0.585054462,0.569595439,0.553806035,0.537664465,0.524625762,0.50977702,0.494432353,0.477700708,0.459862561,0.446685438,0.442749305,0.441246208,0.440706608,0.441011428,0.441916205,0.442855711,0.444627511,0.445951439,0.447387642,0.449655018,0.452283382,0.454757321,0.45691184,0.459243876,0.461895897,0.464979682,0.467546112,0.469619694,0.471119454,0.471871646
CML157Q,CS,2011,WW,CS11_WW,69,70.5,215.9,94,3233.5,10,109.4,4777.55566,90.879,829.64,98,3.51,7.5,16,1.31590125,1.291029974,1.266782044,1.244544777,1.221279149,1.199379675,1.185997042,1.182078009,1.183630097,1.186343361,1.163892756,1.14990082,1.132845102,1.111380577,1.067971434,1.081384146,1.097869255,1.120450617,1.101984902,1.089194883,1.078387457,1.064008617,1.050411053,1.041425625,1.035477009,1.033108122,1.035322828,1.043844108,1.058358718,1.078150724,1.097532581,1.125979547,1.1115705,1.091426805,1.068930984,1.053305543,1.034619793,1.013927808,0.995320941,0.970967373,0.950995176,0.935979386,0.918048381,0.897250831,0.883440266,0.871498947,0.885180905,0.905823279,0.901747635,0.850752261,0.869003794,0.901147457,0.91553207,0.934655024,0.944455362,0.933902263,0.913441141,0.893200772,0.864415709,0.825021719,0.780271422,0.757250599,0.737291942,0.714091272,0.690727474,0.657044344,0.607567948,0.573393187,0.587197251,0.63319258,0.62043718,0.603933162,0.587261075,0.570119499,0.556325477,0.540441294,0.523853617,0.505927462,0.486937933,0.472920489,0.46888631,0.467336349,0.466860174,0.467106567,0.468146396,0.46925467,0.471164994,0.472727861,0.474384187,0.476894177,0.479929061,0.48278141,0.485254411,0.48791544,0.49107209,0.494627819,0.497636359,0.500222421,0.502117594,0.503540107
CML158Q,CS,2011,WW,CS11_WW,70,70.5,215.9,90.15,3677,12.35,98.15,5432.235615,100.526,909.885,96.5,3.6,7.5,16.3333333333333,1.296587069,1.270707388,1.245754351,1.223310403,1.199889231,1.178047705,1.165352008,1.161945167,1.163659058,1.166328754,1.143600218,1.13142175,1.115922806,1.095803322,1.051971405,1.063936332,1.079542428,1.10225705,1.084194655,1.071926846,1.061726115,1.048191713,1.03523651,1.026657522,1.020848986,1.0186029,1.020711639,1.028787428,1.042687853,1.061992252,1.08116927,1.109349389,1.096567333,1.076983964,1.055070899,1.040314199,1.022342256,1.002413089,0.984983014,0.961844945,0.943334044,0.929187142,0.912617057,0.893052674,0.880039894,0.868972656,0.881630797,0.900495251,0.895742836,0.849360701,0.866239881,0.895985051,0.908924013,0.926630107,0.936027438,0.926195477,0.907173802,0.888258193,0.861349487,0.824361184,0.782110702,0.760238448,0.741358988,0.719161659,0.696626887,0.664129168,0.615897927,0.581847764,0.594707097,0.639599308,0.627236725,0.611070038,0.594658316,0.57763398,0.56395793,0.548122095,0.531478212,0.51344032,0.494087583,0.479810754,0.475515162,0.473898761,0.473259381,0.473573957,0.474520379,0.475606074,0.477462281,0.478921369,0.480459559,0.482920305,0.485760697,0.488407889,0.49058857,0.493181248,0.495971929,0.49915497,0.501989065,0.504118096,0.505753192,0.506813584
CML176,CS,2011,WW,CS11_WW,69.5,71.5,213.35,87.65,3053.5,10.25,99.95,4510.8421635,85.5605,855.5,98,2.335,13.5,15.6666666666667,1.295871185,1.268744565,1.242762328,1.21912163,1.194869278,1.172054144,1.158601997,1.155084517,1.156605395,1.159722386,1.136859922,1.12559962,1.110259375,1.089887163,1.044731005,1.057878124,1.074814658,1.099615972,1.079943005,1.066763623,1.055903357,1.041526648,1.027721769,1.018533876,1.012281709,1.00946874,1.011132533,1.018799695,1.032519749,1.051789204,1.071212277,1.099860256,1.085795398,1.065511253,1.042909575,1.027501078,1.00897692,0.988645234,0.970695062,0.947287637,0.928638164,0.914612027,0.898078262,0.878927423,0.866324529,0.856012437,0.870090472,0.891387536,0.889732421,0.840829362,0.852738,0.880789187,0.897352633,0.918965516,0.930667041,0.920615761,0.900473061,0.880701512,0.852922122,0.815033621,0.772287231,0.750333034,0.731230671,0.708845158,0.685933267,0.653682893,0.607116957,0.57711147,0.592643117,0.631298953,0.618150407,0.602634344,0.587304273,0.571600907,0.558766017,0.543981971,0.528543149,0.511607009,0.493619312,0.480150777,0.476336381,0.474680067,0.473521405,0.472792885,0.472921357,0.473099119,0.473894196,0.474719913,0.475674164,0.477629917,0.480121348,0.482939108,0.485558516,0.488756425,0.492434952,0.49673016,0.500447397,0.503720925,0.505985307,0.507364473
CML218,CS,2011,WW,CS11_WW,69.5,71,196.85,69.85,2384.5,9.8,91.05,3522.3294915,67.0435,606,96.5,2.18,7.5,14.6666666666667,1.278405986,1.254254799,1.230920836,1.209626497,1.187348694,1.166697901,1.154005054,1.150065373,1.151601557,1.153752738,1.132052127,1.118524,1.10184894,1.08121261,1.040715474,1.053788427,1.069334583,1.090165757,1.072681354,1.060522163,1.050161793,1.036323857,1.023372985,1.014905512,1.009402996,1.007336942,1.009594988,1.017742166,1.031564792,1.050155969,1.068292068,1.095084059,1.081437974,1.062210341,1.040685264,1.025911741,1.008000509,0.988133513,0.970285297,0.946692074,0.927325747,0.912584975,0.894933879,0.874405722,0.860926324,0.848982231,0.862807276,0.883654532,0.880863712,0.828756916,0.847788243,0.879951441,0.894475931,0.912982318,0.922237825,0.911660357,0.891599094,0.871670279,0.84353606,0.804834354,0.760607546,0.738017778,0.718567783,0.695807201,0.672370693,0.639082535,0.590849046,0.557750454,0.571192268,0.617518746,0.605390969,0.589006648,0.572572961,0.555607017,0.5420893,0.526617841,0.510564987,0.493063491,0.474504707,0.460837908,0.456815891,0.455318461,0.45482643,0.455044758,0.455965849,0.457145859,0.458988907,0.460511618,0.462097558,0.464589576,0.467547855,0.470268575,0.472629566,0.475094139,0.4780777,0.481285104,0.484149728,0.486494076,0.488146614,0.489110862
CML228,CS,2011,WW,CS11_WW,68.5,68,196.85,82.55,3078.5,11.55,94.3,4548.2644095,84.398,713,98,5,3.5,14.6666666666667,1.277854372,1.25375119,1.230187008,1.208400105,1.185704517,1.164354661,1.15106642,1.14679737,1.148336317,1.151112321,1.129876957,1.115287619,1.097936022,1.076446556,1.035666118,1.049659213,1.065816052,1.086879405,1.069261841,1.056923552,1.046321369,1.032085695,1.018734474,1.010033134,1.004458051,1.002338997,1.004764074,1.013294074,1.027722766,1.046937015,1.065666615,1.093150475,1.077621569,1.057625162,1.035229281,1.020138834,1.001672982,0.981255372,0.963028324,0.938814962,0.919094753,0.904022372,0.88609703,0.865132308,0.851158768,0.8392278,0.853130302,0.874375435,0.871568926,0.819026274,0.838043738,0.870497301,0.885411449,0.904367948,0.91389917,0.902972848,0.882330448,0.86208906,0.833388922,0.79434697,0.749899254,0.727098829,0.707428181,0.684353719,0.660882206,0.627624617,0.579204867,0.545825211,0.55921181,0.604893408,0.592910602,0.576545519,0.559924179,0.542951509,0.529350137,0.513773569,0.497627655,0.480022497,0.46123305,0.447483111,0.443471967,0.441922788,0.441384834,0.441607038,0.442588764,0.443680755,0.445569972,0.447048683,0.448675997,0.451193269,0.45417256,0.457000001,0.45938718,0.462148033,0.465298062,0.468836872,0.471774283,0.474424796,0.476335306,0.477593229
CML238,CS,2011,WW,CS11_WW,68,69,190.5,73.65,3216,10.7,108.75,4751.487097,89.921,784.78,94,5,2.5,16,1.299974632,1.276203002,1.253345452,1.232682806,1.211179933,1.191102138,1.179046923,1.175576886,1.176833321,1.178990004,1.158284814,1.146173156,1.131004391,1.111793419,1.071648034,1.083115264,1.097421763,1.117020014,1.100518352,1.089340685,1.079783657,1.06705488,1.055000156,1.04716399,1.041976867,1.039939558,1.042098879,1.049774197,1.06296896,1.080778887,1.098468542,1.124532735,1.111869906,1.093414294,1.072787985,1.058793979,1.041749151,1.022658061,1.005810327,0.983246851,0.964812988,0.950600543,0.933702595,0.91360287,0.900211909,0.88846113,0.901779005,0.921714904,0.917907123,0.868121039,0.885860837,0.916262958,0.930198134,0.947727263,0.956563522,0.946568214,0.927562404,0.908644098,0.881415855,0.843400781,0.799091607,0.775947647,0.755608035,0.731702031,0.707028535,0.672208426,0.620846714,0.585087914,0.598603687,0.646576406,0.63380025,0.6165025,0.599003666,0.580856969,0.566459424,0.549865057,0.532657228,0.513841544,0.493629473,0.478727846,0.474369385,0.472621004,0.471998165,0.472151502,0.473069187,0.474094685,0.475956201,0.477403686,0.478883872,0.4814221,0.48446691,0.487362013,0.489699292,0.492392655,0.495505114,0.499023565,0.501922599,0.504170716,0.505995733,0.507050177
CML281,CS,2011,WW,CS11_WW,71.5,72.5,203.2,94,2580,13.7,103.75,3811.601557,69.0715,638.5,95,2.455,3.5,15,1.302436315,1.275698871,1.249427539,1.225226489,1.199781158,1.176000079,1.16121559,1.156881413,1.159059508,1.162602334,1.138440418,1.123279644,1.104753501,1.081352436,1.035548252,1.050871464,1.068912923,1.093529702,1.074218975,1.060564567,1.04885677,1.0331296,1.018378862,1.008863741,1.002658546,1.000352833,1.003048467,1.012596376,1.028744238,1.050417051,1.071606944,1.102847494,1.086944844,1.06491094,1.040350233,1.023345661,1.003011892,0.980669423,0.960663487,0.93467513,0.913562472,0.897746452,0.879155439,0.857669428,0.843723764,0.831698284,0.845553897,0.86650587,0.863429423,0.811863048,0.830124203,0.86347508,0.879381438,0.899702311,0.910099467,0.89903778,0.877753271,0.856873362,0.827671502,0.788295435,0.744282714,0.722029907,0.70288097,0.680635491,0.658220831,0.626193413,0.579244731,0.54679649,0.559933738,0.603671337,0.592119288,0.576556064,0.560765973,0.544371618,0.531219079,0.516072715,0.500255851,0.483089839,0.464710174,0.450994359,0.446950761,0.445393839,0.444889551,0.445180224,0.446128004,0.447170769,0.449034445,0.450529323,0.452030914,0.454468511,0.4572629,0.460053564,0.462335608,0.464857751,0.467820603,0.471128519,0.47395448,0.476383281,0.478021732,0.479154303
CML314,CS,2011,WW,CS11_WW,68.5,69.5,203.2,81.25,2888,14.7,93.9,4267.256761,76.7215,790.42,99,2.515,6,15.3333333333333,1.297931716,1.273015873,1.247706246,1.223968174,1.19872348,1.174507907,1.158357611,1.152994773,1.154820931,1.159112115,1.13719476,1.118560831,1.096336925,1.069034776,1.024534402,1.04382569,1.06336094,1.084522105,1.066036892,1.052099242,1.039261047,1.021945616,1.005784992,0.99549787,0.98910395,0.986955416,0.990526108,1.001676242,1.019837562,1.042951068,1.064809604,1.097217411,1.077673077,1.053708896,1.026892025,1.008026923,0.985493092,0.960721817,0.937800427,0.90812633,0.88330091,0.864759744,0.842662634,0.817575857,0.801836594,0.787356494,0.803633914,0.828998986,0.828429601,0.765946802,0.787788191,0.827269268,0.847268659,0.870112747,0.880904558,0.867673562,0.843097013,0.81924913,0.786369703,0.742360328,0.694044915,0.670002298,0.64970655,0.626260297,0.602540894,0.570036711,0.524015821,0.493481565,0.506008239,0.549447749,0.538854432,0.523487637,0.508129794,0.492403515,0.479743058,0.465626687,0.450993665,0.435199454,0.418135418,0.405501643,0.401769204,0.400322421,0.399791206,0.399803333,0.400698826,0.401695262,0.403442506,0.404796889,0.406269277,0.408563458,0.411367737,0.41398728,0.416187799,0.418594782,0.421528872,0.424739163,0.427404767,0.429763388,0.431446678,0.432651453
CML316,CS,2011,WW,CS11_WW,69,69,200.65,86.35,2955.5,11,78.7,4366.869568,82.0665,783,99,2.91,3.5,17,1.32141454,1.295806527,1.271289921,1.248653361,1.224983525,1.202562069,1.188526904,1.18417697,1.185659718,1.188216196,1.165201233,1.150065935,1.131561,1.108599596,1.065361855,1.080289758,1.097571376,1.121101601,1.102325397,1.089116337,1.077791113,1.06271867,1.048546397,1.039289234,1.033320302,1.031095496,1.033820498,1.043036285,1.058513774,1.079327195,1.099406297,1.12878718,1.113006956,1.091873019,1.068235584,1.05173724,1.031951651,1.010059447,0.990165917,0.964075066,0.942553119,0.926263419,0.906843138,0.884377846,0.869728025,0.856713285,0.871597786,0.894292185,0.890578571,0.834909496,0.855815863,0.891099892,0.907197454,0.927598901,0.937639857,0.926011779,0.903955166,0.88211909,0.851465105,0.809623251,0.762449623,0.738476521,0.717834306,0.693923445,0.66955423,0.635163326,0.585326188,0.551152349,0.5649858,0.61223076,0.599502935,0.582812852,0.566115914,0.548875082,0.535083478,0.519116786,0.502588888,0.484705304,0.465752231,0.451887876,0.447835855,0.446349885,0.445814602,0.446026936,0.447045201,0.448108312,0.450022835,0.45153247,0.453161758,0.455576623,0.458529282,0.461272703,0.463621002,0.46619042,0.469135197,0.472502927,0.4753029,0.477692185,0.479325337,0.48049624
CML322,CS,2011,WW,CS11_WW,67.5,70,199.4,68.6,2312,11.65,72,3415.9048135,63.742,513.555,98,2.275,5,15.3333333333333,1.295192024,1.269917947,1.245004706,1.222100166,1.197987201,1.175364461,1.161094814,1.156634974,1.15837724,1.161392679,1.13895709,1.123252206,1.104208762,1.080646161,1.037270329,1.052977593,1.070378828,1.092497306,1.074344232,1.061168087,1.04960827,1.034080766,1.019695698,1.010456223,1.004495621,1.002352551,1.005226447,1.014701897,1.030551329,1.051456758,1.071745438,1.101572988,1.085119072,1.063460413,1.039212906,1.022586925,1.00242908,0.980106232,0.960111028,0.933717551,0.91205936,0.895670431,0.876237625,0.85368945,0.839031683,0.826232366,0.840808309,0.86333737,0.861379554,0.804895582,0.82448765,0.859379349,0.876072752,0.896534953,0.906375507,0.89457177,0.872641308,0.851107996,0.820980699,0.780091705,0.734183799,0.710820861,0.691004486,0.667619717,0.643916558,0.610663376,0.562789211,0.530079866,0.543320137,0.588664238,0.576849836,0.560673133,0.544587173,0.528020615,0.514547276,0.49929748,0.483454795,0.466309642,0.448017109,0.434650876,0.430684089,0.429176496,0.4285044,0.428601256,0.429545855,0.430555163,0.432271822,0.433705239,0.435234032,0.437660846,0.440440199,0.443126636,0.445394248,0.447824348,0.450784104,0.454021228,0.456786087,0.459111291,0.460646563,0.461829633
CML323,CS,2011,WW,CS11_WW,65.5,67,195.6,71.1,3164.5,9.1,100.15,4675.2751905,89.8105,740,95,2.865,10,15.3333333333333,1.298612037,1.274233088,1.249932972,1.227469841,1.2037498,1.181243521,1.166667389,1.161953595,1.16377307,1.167145407,1.145517933,1.129175017,1.109493228,1.08527081,1.042693379,1.059565474,1.07756386,1.099425864,1.080954272,1.067703169,1.055897345,1.040135379,1.025338608,1.015862228,1.009758033,1.00756856,1.01051414,1.020261246,1.036428435,1.057635211,1.077967549,1.107644288,1.090124942,1.068161626,1.043634655,1.026605003,1.006115663,0.983390066,0.962765707,0.935664898,0.91323854,0.896293275,0.876084705,0.852851543,0.837722879,0.824362956,0.839919809,0.863930637,0.862187741,0.803236517,0.824817145,0.861550028,0.878805617,0.899912379,0.910140184,0.897812069,0.874643225,0.851884068,0.820245336,0.777501615,0.729783455,0.705689938,0.685160733,0.661355282,0.637125329,0.603313472,0.554909927,0.522338726,0.53575112,0.581550074,0.569715488,0.553360955,0.537009275,0.520265758,0.506805181,0.49164264,0.47596458,0.459008374,0.441038389,0.427902623,0.424056604,0.42257042,0.421915243,0.42201577,0.422865363,0.423807082,0.425537396,0.426937884,0.428437878,0.430769103,0.433549361,0.436199684,0.438366695,0.44087232,0.443750434,0.446968438,0.449637386,0.452071661,0.453600944,0.454815154
CML328,CS,2011,WW,CS11_WW,62.5,63,179.05,72.4,3236.5,12.85,136.35,4781.653706,88.153,936.74,98,3.74,5,16,1.319576865,1.293814307,1.268654216,1.245729451,1.222030866,1.199692831,1.186257559,1.182509687,1.184176197,1.187901639,1.166372854,1.154067317,1.137899401,1.116715911,1.072923448,1.087193829,1.104362996,1.127363846,1.108272703,1.095257139,1.084275296,1.069601777,1.055576468,1.046273249,1.039917811,1.037188695,1.039065494,1.047100369,1.061165595,1.08051805,1.099661151,1.127861976,1.112575957,1.092069355,1.069272215,1.05374465,1.034987563,1.014170583,0.995761745,0.971452826,0.951830366,0.936935592,0.919236747,0.898560507,0.884861995,0.873406444,0.888383668,0.911142892,0.909333798,0.85551593,0.870896122,0.901903785,0.918404572,0.939629206,0.950456345,0.939229179,0.917723523,0.896761107,0.867212792,0.827000226,0.781375468,0.757937422,0.737758822,0.713821788,0.689352528,0.654919851,0.605389883,0.572770651,0.587647908,0.631346801,0.618168353,0.601509737,0.58491203,0.567908025,0.554177073,0.538582927,0.522287912,0.504597768,0.485680831,0.471550207,0.467380655,0.46565574,0.464661832,0.464219781,0.464624875,0.465092034,0.466282633,0.467328235,0.468549745,0.470665114,0.473370285,0.476167008,0.478575989,0.481440615,0.484960108,0.48881388,0.492171118,0.495067904,0.496869502,0.498350644
CML331,CS,2011,WW,CS11_WW,69,71,214.65,69.85,2556.5,11,95.95,3777.2934085,70.8615,769.5,96.5,2.5,5,15,1.313534996,1.286531018,1.259787784,1.234897727,1.208523936,1.183472837,1.167354492,1.16219201,1.164283485,1.168530543,1.144029497,1.127159661,1.106537262,1.080850904,1.034269253,1.052064064,1.071771074,1.097541316,1.077438228,1.063199771,1.050669135,1.0340069,1.018471118,1.00853353,1.002187651,0.999994719,1.003380007,1.014085748,1.031979823,1.055376778,1.078071306,1.111191229,1.093289896,1.069521282,1.043136843,1.024433239,1.002326014,0.97793105,0.955723341,0.926920193,0.903102733,0.885364758,0.864273734,0.840204701,0.824824267,0.811097702,0.82621656,0.849907104,0.846555317,0.790307439,0.811199808,0.848393158,0.866955262,0.88953844,0.90103799,0.888966567,0.865617958,0.842847335,0.81101364,0.768284724,0.721155602,0.697396274,0.677080259,0.654017193,0.631174916,0.599178836,0.553086123,0.521907758,0.534752398,0.576506093,0.565642533,0.550623763,0.535404454,0.519644218,0.507110985,0.492838683,0.477865351,0.461803412,0.444534129,0.431645255,0.427850079,0.426450946,0.425905948,0.42606685,0.426952162,0.427942358,0.429597633,0.430965654,0.432368945,0.434658374,0.437435283,0.440062837,0.442374267,0.444863212,0.447876566,0.451228876,0.454126817,0.456684997,0.458456684,0.459731967
CML341,CS,2011,WW,CS11_WW,68,70,204.5,90.15,3379,10.35,85.85,4991.937754,94.5755,684.445,99,5,6,15,1.28642222,1.258584971,1.231315145,1.206316035,1.180209282,1.155627436,1.140567167,1.13647136,1.138837541,1.142722243,1.11792711,1.103013047,1.083981467,1.059874663,1.012068982,1.028174851,1.047344494,1.074158315,1.05358614,1.039350513,1.027155044,1.01096678,0.995710685,0.985895573,0.97958483,0.977244075,0.980274333,0.990305178,1.007157767,1.02990656,1.05211062,1.084534089,1.067942357,1.044948301,1.019319399,1.001321521,0.980170489,0.956856321,0.935917634,0.908923537,0.886928256,0.870558229,0.851317839,0.829317542,0.815307606,0.803034944,0.817377859,0.839134088,0.836093804,0.782948261,0.801627926,0.83623968,0.85250177,0.873537046,0.884395718,0.872349764,0.84986519,0.827977154,0.797612991,0.757052028,0.712465561,0.690214452,0.671353074,0.64930722,0.627263277,0.595824407,0.550436235,0.519712837,0.532141317,0.574595196,0.56347583,0.548484423,0.533516836,0.517990962,0.505274447,0.490905498,0.475912243,0.459849011,0.442558438,0.429615364,0.425786207,0.424312489,0.423723704,0.423915895,0.424811992,0.425780375,0.427510975,0.428901812,0.430372892,0.432651547,0.435325628,0.43789831,0.439977537,0.44245242,0.445176138,0.448215521,0.450788158,0.453097105,0.454668896,0.455681583
CML343,CS,2011,WW,CS11_WW,71,72,199.4,81.25,3923,10.65,101.7,5795.5104045,109.1515,790.625,95,3.505,2.5,13.6666666666667,1.286189698,1.260508643,1.235539072,1.212387958,1.188181592,1.165393167,1.151227459,1.146917889,1.148652039,1.15207978,1.129385061,1.114191443,1.095461076,1.072254544,1.028867532,1.044203618,1.061733093,1.084789994,1.066095192,1.052963341,1.041573861,1.026445795,1.012140299,1.002913229,0.99688195,0.994692883,0.997458338,1.006795038,1.02249134,1.043436713,1.063957134,1.093853948,1.077444367,1.055917777,1.031906973,1.015426538,0.995555675,0.973593673,0.953925819,0.927888537,0.906613246,0.890509645,0.871407444,0.849182501,0.834675462,0.822176018,0.837230062,0.859845098,0.856696007,0.80275532,0.823401501,0.858399242,0.874471104,0.894576956,0.90458213,0.893047927,0.871258919,0.849777836,0.81955843,0.778535189,0.732625109,0.709416206,0.689469674,0.666426817,0.643087755,0.610268918,0.562755546,0.530643356,0.543854285,0.588687376,0.576807673,0.560803489,0.5447472,0.528288066,0.515133036,0.500199558,0.484687185,0.468004599,0.450136091,0.437062649,0.433208732,0.431817,0.431326772,0.431585225,0.432363512,0.433425484,0.435316873,0.436624811,0.438160958,0.440457112,0.443400778,0.446119216,0.448412822,0.450850678,0.453871038,0.457247459,0.460050388,0.462428962,0.464177674,0.465427175
CML348,CS,2011,WW,CS11_WW,64.5,66,201.95,78.75,2592.5,12.15,95.8,3830.653336,71.006,601.5,98,2.265,5,13,1.292520522,1.266237042,1.240392997,1.216816114,1.191890307,1.168578572,1.154092604,1.149796248,1.151624988,1.155120976,1.131707915,1.116443179,1.097961301,1.074806466,1.029462042,1.044764668,1.062735706,1.08746734,1.06834007,1.054919784,1.043383238,1.027976189,1.013508132,1.004167249,0.998112423,0.995850087,0.998725802,1.008289891,1.02437626,1.046040518,1.067177624,1.098226401,1.082631077,1.060714223,1.036260464,1.019442372,0.999127818,0.97667654,0.956619724,0.930252832,0.908832937,0.892720917,0.87360648,0.851554801,0.837232563,0.824731313,0.83911342,0.860903302,0.857567103,0.804172709,0.823167931,0.85714203,0.873112893,0.89356488,0.904268061,0.893166983,0.871496263,0.850277147,0.8203676,0.779909138,0.734552263,0.711565668,0.691895138,0.668934878,0.645862433,0.613236965,0.565833897,0.533427009,0.546506646,0.590791006,0.578781315,0.563017341,0.547171333,0.530857803,0.51762525,0.502518304,0.486792626,0.469777481,0.451711341,0.438316543,0.434499993,0.432913427,0.43227962,0.432428043,0.433323392,0.434268068,0.436101692,0.437473674,0.438897344,0.441301786,0.444002361,0.446636178,0.448842274,0.451371147,0.454292961,0.457530802,0.460235575,0.462531765,0.464199851,0.46534981
CML366,CS,2011,WW,CS11_WW,66,65.5,201.95,71.15,2965.5,11.6,121.65,4381.1536035,81.7775,740.505,98,1,7.5,15,1.304372158,1.27569822,1.247893472,1.222472695,1.195872858,1.170787131,1.155512004,1.151041442,1.153329394,1.157668972,1.133302394,1.119046697,1.10110263,1.078207473,1.032304767,1.049066265,1.06870893,1.096431486,1.075525657,1.061046379,1.048793246,1.032534263,1.017143964,1.007006734,1.00019818,0.997297324,0.99946389,1.008483153,1.024234974,1.045793328,1.067111295,1.098845594,1.082423312,1.059790404,1.034626985,1.017178448,0.996470787,0.973838204,0.953502721,0.927311749,0.906127055,0.890380179,0.871819147,0.850632551,0.837055914,0.825614721,0.840990923,0.864944333,0.86454182,0.810424083,0.823983987,0.85551351,0.875259812,0.899834225,0.912608285,0.901377283,0.879037001,0.857370205,0.827228101,0.78672897,0.74185213,0.719076186,0.699513448,0.676904783,0.653891996,0.62209112,0.576816375,0.548605534,0.564095731,0.600412518,0.588242189,0.573405603,0.558712192,0.543619552,0.531487773,0.517574851,0.502915542,0.487185848,0.47024491,0.457678014,0.453999551,0.452528162,0.451385093,0.450591407,0.450583098,0.450605122,0.451347945,0.452084086,0.453025418,0.454874121,0.45748185,0.460260965,0.462899679,0.466147634,0.470048002,0.474466442,0.478350175,0.481831971,0.484204122,0.485897021
CML376,CS,2011,WW,CS11_WW,71,72.5,212.1,82.55,3243.5,10.15,107.65,4792.2336635,90.908,767,100,2.915,3.5,14.3333333333333,1.337095858,1.310234912,1.284276283,1.260453048,1.236041386,1.213279725,1.200046477,1.196603429,1.198294834,1.201205545,1.177684391,1.165036014,1.149274881,1.128687243,1.08290377,1.095000558,1.110850434,1.133934061,1.115597698,1.102945388,1.092324596,1.078306907,1.064907281,1.056161857,1.050388815,1.048025004,1.050184539,1.058454954,1.072691095,1.092383179,1.112073828,1.141283962,1.127597315,1.107205208,1.084475324,1.068935384,1.050437413,1.030187719,1.012130912,0.988676138,0.969875756,0.955631948,0.938794212,0.91917339,0.906287763,0.895074345,0.908147332,0.927511566,0.924216204,0.875099792,0.89075734,0.920196109,0.934078753,0.952558635,0.962336251,0.952287981,0.932877278,0.913619395,0.886367743,0.848863838,0.806143412,0.78402835,0.765023495,0.742455308,0.719304481,0.686129071,0.637143663,0.603215199,0.616699332,0.662217729,0.650067549,0.633613507,0.61689489,0.599506255,0.585541825,0.569558043,0.552831703,0.534483773,0.514762982,0.499990119,0.4955789,0.493815981,0.493120213,0.493150171,0.493907451,0.494924867,0.496608672,0.497930783,0.499401257,0.501727432,0.504596579,0.5073069,0.509500067,0.512142196,0.515011904,0.518233098,0.521044903,0.523231752,0.524752957,0.52561282
CML38,CS,2011,WW,CS11_WW,70.5,72,210.85,81.25,2197,10.15,83.9,3245.756036,61.462,643.33,98,1.93,7.5,16,1.301252621,1.274740111,1.248783031,1.224982848,1.200048001,1.176619233,1.162353207,1.158081759,1.160049835,1.163358217,1.1396155,1.124580496,1.106400772,1.083521395,1.037925806,1.052663763,1.070078477,1.094397074,1.075391153,1.062028056,1.050540874,1.035199345,1.020812175,1.01149428,1.00545711,1.003224859,1.005933231,1.015209755,1.031001132,1.05226447,1.07316132,1.10396291,1.088740585,1.067088041,1.042897056,1.026125069,1.006049599,0.984154835,0.964298569,0.938566644,0.917521664,0.901765173,0.883050496,0.861520166,0.847616312,0.835236153,0.849231,0.870522485,0.867546589,0.814855786,0.833278029,0.866916013,0.88279836,0.903033966,0.913434199,0.902475642,0.881376901,0.860497405,0.831265095,0.791387789,0.746677715,0.723974055,0.70452681,0.681904969,0.658912495,0.626362969,0.578827731,0.546369671,0.559343333,0.60401268,0.592299317,0.576481083,0.560547144,0.544022072,0.53070643,0.515532463,0.499770277,0.482640762,0.464255764,0.450576341,0.446408647,0.444829228,0.444126742,0.444221667,0.44500657,0.445966254,0.447794553,0.449065428,0.450574667,0.452898501,0.455681533,0.458258756,0.460505252,0.462851185,0.465654369,0.468751875,0.471436017,0.473641914,0.475193508,0.476111883
CML423,CS,2011,WW,CS11_WW,64.5,66,203.2,77.45,4103,10.75,132.15,6061.922895,114.338,1077.54,98,3.46,5,14.3333333333333,1.284433861,1.25697886,1.229201711,1.203211381,1.175725451,1.149649116,1.13260642,1.127176517,1.129690424,1.135309382,1.111391096,1.093349475,1.071303419,1.044095569,0.996607188,1.016111948,1.037168206,1.06343652,1.042206241,1.027149446,1.013765729,0.995854485,0.979029689,0.968220893,0.961249482,0.958671245,0.961940709,0.972976878,0.991340968,1.015546471,1.038833734,1.072820954,1.052073084,1.027101669,0.999486026,0.980211397,0.957476235,0.932744348,0.91025242,0.88144182,0.857821135,0.840333055,0.819744496,0.79647443,0.7816789,0.768648572,0.783754016,0.807494313,0.805086874,0.749303104,0.769879361,0.80718557,0.825118484,0.84743455,0.858727867,0.845497787,0.821066216,0.797580089,0.765405814,0.723065592,0.677408809,0.654800515,0.63582618,0.613906462,0.592269846,0.561380897,0.517049905,0.487319989,0.499649537,0.540404716,0.52977955,0.515233067,0.500517427,0.485389158,0.47312763,0.459152819,0.444672427,0.429050171,0.412151888,0.399662321,0.395951726,0.394479033,0.393947843,0.394194073,0.39506359,0.396009444,0.397715728,0.398965437,0.400380635,0.402544348,0.405135354,0.407647661,0.409593332,0.412082897,0.414649148,0.417738088,0.420405083,0.42256534,0.424151527,0.42520594
CML450,CS,2011,WW,CS11_WW,69.5,71,199.35,82.55,1914,15.85,74.75,2827.472451,50.0255,333,96.5,1,3.5,17,1.29434366,1.268633895,1.243143148,1.219429719,1.19453784,1.170967186,1.155941471,1.151178673,1.152928519,1.156415723,1.133612381,1.117188566,1.097467585,1.073087147,1.02893047,1.04500948,1.062958432,1.085519332,1.066919253,1.053574097,1.041910372,1.026302447,1.011656265,1.002307035,0.996247531,0.994061492,0.9971088,1.006973597,1.023445929,1.045195632,1.066309833,1.097361771,1.080588291,1.058263213,1.033508028,1.016181959,0.995591632,0.972940749,0.952296645,0.925535325,0.903386005,0.886826359,0.867058805,0.844367669,0.829786774,0.816703407,0.831134272,0.853433923,0.85064764,0.795338324,0.815585404,0.850866858,0.86765628,0.888174862,0.898370991,0.886870619,0.86499174,0.843516016,0.813312263,0.772672187,0.72723038,0.704144351,0.684458094,0.661620087,0.638418369,0.606070244,0.559049229,0.526959033,0.539544836,0.583812953,0.572687042,0.556941763,0.54106307,0.524627867,0.511508243,0.49660648,0.481161177,0.464362738,0.446096418,0.432681547,0.428706344,0.427187288,0.426567605,0.426760559,0.427667201,0.428650091,0.430480582,0.431865845,0.433357463,0.435763548,0.438542336,0.441113455,0.443352474,0.445809399,0.44867836,0.451777403,0.454415896,0.45677487,0.458253627,0.459293782
CML479,CS,2011,WW,CS11_WW,68,69,221,77.45,3395,11.05,91.95,5016.0947715,93.9775,857.285,98,3.265,5,15.3333333333333,1.298117418,1.272833979,1.247715357,1.224434869,1.199937191,1.176631597,1.161623117,1.156821981,1.158608059,1.162238389,1.140329546,1.123010137,1.102615465,1.07813737,1.034229741,1.050564683,1.068837535,1.091665973,1.072500929,1.05894037,1.047103841,1.031321699,1.016502758,1.006900591,1.000806471,0.998450456,1.001223414,1.01082357,1.026914272,1.048307865,1.069162461,1.09950354,1.081445244,1.059120047,1.034556383,1.017596973,0.997308035,0.974963508,0.954964746,0.92876904,0.907464305,0.891393711,0.872480347,0.850634501,0.836350832,0.824089143,0.838572577,0.860910296,0.858784887,0.803025274,0.82237324,0.856719192,0.872571408,0.892486861,0.902455383,0.890653946,0.868671381,0.847169249,0.817339006,0.777219736,0.73244722,0.709924543,0.690701913,0.667960535,0.644937588,0.612501828,0.565577372,0.533338665,0.546314672,0.59137705,0.579270717,0.563253583,0.547347858,0.531002673,0.517731281,0.502539157,0.486689172,0.469582852,0.451311951,0.437886096,0.434018599,0.432468302,0.431872555,0.432040128,0.432873258,0.433857279,0.43560439,0.437018761,0.438554272,0.440824787,0.443649376,0.446215821,0.448404455,0.45085962,0.453745552,0.456839499,0.459520954,0.461843815,0.463313347,0.464500668
CML50,CS,2011,WW,CS11_WW,69,69.5,208.3,101.6,2945,8.75,103.9,4350.821405,83.93,881,99,2.355,3.5,15.3333333333333,1.309712257,1.284455002,1.259189938,1.235755511,1.210973766,1.187656034,1.17285242,1.168261218,1.170075024,1.174014214,1.151641346,1.135145798,1.115569803,1.091197025,1.046506867,1.062895349,1.081085317,1.103932672,1.085346002,1.072039954,1.060286289,1.044428304,1.02961306,1.0200781,1.0139332,1.011820564,1.014959658,1.025111593,1.041870049,1.063961702,1.08526711,1.116579689,1.099393528,1.0768185,1.051495282,1.034071886,1.013055658,0.989926943,0.968966211,0.941378338,0.918707589,0.901630994,0.881290976,0.857847898,0.842791909,0.829272745,0.844601628,0.868241194,0.865824744,0.808298993,0.82936371,0.866044817,0.883406689,0.904465729,0.914899068,0.902781465,0.879886826,0.857429843,0.825965787,0.783436674,0.735917571,0.711824554,0.691397794,0.667573125,0.643355029,0.609449637,0.560706996,0.527535399,0.540597148,0.58684963,0.574990228,0.558648621,0.542129191,0.525191019,0.511611002,0.496137945,0.48011951,0.462808298,0.444102727,0.43033343,0.42623445,0.424677804,0.424032012,0.424171386,0.425067363,0.426074484,0.427762109,0.429250754,0.430685504,0.433082625,0.435786351,0.438472587,0.440626768,0.443047111,0.44594557,0.449082518,0.451750819,0.454085907,0.455494314,0.456613033
CML69,CS,2011,WW,CS11_WW,69,70,193.05,71.15,1860,12.8,79.85,2747.669098,50.8165,412.795,97.5,2.22,17.5,14.3333333333333,1.304832785,1.279627287,1.254859254,1.232075349,1.208243309,1.185844874,1.171791217,1.167373938,1.168931334,1.171864104,1.149560046,1.134472493,1.116609306,1.0943304,1.051515449,1.065596133,1.082192623,1.104349935,1.08637862,1.073819995,1.062942784,1.048480933,1.034900637,1.026100201,1.02043799,1.018415498,1.021072415,1.030075465,1.045209289,1.065442795,1.085326834,1.114581228,1.098869149,1.07802083,1.054868153,1.038713138,1.019630592,0.998512801,0.979563454,0.954851023,0.934468122,0.91912831,0.900763478,0.87958579,0.865760239,0.853351129,0.867172692,0.888061302,0.884743857,0.83281896,0.852094851,0.88494859,0.900026215,0.919013704,0.928707154,0.917825389,0.897184865,0.876910876,0.848253755,0.808966843,0.764296862,0.741415792,0.721465277,0.698525929,0.674903258,0.641558047,0.592679357,0.55891321,0.571693286,0.617611257,0.605861304,0.589429653,0.572768799,0.555478716,0.541802252,0.526199797,0.509920539,0.492130525,0.473091883,0.458899014,0.454749648,0.453107062,0.452488537,0.452665759,0.45350951,0.454583552,0.456340215,0.457773209,0.459280119,0.461634759,0.464526802,0.467125313,0.469371727,0.471738695,0.474630847,0.47787215,0.480532883,0.482642375,0.484234434,0.485179086
CML91,CS,2011,WW,CS11_WW,67,69.5,194.3,62.2,2897,10.8,104.9,4280.0605865,80.701,694.76,98,2.345,25,15,1.258472259,1.232648903,1.207183344,1.183849675,1.159138228,1.135661257,1.120700761,1.115998442,1.117929065,1.121982767,1.098860497,1.08324173,1.064124066,1.040307038,0.996277471,1.012806665,1.031239019,1.055344095,1.035778825,1.022155195,1.010339711,0.994609513,0.979723472,0.970195558,0.964014944,0.961752232,0.964694164,0.97449694,0.990965647,1.012734879,1.033757229,1.064430975,1.047349677,1.025071618,1.000268419,0.983152038,0.962520058,0.939888693,0.91949737,0.892769484,0.870984159,0.854558396,0.835178326,0.81282104,0.798488548,0.7858428,0.800390129,0.822673165,0.81958253,0.766091357,0.786136903,0.821380752,0.838158877,0.85908604,0.869670738,0.857800062,0.835404173,0.813500564,0.783116177,0.742422743,0.697524954,0.674957328,0.655818293,0.633587483,0.611303906,0.579921364,0.534454547,0.503536001,0.515810417,0.557969326,0.547123314,0.532076749,0.516852367,0.501090277,0.488520144,0.474126437,0.459241048,0.443118455,0.425761358,0.412815424,0.409063102,0.407561357,0.406945054,0.407077856,0.407958405,0.408848058,0.41047647,0.411790583,0.413132024,0.415347559,0.417894957,0.420361995,0.422276973,0.424605486,0.427154351,0.43011888,0.432568633,0.434713231,0.435961539,0.436895814
CML92,CS,2011,WW,CS11_WW,66.5,69,199.35,72.35,1708,10.55,87.05,2522.910981,47.815,492,90,3.055,7.5,15.6666666666667,1.256373747,1.230286419,1.204524948,1.180611378,1.15530776,1.131445883,1.116255279,1.111360655,1.113430762,1.117401863,1.094317535,1.077760817,1.057814809,1.033388488,0.989936407,1.007044493,1.025561311,1.04870074,1.02960087,1.015923544,1.003851803,0.987624359,0.972525798,0.962903572,0.956703397,0.954619119,0.957642592,0.96762453,0.98428251,1.006105713,1.027136724,1.058062645,1.039871293,1.017195172,0.992041719,0.974667349,0.953848945,0.931056775,0.910539662,0.883743913,0.861868518,0.845496642,0.826082439,0.803962735,0.789839733,0.777306968,0.791552388,0.813697445,0.812007936,0.757639238,0.777309231,0.812221568,0.82926221,0.849995602,0.859951213,0.84781378,0.825506184,0.803961934,0.774133645,0.734329875,0.690626424,0.668768049,0.650308367,0.628769723,0.607259881,0.576802054,0.533252118,0.503848152,0.515929821,0.556769855,0.54663696,0.532203937,0.517479425,0.502257321,0.490224652,0.47655321,0.46239135,0.446967013,0.430240472,0.417941745,0.41431741,0.41295996,0.412458967,0.412690147,0.413520858,0.414522018,0.416229585,0.417572955,0.418943303,0.42121946,0.42392901,0.426398656,0.428501818,0.430832521,0.433511371,0.43663236,0.439168474,0.441337053,0.442814826,0.443780997
CO255,CS,2011,WW,CS11_WW,56.5,57.5,156.25,44.45,714,10.25,101.45,1055.1654163,20.0645,460.175,96.5,25,17.5,16,1.292995914,1.267245103,1.240986011,1.216105365,1.189768971,1.164737528,1.148451509,1.142921529,1.145253896,1.150152117,1.127945587,1.10831985,1.085839419,1.058721567,1.013669997,1.033017048,1.052715095,1.07410068,1.055462467,1.041576136,1.028663416,1.011135796,0.994949088,0.984591001,0.978103639,0.975936395,0.979499342,0.990605652,1.008812627,1.03225375,1.054577152,1.087524727,1.066547299,1.041951102,1.014691561,0.995784294,0.973356013,0.948821866,0.926598347,0.897682354,0.8740142,0.856339807,0.835491014,0.81185194,0.7969181,0.783731136,0.799312249,0.823109612,0.822964217,0.762841324,0.783461884,0.820729386,0.83909525,0.860312691,0.870002829,0.856770069,0.833072732,0.810122008,0.778727754,0.736914403,0.691388521,0.668730942,0.649864457,0.627573308,0.605244598,0.573811024,0.528857291,0.498883265,0.51114748,0.554026544,0.543851218,0.528804632,0.513506004,0.497690013,0.485169149,0.47105974,0.456587927,0.44074748,0.423557935,0.410849575,0.407153126,0.405808957,0.405368915,0.405717518,0.406653082,0.407693132,0.409501072,0.410897035,0.412326119,0.414660679,0.417414872,0.419909599,0.422105283,0.42452096,0.427263336,0.430318883,0.432900915,0.435115367,0.436517004,0.437509624
DE2,CS,2011,WW,CS11_WW,68,69.5,199.4,66,1438.5,9.1,90,2125.2867305,40.826,744.5,92.5,5.3,15,17,1.275304114,1.249946621,1.224152015,1.199878644,1.17405469,1.149537517,1.133263478,1.127930074,1.130019525,1.134836703,1.112929163,1.094618887,1.072276642,1.04539899,1.000984425,1.020105488,1.040123222,1.062225461,1.042458477,1.028250457,1.015386404,0.998092937,0.981912036,0.97160066,0.964974473,0.962560744,0.965782753,0.976543661,0.994370594,1.0174004,1.039363896,1.071625375,1.051224297,1.027231889,1.000732624,0.982066152,0.960017531,0.935846388,0.913898532,0.885565206,0.862174355,0.844878993,0.824472361,0.801361834,0.786804807,0.773976106,0.789316858,0.812897144,0.81150884,0.754806279,0.775136245,0.812219148,0.830080996,0.851727762,0.861995996,0.848988668,0.825128362,0.802211483,0.770650755,0.729129597,0.684172624,0.662052533,0.643409765,0.621944901,0.600701043,0.570572286,0.527649862,0.499146965,0.511329451,0.55162006,0.541476269,0.527225245,0.51289153,0.498170952,0.486399664,0.473026411,0.45921167,0.444262787,0.428154966,0.416235881,0.412800024,0.411525611,0.411155059,0.411531039,0.412474954,0.413535198,0.415329039,0.416636299,0.418061034,0.420301471,0.423033996,0.425538364,0.427624488,0.430040524,0.432707576,0.435798813,0.438422648,0.440669409,0.442352704,0.443371452
E2558W,CS,2011,WW,CS11_WW,68.5,71,217.2,74.95,2423.5,8.95,87.7,3580.642197,69.1075,933.5,99,1,5,14.6666666666667,1.252603748,1.226445758,1.200222889,1.175700587,1.149564661,1.124728172,1.108498717,1.103061633,1.105086869,1.109621803,1.086402159,1.067439039,1.04526432,1.018520319,0.972688634,0.991762933,1.012261652,1.037504179,1.017172218,1.002704137,0.989832297,0.97263405,0.956550519,0.946279865,0.939722527,0.937502335,0.940894035,0.951870765,0.97002048,0.993816918,1.016749039,1.049999332,1.030529839,1.006323292,0.979411586,0.960486928,0.938065959,0.913474487,0.89098236,0.861928516,0.8379903,0.820198666,0.79911496,0.775246269,0.760185622,0.746635244,0.76208079,0.786355733,0.784572973,0.726087185,0.74710763,0.784766326,0.802957334,0.825600903,0.837066769,0.824422084,0.800380933,0.777138204,0.745102672,0.7025556,0.656263001,0.63324483,0.614133744,0.591951563,0.56979814,0.539080961,0.495756844,0.466888336,0.479053251,0.519924044,0.509096218,0.494646802,0.48029433,0.465630212,0.453691542,0.440255509,0.426372134,0.411465579,0.395551154,0.383884926,0.380466198,0.3790889,0.378593428,0.378695758,0.379453124,0.380379721,0.382018027,0.383288125,0.384622031,0.386713172,0.389275532,0.391699236,0.393680732,0.396003061,0.398471279,0.40147615,0.404032153,0.406308861,0.407894843,0.408891437
F6,CS,2011,WW,CS11_WW,72.5,72.5,187.95,82.55,1416.5,11.45,102.05,2092.749682,39.1645,624.955,95,2.445,10,12.6666666666667,1.307017621,1.283116662,1.259719638,1.238282078,1.216011297,1.194917707,1.182115831,1.178189877,1.179573053,1.181805102,1.160526715,1.146399601,1.129330014,1.108072875,1.066693518,1.079987766,1.09528806,1.115066805,1.09786663,1.085812967,1.075325802,1.061318531,1.048124274,1.039595893,1.033979673,1.031870546,1.034144066,1.04236922,1.056468917,1.075286719,1.093662948,1.120734351,1.105432993,1.085673095,1.063738121,1.048913424,1.030783095,1.010686273,0.992847263,0.968896508,0.949515972,0.934564391,0.916741795,0.895764631,0.881793709,0.869727864,0.883628389,0.904447788,0.901891434,0.848004046,0.866778937,0.899028794,0.913435444,0.931503441,0.940242065,0.929244588,0.909071462,0.889096809,0.860872747,0.821978331,0.777290918,0.754340217,0.734449727,0.711024286,0.686873706,0.652682471,0.603008894,0.568807301,0.581862254,0.629345831,0.617042891,0.600299208,0.583518114,0.566047582,0.552126322,0.536293494,0.519797702,0.501859884,0.482652526,0.468439932,0.464243226,0.462640635,0.462024553,0.462200838,0.463201655,0.464252715,0.466172522,0.467560757,0.469200686,0.471677648,0.474565197,0.47741697,0.479724924,0.482295332,0.485230986,0.488392171,0.491089127,0.493406799,0.494866135,0.496016904
GR3,CS,2011,WW,CS11_WW,68,69,195.6,69.85,2615.5,10.5,90.15,3864.3331875,73.1925,692.335,96.5,5,26,15,1.263193735,1.238184637,1.213326577,1.19027369,1.166087572,1.143019707,1.128050185,1.123136949,1.124974698,1.128690714,1.106437524,1.089064886,1.068549834,1.043789605,1.001189852,1.01840764,1.036775968,1.059357694,1.040466156,1.026970445,1.01497121,0.999007082,0.9840602,0.974577663,0.968575699,0.966473873,0.969541517,0.979514207,0.996071919,1.017686049,1.038416522,1.068900957,1.05119825,1.028932348,1.004033685,0.986781101,0.966088286,0.943354433,0.922706684,0.895740427,0.873580698,0.856951931,0.837268692,0.814675507,0.800233716,0.787406506,0.802199747,0.825088027,0.823137556,0.767001483,0.787261623,0.822812789,0.83967474,0.860255754,0.87026128,0.858135371,0.835690518,0.813858719,0.783528386,0.742978775,0.698167687,0.675696447,0.656706644,0.634494065,0.61216806,0.580769645,0.535890503,0.505439665,0.517751709,0.560335125,0.549087615,0.533952826,0.518769997,0.503104469,0.490637118,0.47631394,0.461538335,0.445539419,0.428311251,0.415672934,0.411952374,0.410505959,0.410025259,0.410211088,0.411058482,0.412028094,0.413759645,0.415101422,0.4164892,0.418787928,0.421397056,0.423958887,0.426155966,0.42848442,0.431158453,0.434163004,0.436789336,0.438947266,0.440491079,0.441459038
GT112,CS,2011,WW,CS11_WW,70,72,213.35,88.9,2110,8.4,97.05,3117.862324,61.21,579.445,92.5,2.5,15,15.3333333333333,1.343696593,1.3189026,1.294610704,1.272088224,1.24825005,1.225707373,1.211567386,1.206954211,1.208351096,1.211364209,1.188277852,1.172449302,1.153428275,1.129815959,1.085266629,1.100871684,1.1186823,1.141987095,1.123120125,1.109766122,1.098231166,1.082906333,1.068382999,1.058998082,1.052886715,1.050652092,1.053642114,1.063335245,1.07954764,1.10101037,1.121688568,1.151502192,1.135180287,1.113547216,1.089388963,1.072375063,1.051936818,1.02909637,1.00821438,0.980720674,0.957594076,0.940196153,0.919249724,0.894915987,0.878965273,0.864768521,0.880514825,0.904647722,0.899915351,0.842046887,0.864956099,0.902799908,0.919724597,0.941157455,0.952053134,0.939918293,0.916818007,0.893907735,0.861512436,0.817192867,0.76728185,0.741879222,0.719815014,0.694830845,0.669617126,0.634398071,0.583431531,0.548497173,0.562172515,0.609833796,0.597189055,0.580244659,0.563281119,0.545834212,0.53197132,0.51601528,0.499418742,0.481437951,0.462567558,0.448639959,0.444571011,0.443062257,0.442647369,0.443016543,0.444012403,0.445235386,0.447104887,0.448532306,0.450152035,0.452525964,0.455477378,0.45824124,0.460425144,0.463085955,0.466015349,0.469299086,0.472162504,0.474500825,0.476267198,0.477493458
GTAT709,CS,2011,WW,CS11_WW,73,74,195.6,69.85,1856,11.195,92.1,2742.2701957,51.3735,454.5,94,3.325,55,16.3333333333333,1.240899737,1.216531746,1.192140626,1.169462773,1.145471155,1.122740603,1.108137981,1.103167405,1.105070435,1.108766728,1.087300746,1.070842475,1.051419084,1.027558776,0.985725969,1.002395445,1.020215961,1.041535194,1.023495424,1.01048703,0.998835925,0.983087172,0.968362014,0.958875434,0.952807288,0.950611337,0.953406517,0.963007311,0.979024338,1.000010395,1.020153821,1.049757906,1.032375548,1.010585891,0.986317071,0.969690493,0.949498991,0.927202831,0.907183084,0.880680425,0.859069587,0.842727672,0.82338737,0.801027986,0.78644133,0.773949265,0.788350076,0.81083677,0.809272768,0.754035179,0.773814884,0.80855793,0.825155454,0.845476165,0.855482308,0.843717561,0.821740825,0.800213491,0.770281696,0.730085648,0.685563038,0.663130849,0.644014628,0.621720674,0.599573845,0.568300672,0.523348875,0.492881289,0.505380784,0.547075526,0.536628084,0.521620537,0.506334231,0.490632222,0.478247919,0.464266954,0.449718731,0.433997768,0.417003005,0.404552832,0.400919595,0.399590428,0.399081933,0.399201394,0.400019732,0.401011716,0.402744241,0.404079442,0.405556757,0.40781618,0.410559081,0.413125611,0.415360864,0.417727597,0.420526731,0.423697362,0.426480576,0.428864408,0.430556964,0.431724643
GTAT823,CS,2011,WW,CS11_WW,67,68,195.6,66,2271.5,10.5,79.35,3356.215392,63.54,611.5,96.5,2.925,7.5,16.6666666666667,1.28284548,1.256996436,1.230809429,1.206185968,1.180066172,1.155200535,1.138967026,1.133611389,1.135790918,1.140781039,1.118011452,1.099311968,1.07738068,1.050627882,1.004823646,1.024044607,1.043949383,1.066453207,1.046988118,1.032784477,1.020019705,1.002663808,0.986422887,0.975956924,0.969400971,0.967080039,0.970519177,0.981547055,0.999801622,1.023243308,1.045660183,1.078638183,1.058713918,1.034336075,1.007267474,0.988323728,0.965771216,0.940994319,0.918482389,0.88916324,0.864963492,0.846905547,0.825519868,0.801245742,0.78577979,0.772151049,0.78814604,0.813029087,0.811944854,0.751769516,0.773400663,0.812110577,0.831221808,0.853710241,0.864569122,0.851666325,0.827284046,0.803543264,0.770879244,0.727480378,0.68009146,0.656585013,0.63687168,0.614040234,0.591269027,0.559459869,0.514357753,0.484528306,0.497137319,0.539851815,0.529503759,0.514542065,0.499414776,0.483965886,0.471552262,0.457631798,0.443238865,0.427735621,0.41096642,0.398705835,0.395143515,0.393757591,0.393334762,0.393580769,0.394541821,0.395540318,0.397346113,0.398710916,0.400150555,0.402531422,0.405241064,0.407853389,0.41005024,0.412523176,0.415247974,0.41842099,0.421180212,0.423413075,0.425120672,0.426190463
GTCY2,CS,2011,WW,CS11_WW,67.5,69.5,205.75,67.3,1619,12.8,72.2,2392.30687,44.112,632.665,94,4.505,20,16.3333333333333,1.284414047,1.258340678,1.232370054,1.208054642,1.182396039,1.157897468,1.142161491,1.137113125,1.139175876,1.14350561,1.119818909,1.102142281,1.080810458,1.054767779,1.008722672,1.026927198,1.046926124,1.072209755,1.051714498,1.037218477,1.024586927,1.007707068,0.991862064,0.981673813,0.975145774,0.972792789,0.976036991,0.986651291,1.004323319,1.027568757,1.049998483,1.082628386,1.064172619,1.040553938,1.014211226,0.995930037,0.973976583,0.949792997,0.92788485,0.899262888,0.875850038,0.85826545,0.837501124,0.813786338,0.798559015,0.785246163,0.800980629,0.82525925,0.822852153,0.765096589,0.786247352,0.824031239,0.842109996,0.864441818,0.875737392,0.863344636,0.839583874,0.816405944,0.784174437,0.741038729,0.693691994,0.670056011,0.650200269,0.627110643,0.604167823,0.571905459,0.525840557,0.495158842,0.508078489,0.551197923,0.539908544,0.524680177,0.509440693,0.493870945,0.48119237,0.466932325,0.452199189,0.436351473,0.419422686,0.406876159,0.403182294,0.401703085,0.40118323,0.401376224,0.402335365,0.403308413,0.405059881,0.406372268,0.407857947,0.410162441,0.412804819,0.41543752,0.417506526,0.42009992,0.422847252,0.426117958,0.428767475,0.431093263,0.432913708,0.434077953
GTP50,CS,2011,WW,CS11_WW,67.5,68.5,209.55,76.2,2722,10.85,92.2,4021.7484365,75.698,633.32,98,2,17.5,14.6666666666667,1.292170526,1.266360078,1.240488509,1.216323883,1.19086593,1.16673854,1.151385224,1.146491988,1.148422943,1.152696869,1.129560661,1.112583689,1.092539132,1.067621693,1.021691496,1.038876923,1.057967941,1.081749509,1.062128168,1.048186346,1.036020896,1.019664535,1.004326661,0.994430321,0.988055981,0.985784273,0.988881486,0.999131699,1.016250058,1.038855587,1.060768451,1.09271304,1.074933199,1.051840528,1.025953057,1.007831362,0.98633583,0.962728588,0.941299395,0.913517779,0.890653372,0.873664832,0.85353717,0.830507811,0.815897053,0.802782046,0.817745147,0.840854961,0.838385709,0.781769546,0.801713978,0.837658081,0.854769415,0.876397045,0.887493325,0.875413955,0.852309137,0.829729093,0.798403846,0.756344174,0.709965658,0.686745195,0.666978741,0.644287868,0.621389829,0.589122003,0.542515183,0.511213877,0.524309048,0.56789273,0.556548999,0.541099721,0.52555508,0.50950518,0.496675812,0.48202204,0.466902032,0.450529395,0.43306383,0.420177418,0.416452198,0.414988843,0.414507392,0.414732794,0.415659476,0.416676894,0.418482959,0.419936596,0.421418532,0.42380479,0.426542042,0.429194418,0.431399523,0.433912555,0.436849859,0.440052511,0.442791862,0.445102133,0.44696396,0.448090948
H105W,CS,2011,WW,CS11_WW,64,68,167.6,50.8,1910.5,10.75,91.05,2822.5494725,53.231,561,92.5,6,32.5,16.6666666666667,1.287516579,1.26167232,1.235939697,1.211955248,1.186676639,1.162697377,1.147556358,1.14274064,1.144963218,1.149592623,1.126904417,1.110561251,1.090813435,1.066087022,1.020902762,1.038372471,1.057467151,1.080526229,1.060701042,1.046636544,1.034258133,1.017545868,1.001847976,0.99167935,0.985029588,0.982583729,0.985438742,0.995498854,1.012301744,1.034378833,1.055554943,1.08665794,1.068015021,1.045054872,1.019503642,1.001761292,0.980623229,0.957349025,0.936296685,0.908881114,0.886419813,0.869588595,0.849707516,0.826927111,0.812386773,0.799637646,0.815009034,0.83831684,0.836451312,0.780580982,0.800663605,0.836762988,0.853721305,0.87514414,0.885886675,0.873324208,0.849838298,0.827065619,0.795581044,0.753791319,0.707998958,0.685185072,0.665819974,0.643631346,0.621556242,0.590056657,0.544486035,0.514279183,0.527301019,0.569167233,0.558896031,0.544006936,0.528796627,0.513060373,0.500654689,0.486618536,0.472064528,0.4562717,0.439384794,0.426677986,0.423028903,0.421696322,0.421239466,0.42149577,0.422484517,0.423570989,0.42544785,0.426870708,0.428437018,0.430738636,0.433742841,0.436378262,0.438664313,0.441221502,0.444093757,0.447427277,0.450250791,0.452831059,0.454508841,0.455675165
H49,CS,2011,WW,CS11_WW,65,66,194.3,61,2497.5,11.85,90.15,3689.756433,68.879,755.61,96.5,5,6,19.3333333333333,1.271139631,1.245332933,1.219624035,1.195814272,1.17048392,1.146497506,1.131128703,1.126276865,1.12831273,1.132749347,1.109769803,1.093037823,1.07298875,1.048095073,1.003409206,1.020875202,1.039818324,1.064026726,1.044938343,1.031250801,1.019179848,1.003031013,0.987836312,0.978078313,0.971843571,0.969658337,0.972873155,0.983218621,1.000387964,1.022940088,1.044638152,1.076463942,1.058462787,1.035408012,1.009703279,0.991833083,0.970441908,0.946833632,0.9254341,0.897553038,0.874578834,0.857360041,0.836946499,0.813608498,0.798534907,0.785395461,0.800643777,0.824201401,0.821623891,0.765236317,0.786037076,0.822486935,0.839918314,0.861485777,0.87231479,0.860165807,0.83711334,0.814609191,0.783264491,0.741335267,0.695129203,0.671966385,0.65224579,0.629595444,0.606988526,0.575329537,0.529774831,0.499302434,0.512180036,0.554528783,0.543761654,0.528695869,0.513583977,0.497939978,0.485457314,0.471302625,0.456684577,0.440851508,0.42392104,0.411496405,0.407883059,0.406537009,0.406078966,0.406241872,0.40719968,0.408178284,0.409882296,0.411203457,0.412598511,0.414868236,0.417545482,0.420100472,0.422263923,0.424710888,0.427480666,0.43062663,0.433268351,0.435547243,0.437301493,0.43832827
H99,CS,2011,WW,CS11_WW,65,66.5,189.25,54.6,2469,12.7,106.25,3647.555763,67.4015,879,98,1,15,13.3333333333333,1.285665489,1.260366777,1.235593584,1.212604033,1.188640812,1.166095834,1.152186955,1.14780591,1.149911358,1.153473468,1.131082115,1.115985915,1.098016836,1.075446509,1.032173575,1.047245966,1.064353398,1.087155324,1.06881858,1.055873711,1.044616264,1.029499713,1.015308504,1.006083473,1.000158762,0.997933162,1.000598314,1.009883729,1.025312374,1.046055924,1.066271387,1.095866365,1.080066647,1.058729347,1.034844219,1.018543503,0.998897847,0.977171972,0.957769486,0.932128975,0.911350339,0.895608377,0.876930495,0.855316918,0.841229774,0.828953212,0.843282645,0.865108996,0.862392071,0.808154622,0.826777314,0.859968884,0.875638001,0.895265834,0.905050357,0.893656889,0.872368251,0.851513437,0.822204123,0.782573908,0.738048925,0.715382692,0.696001601,0.673156765,0.649876572,0.617093029,0.569649798,0.537212019,0.550244195,0.594575135,0.582776003,0.566850131,0.550837104,0.534487166,0.521133846,0.506030281,0.490223375,0.473059818,0.454695178,0.441214582,0.437332599,0.435779609,0.435234159,0.435382626,0.436220668,0.437200765,0.438939513,0.440347407,0.441772465,0.444124188,0.446921452,0.449568996,0.451852603,0.45451368,0.457443916,0.460757206,0.46352769,0.465962281,0.467736066,0.468737069
I137TN,CS,2011,WW,CS11_WW,68.5,69,214.6,81.25,3294,11.2,116.4,4866.90555,91.3055,908.26,98,3.94,3.5,14,1.264476168,1.238517316,1.212525835,1.18853156,1.163203956,1.13941264,1.124161333,1.119345119,1.121422798,1.125517234,1.102878484,1.08664039,1.066822141,1.04228674,0.998752094,1.016109766,1.034813038,1.057963473,1.038957662,1.025370281,1.013379707,0.997367268,0.982453175,0.972849812,0.966698487,0.964436501,0.967451528,0.977405245,0.994063961,1.015972512,1.037140884,1.068429674,1.050983997,1.028329556,1.003131592,0.985593677,0.964649429,0.941828835,0.920967759,0.893984709,0.871769292,0.855212394,0.835548298,0.813215498,0.798992583,0.786242342,0.800957632,0.823968651,0.822433985,0.767358387,0.786572731,0.821419303,0.839288762,0.86086261,0.871409938,0.859628492,0.837390165,0.815594411,0.785423379,0.745010106,0.700348834,0.677885075,0.658886385,0.63680366,0.614699709,0.583600255,0.539209333,0.509556213,0.522325833,0.563147294,0.552452191,0.537640089,0.522691003,0.507467297,0.495239188,0.481356379,0.467000838,0.451416416,0.434701673,0.422344001,0.418804266,0.417450852,0.416815323,0.416811297,0.41760077,0.418254264,0.419760034,0.420964576,0.422355632,0.42435358,0.426923217,0.429387826,0.43147655,0.43388582,0.43663109,0.439831064,0.442490826,0.44486267,0.446412495,0.447471623
K4,CS,2011,WW,CS11_WW,68.5,70,209.55,81.3,2694.5,9.95,85.5,3980.869493,75.7465,1090.995,97.5,4.39,10,15.6666666666667,1.275303208,1.249028534,1.222657326,1.19817124,1.172295203,1.1475865,1.131565774,1.12623344,1.128441868,1.132854803,1.109200148,1.090473353,1.068823438,1.042640146,0.996694553,1.01490884,1.034791198,1.060069828,1.039911759,1.025502149,1.012808441,0.995751499,0.979801065,0.969581294,0.963016339,0.960669272,0.963884158,0.9745073,0.99229824,1.015731725,1.038288399,1.071284996,1.052788251,1.028935776,1.002467784,0.983936305,0.961924225,0.9377323,0.91585914,0.887394647,0.863951402,0.846527565,0.825834698,0.802337184,0.787372446,0.774075176,0.789368149,0.813009384,0.811102767,0.752147707,0.773001156,0.810375408,0.828157719,0.849938598,0.860781761,0.848465796,0.824973831,0.802019468,0.770184728,0.727649572,0.68090709,0.657708682,0.638136866,0.615349189,0.592274385,0.559887641,0.513858923,0.483138828,0.49600608,0.540261864,0.528786904,0.513398551,0.498237579,0.482632862,0.469807268,0.455376045,0.440508546,0.424568647,0.407504374,0.394848252,0.391091694,0.389675294,0.38915593,0.389398393,0.390281519,0.391268973,0.393081383,0.394394216,0.395818332,0.398014648,0.400673188,0.403191803,0.405245174,0.407542508,0.410261118,0.413182376,0.415798497,0.417968551,0.419535622,0.420456374
Ki11,CS,2011,WW,CS11_WW,69.5,70.5,207,85.1,1964.5,12.7,80.15,2902.83741205,54.336,540.5,92.5,2.395,15,14.6666666666667,1.298390961,1.273445822,1.249053103,1.226720371,1.203270563,1.181245633,1.167689305,1.163557231,1.165463157,1.168921411,1.147156533,1.132952721,1.115566984,1.093446373,1.051307067,1.066110428,1.082707963,1.103878682,1.085699824,1.072961291,1.061861675,1.047010114,1.033042312,1.02392673,1.01802002,1.015792215,1.018396216,1.027428536,1.042645318,1.062859177,1.082486117,1.11161665,1.096742016,1.075962683,1.05270151,1.036562432,1.017140013,0.995620287,0.97621122,0.950610449,0.929548515,0.91361025,0.894567745,0.872566739,0.858230781,0.845737979,0.860824602,0.883301897,0.879928197,0.823812017,0.843635616,0.878691309,0.89613153,0.915872545,0.925063039,0.912770131,0.890997962,0.869737761,0.839728738,0.798968485,0.752961654,0.729566664,0.709386338,0.686069688,0.662527337,0.629321092,0.580845756,0.547665442,0.559688063,0.605538459,0.594385749,0.578382716,0.561874421,0.544842637,0.531263393,0.51580564,0.499649911,0.481965794,0.462976655,0.44880018,0.444536967,0.442780925,0.441996232,0.442056956,0.442954151,0.444022848,0.446033517,0.447580355,0.449273977,0.451911428,0.455045352,0.457969681,0.460349247,0.46301024,0.465980883,0.469158922,0.471675708,0.473827283,0.475297209,0.475984984
M14,CS,2011,WW,CS11_WW,67,67.5,190.5,67.35,1790.5,11.2,86.85,2645.241952,49.6425,663.25,96.5,1,10,15,1.245632248,1.221632299,1.197615663,1.175421673,1.151882539,1.129897066,1.115680541,1.110878521,1.112729733,1.116338909,1.095919703,1.080174525,1.060906577,1.037477317,0.998004432,1.014478834,1.031853966,1.051939813,1.034124485,1.021368816,1.009986019,0.994692782,0.980366279,0.971160366,0.96518213,0.96295434,0.96553946,0.974769109,0.989980325,1.009920242,1.029073746,1.057258991,1.039164309,1.018061873,0.994660014,0.978749007,0.959504358,0.93833053,0.919395251,0.894305788,0.873866095,0.858279392,0.839908868,0.81857381,0.804673766,0.792690455,0.807108812,0.829290399,0.828080137,0.77438844,0.794049757,0.827885834,0.843738382,0.86317278,0.872256341,0.860368339,0.838652234,0.817637212,0.788517252,0.749483897,0.705916552,0.683908719,0.665114796,0.643130295,0.620989961,0.589552066,0.544180266,0.513463151,0.52607417,0.568483865,0.557813606,0.54247943,0.526917344,0.510954753,0.49834548,0.484071535,0.469277303,0.453068279,0.435624852,0.422906938,0.419197237,0.417782502,0.41727447,0.417385063,0.41818422,0.419112478,0.420872858,0.422220998,0.423835796,0.426078828,0.428913854,0.431583209,0.433826403,0.436278812,0.43915819,0.442337112,0.445176306,0.447558118,0.449207704,0.450367346
MS153,CS,2011,WW,CS11_WW,58.5,59.5,167.6,58.4,2126,6.95,123.3,3140.6291715,61.744,1111.95,96.5,9.27,7.5,18,1.260891306,1.233114981,1.205186518,1.179188489,1.151675307,1.125456928,1.108535668,1.103096557,1.105840549,1.111264039,1.086494216,1.067940543,1.045587249,1.018295112,0.970282878,0.990060592,1.011560412,1.038505636,1.01675042,1.001258134,0.98777717,0.969688469,0.952752632,0.941863421,0.934781195,0.932203029,0.935503836,0.946650172,0.965228229,0.989735247,1.013362189,1.047598723,1.026855279,1.001655951,0.973596536,0.954356498,0.931324009,0.906232828,0.883686433,0.854461526,0.831033563,0.813615209,0.793326863,0.770323591,0.75566884,0.743328236,0.758712361,0.782366375,0.780423238,0.725450859,0.745587181,0.782604963,0.800686024,0.823501881,0.834855873,0.821688889,0.797467093,0.774090302,0.742094246,0.70039738,0.65590661,0.634141223,0.616073313,0.595100923,0.574894343,0.545723155,0.504008991,0.476407204,0.488715001,0.526962922,0.516735038,0.503064524,0.48927694,0.475039362,0.463599272,0.450504131,0.43695181,0.422387429,0.406661611,0.395113831,0.39173094,0.390462711,0.390212499,0.390582546,0.391428625,0.392482365,0.394144524,0.395460456,0.396774612,0.398954163,0.401512269,0.404019314,0.406070741,0.408367676,0.411079842,0.414184431,0.416805492,0.419108763,0.420723212,0.421867102
Mo18W,CS,2011,WW,CS11_WW,69.5,72.5,205.75,69.85,1844,10.15,88.65,2724.3530315,51.474,490,90,2.49,7.5,15.6666666666667,1.276953395,1.249717482,1.222562373,1.197372466,1.170549563,1.145164308,1.12875123,1.123506186,1.125700815,1.130460189,1.105587713,1.088212498,1.067118886,1.040932524,0.993501607,1.011833238,1.032225131,1.059219657,1.038307741,1.023573581,1.010737523,0.993581112,0.977470115,0.967146165,0.960482588,0.958165847,0.961495834,0.972443822,0.990553682,1.014552392,1.037694216,1.071470623,1.053288623,1.029123698,1.002254254,0.983194991,0.960747218,0.936236124,0.913745216,0.884873956,0.860962458,0.84331773,0.822291366,0.798509032,0.783630114,0.769931719,0.785116929,0.808820141,0.805298992,0.749953202,0.770931562,0.808510772,0.826784272,0.849717442,0.861714209,0.849550247,0.825884515,0.802751217,0.770696875,0.728101872,0.681611188,0.658364953,0.638715738,0.616464673,0.594300521,0.563256635,0.518496681,0.488434559,0.500980754,0.54149288,0.530807641,0.516279512,0.50159956,0.486400906,0.474321446,0.460485763,0.446047961,0.430559222,0.413919143,0.401567799,0.397857495,0.396418959,0.395883204,0.396112906,0.396914468,0.397820365,0.399488261,0.400880082,0.402230012,0.404485682,0.407151834,0.409746241,0.411901234,0.414287539,0.417136065,0.420386213,0.423133263,0.425616871,0.427299561,0.428389897
Mo24W,CS,2011,WW,CS11_WW,65,66.5,213.35,78.75,2656,10.45,77.15,3924.209781,74.107,635.34,96.5,6,7.5,17,1.243771599,1.217657529,1.191886228,1.168136911,1.143103179,1.119451207,1.104489315,1.099718967,1.101870698,1.105794748,1.082689713,1.066481995,1.046745555,1.022323407,0.97827965,0.995315039,1.014116343,1.038386923,1.018434591,1.004376137,0.992174025,0.975919803,0.960662049,0.95080813,0.94440115,0.942048382,0.944862985,0.954623289,0.971031675,0.992713064,1.0136682,1.044423881,1.027051451,1.004664501,0.979594228,0.962157308,0.941410692,0.918839287,0.898163455,0.871446823,0.849464893,0.833090995,0.813635338,0.791486972,0.777622045,0.76488631,0.779945732,0.803078911,0.800853536,0.746441753,0.766968489,0.802807848,0.819567312,0.840781743,0.851396856,0.839107296,0.816183752,0.793892473,0.763052631,0.72194302,0.677073943,0.6546312,0.635799215,0.614239648,0.592418286,0.561490403,0.517267589,0.488092503,0.50097046,0.542541434,0.531819687,0.517122248,0.50243667,0.487307022,0.475245571,0.461486109,0.447448928,0.43231971,0.416172349,0.4042318,0.400875417,0.399586174,0.399197228,0.399453331,0.400323578,0.401371059,0.403093498,0.404459691,0.405917934,0.408122651,0.410871727,0.413352546,0.4155733,0.417945254,0.420761802,0.423773725,0.426513146,0.428807876,0.430436191,0.431650848
Mo45,CS,2011,WW,CS11_WW,66.5,68,180.3,59.7,1144.5,10.05,62.75,1691.2082685,31.949,439.355,95,3.5,3.5,16.6666666666667,1.255799748,1.228500454,1.201547322,1.176485157,1.150053951,1.124937054,1.10896846,1.103914258,1.106172306,1.110734765,1.086367374,1.069001167,1.047947903,1.022129911,0.975923046,0.994414985,1.014781898,1.041197185,1.020233253,1.005423461,0.992541087,0.975270071,0.959046096,0.948603533,0.94184476,0.939289698,0.942410155,0.952957579,0.970695763,0.99409228,1.016601712,1.049584891,1.030955264,1.007105075,0.980533056,0.961915897,0.939885618,0.915723753,0.893779066,0.865406802,0.842213512,0.824893584,0.804439233,0.781212042,0.766589292,0.753550245,0.769066329,0.792740413,0.79048534,0.734327066,0.755132088,0.792541192,0.810713852,0.833387638,0.84488048,0.832348792,0.808413516,0.785189301,0.753280475,0.710897227,0.664915554,0.642082021,0.622925002,0.600972123,0.579130733,0.548364161,0.504283773,0.475267756,0.487909534,0.528136563,0.517752547,0.503363039,0.488832576,0.47388674,0.461914352,0.448419381,0.434451444,0.419461057,0.403329971,0.39142649,0.387887879,0.38650625,0.386089078,0.386165607,0.386971566,0.387894025,0.389570179,0.390818045,0.39224797,0.3943155,0.396998299,0.399476415,0.401578443,0.40385078,0.406699658,0.409785887,0.412543235,0.414889859,0.41652444,0.417625897
Mo47,CS,2011,WW,CS11_WW,62.5,63.5,187.95,60.95,3148,8.8,112.5,4650.508877,89.5525,959.105,99,3.1,10,15,1.322674878,1.298321903,1.273653473,1.250639963,1.226187114,1.202577694,1.186957618,1.181661655,1.183459053,1.187525263,1.165262019,1.147036377,1.125252305,1.098524878,1.054022159,1.072886121,1.092397317,1.114977599,1.095249091,1.081085166,1.068499705,1.05145437,1.03547633,1.025228724,1.018600026,1.016292138,1.019575502,1.030185253,1.047825757,1.070582695,1.092224142,1.12363775,1.104401835,1.081156758,1.055157274,1.036648004,1.014707915,0.9901371,0.967716064,0.938293749,0.913671505,0.895238716,0.873183268,0.848000929,0.831714243,0.817414545,0.834555631,0.860933594,0.85811139,0.796411001,0.820304144,0.86076418,0.879768317,0.902525879,0.913498529,0.90037381,0.875374523,0.850943459,0.816850712,0.771059748,0.720561032,0.695400831,0.673782244,0.649295686,0.624799337,0.590562435,0.541839874,0.509423506,0.523048227,0.568688177,0.556651129,0.540492671,0.524127729,0.507610682,0.494396824,0.479394375,0.46385062,0.447061102,0.429309744,0.416391636,0.412688058,0.411275775,0.410825162,0.41107867,0.41203552,0.413056575,0.414899653,0.416313706,0.417787125,0.420212122,0.423008188,0.425708852,0.427989106,0.430662212,0.433680089,0.436931283,0.439814207,0.442309882,0.444126868,0.445429847
Mp0496,CS,2011,WW,CS11_WW,71,72,205.75,86.4,2168.5,12.05,84.05,3203.7387855,60.796,537.78,92.5,2.5,20,12.6666666666667,1.25113925,1.224796787,1.199365078,1.176049756,1.151642757,1.12876518,1.114581984,1.110482785,1.112156394,1.115456741,1.092339103,1.07834357,1.060910371,1.038767283,0.994964344,1.009193325,1.026005676,1.049149821,1.030844429,1.018061038,1.007115199,0.992459489,0.978677019,0.969727081,0.963858791,0.961635833,0.964244472,0.973269767,0.988583121,1.009285794,1.029653014,1.059899798,1.046271501,1.02530146,1.002035565,0.985822616,0.966510507,0.945107786,0.925946197,0.90087827,0.880498033,0.865158816,0.846917795,0.825865391,0.81213692,0.800095373,0.813213889,0.833175345,0.829829945,0.780170652,0.798030057,0.830290984,0.845853324,0.865514058,0.875953566,0.866115423,0.846137809,0.826327533,0.798448929,0.760469754,0.717666971,0.695869701,0.677019613,0.655086028,0.633058905,0.602119227,0.556551976,0.524942783,0.537191924,0.579532724,0.568714369,0.553762883,0.538501829,0.522642157,0.509918388,0.495368552,0.480139962,0.463514227,0.445591037,0.432168726,0.428252891,0.426692699,0.426059642,0.426178917,0.42699448,0.427951996,0.429800479,0.431237046,0.432683176,0.434977224,0.437732178,0.440265766,0.442465961,0.444816305,0.447631051,0.450750976,0.453346882,0.45563863,0.45719249,0.458168643
Mp488,CS,2011,WW,CS11_WW,67.5,68.5,210.85,81.3,2848,12.95,78.15,4207.841808,77.7065,577.84,98,2.61,17.5,14.6666666666667,1.250731675,1.226181425,1.20181456,1.179204084,1.155229874,1.132580046,1.117680736,1.112712824,1.11442804,1.118103252,1.096228479,1.078678992,1.0581605,1.033337448,0.990346706,1.007711228,1.026413311,1.049591254,1.030637027,1.017091634,1.00514214,0.989110609,0.974039654,0.964446115,0.958279914,0.956078435,0.959154182,0.96924749,0.985879115,1.007697561,1.028595856,1.058863676,1.041111967,1.018800028,0.993861676,0.976547118,0.955673475,0.932631483,0.911625426,0.884003476,0.861173795,0.844003453,0.823540775,0.800101661,0.785116223,0.771547356,0.786951341,0.81120369,0.808860909,0.751056339,0.772875497,0.809915675,0.827168967,0.848535421,0.859031114,0.846709562,0.823603925,0.800917461,0.769426531,0.727283665,0.680694598,0.657358059,0.637807367,0.615070336,0.592211169,0.560528866,0.51574999,0.485558215,0.497796684,0.540409616,0.52909469,0.514001521,0.499089584,0.483733634,0.47138652,0.457445847,0.442982233,0.427475357,0.410952012,0.398981347,0.395416239,0.394049998,0.393520465,0.393770915,0.394483892,0.395452883,0.397168933,0.398399486,0.399798067,0.401878612,0.404431673,0.406893922,0.408912965,0.41119799,0.413791736,0.416746414,0.419288733,0.42144376,0.422989524,0.424078086
Mp705,CS,2011,WW,CS11_WW,67.5,68.5,198.1,64.8,2795.5,12.6,96.175,4130.3936455,76.4815,725,98,5,7.5,17.6666666666667,1.303532743,1.277057894,1.250563607,1.225860792,1.199574007,1.174495756,1.158216819,1.152899381,1.15473379,1.15895948,1.134957029,1.117046365,1.095365764,1.068804202,1.021736295,1.039849319,1.059706,1.085259223,1.06527627,1.050760622,1.037986023,1.020809033,1.004844846,0.994656353,0.988088777,0.985827686,0.989229104,1.000114346,1.018205159,1.041952354,1.064751602,1.098153704,1.07973149,1.055645716,1.028787502,1.00991474,0.987441991,0.962765899,0.940194783,0.910880629,0.886722132,0.868701504,0.847332688,0.82297077,0.807584987,0.793756524,0.809389103,0.833726601,0.831543435,0.772310116,0.793510922,0.831615203,0.850348291,0.873105983,0.884683128,0.872302122,0.848366073,0.824958906,0.792497208,0.749001432,0.701244669,0.677382557,0.657320099,0.634062219,0.610778092,0.578521949,0.532326414,0.501553787,0.514522316,0.557918489,0.546899028,0.531653965,0.516402773,0.500743531,0.488016821,0.473648954,0.458920681,0.442959366,0.425921762,0.413342605,0.409715059,0.40824863,0.407726212,0.4078962,0.408870662,0.409792752,0.411584842,0.412930868,0.414399042,0.41679704,0.419409867,0.422006132,0.42417273,0.426697647,0.429473611,0.432657803,0.43535598,0.437801619,0.439465954,0.440588399
Mp711,CS,2011,WW,CS11_WW,69,70,218.4,91.45,2506,11.8,106.55,3702.465115,68.871,755.14,96.5,2.21,15,15.3333333333333,1.300827879,1.274469965,1.248224697,1.223933945,1.19822293,1.173633207,1.15795127,1.152931106,1.154957165,1.159422344,1.135999647,1.119423872,1.09919542,1.073781522,1.027419483,1.045350843,1.06506225,1.090180894,1.070289992,1.056140914,1.043699242,1.026960632,1.011214335,1.001033662,0.99446372,0.992141336,0.995334555,1.005938169,1.023573376,1.046818383,1.069193693,1.101905539,1.084159022,1.060616383,1.034233759,1.015651569,0.993508968,0.969216886,0.946966888,0.918237318,0.894386045,0.876664574,0.855560919,0.831588014,0.816314521,0.802608955,0.818042271,0.842349966,0.839685805,0.782143472,0.802635643,0.840063396,0.858639705,0.881520953,0.893185146,0.880778326,0.856803183,0.833468477,0.800979424,0.757435372,0.709411776,0.685354241,0.664831697,0.641317639,0.617713483,0.58467831,0.537185709,0.505382972,0.518585631,0.562104337,0.550731992,0.535189089,0.519530627,0.503401832,0.490411406,0.47565079,0.460335843,0.443811627,0.426092711,0.412910319,0.409016841,0.407495168,0.406892901,0.406932042,0.407784329,0.408787076,0.410491673,0.411777492,0.413292184,0.415515536,0.418310844,0.420992854,0.423238969,0.425796037,0.42872475,0.432103413,0.434906289,0.437244748,0.43910947,0.440255697
Mp714,CS,2011,WW,CS11_WW,66.5,67.5,186.7,60.95,2756,8.7,82.45,4071.7652045,77.858,771.5,96.5,3.18,3.5,17,1.26548195,1.239968972,1.215053906,1.192031433,1.167918865,1.145338954,1.13131136,1.126887934,1.128842535,1.132406638,1.109985649,1.094615389,1.075935617,1.053023673,1.010206401,1.025651005,1.043173445,1.066749928,1.047999214,1.03474078,1.023290879,1.008032427,0.993690335,0.98446127,0.978503455,0.976233478,0.978908981,0.988083287,1.003549227,1.024250652,1.044323082,1.073963976,1.058114118,1.036863098,1.013056673,0.99672833,0.977066183,0.955604091,0.936108044,0.910721987,0.890021447,0.874472309,0.856059336,0.834876855,0.821274069,0.809262414,0.823490459,0.845152869,0.842545692,0.790000589,0.809155833,0.842609407,0.8580749,0.877783935,0.887479875,0.876019769,0.854572429,0.833669752,0.80443883,0.76503085,0.721297072,0.699194218,0.680479011,0.658491874,0.636444449,0.604896574,0.559226307,0.528207591,0.54119249,0.58403247,0.572342596,0.556990124,0.54146946,0.525705182,0.512996249,0.498337394,0.483264057,0.466849236,0.449424594,0.436720735,0.433093968,0.43170316,0.431273311,0.431441047,0.432404821,0.433397141,0.435246371,0.436586022,0.438044201,0.440396322,0.443093928,0.445753279,0.448018513,0.45051058,0.453449307,0.456759753,0.459511296,0.461877207,0.463739344,0.464967833
N192,CS,2011,WW,CS11_WW,66.5,67.5,171.45,50.8,1495,11.3,90.7,2208.8780615,41.446,660.465,95,6.94,35,16,1.271416961,1.245798808,1.220191245,1.196650916,1.171608232,1.147796287,1.132541401,1.127466035,1.129736978,1.134182313,1.111330925,1.094707474,1.074329346,1.049367751,1.006262472,1.024295795,1.043371453,1.066897761,1.047263642,1.033310545,1.021000582,1.004429824,0.988831131,0.978797093,0.972332598,0.970053123,0.973091139,0.983294934,1.000259574,1.02238716,1.043508017,1.074404505,1.05524301,1.032329041,1.006645436,0.989273541,0.968076935,0.944708855,0.923731746,0.895936113,0.873376051,0.856185571,0.835895635,0.812495343,0.797273792,0.784246797,0.800069332,0.824261615,0.822195102,0.76531549,0.787496581,0.82511733,0.84264352,0.863983365,0.874030711,0.860940027,0.837080536,0.813988882,0.782019398,0.739565656,0.693065558,0.669771174,0.650211613,0.627475237,0.605059362,0.573109912,0.527494551,0.49681253,0.509428239,0.55182623,0.541418026,0.526263929,0.510743858,0.49470353,0.482233944,0.468093079,0.453463005,0.437562096,0.420406046,0.407753675,0.404018276,0.402586209,0.402116401,0.402347353,0.403184387,0.404233286,0.405996877,0.407371932,0.408879057,0.411170228,0.413922864,0.416509834,0.418782647,0.421013996,0.423750822,0.426960965,0.429483746,0.431754828,0.43338699,0.434379449
N28Ht,CS,2011,WW,CS11_WW,68,69,199.4,71.1,2629.5,10.4,67.2,3884.7189465,73.5675,531.5,96.5,3.545,7.5,16.6666666666667,1.256968787,1.229898355,1.202820491,1.177677141,1.15100662,1.125827623,1.109555374,1.104276152,1.10683205,1.111712597,1.087959089,1.06951638,1.047555747,1.021120214,0.975978073,0.995154999,1.015519261,1.040720812,1.020141549,1.00537692,0.992322204,0.97488264,0.958523798,0.948069503,0.94139748,0.938916377,0.942120114,0.952781281,0.970517022,0.993762006,1.01611948,1.048974099,1.029174185,1.005053791,0.97826093,0.959750154,0.937664473,0.913682207,0.891923645,0.863792379,0.840853573,0.823792911,0.803675805,0.780900868,0.766435987,0.753728334,0.768904615,0.792310222,0.790848596,0.734571932,0.754897269,0.791602467,0.809602131,0.831816396,0.842661897,0.829947811,0.806248948,0.783413165,0.752154051,0.710887224,0.666198815,0.644060439,0.625502727,0.604043758,0.582718672,0.552589243,0.509442909,0.480722917,0.493466711,0.533667355,0.523362489,0.509118584,0.494861654,0.480152101,0.468289608,0.454804938,0.440888848,0.425827114,0.409706861,0.39791456,0.394526775,0.393237243,0.392878554,0.393138067,0.394125997,0.395072688,0.396898086,0.398222877,0.399667249,0.401930284,0.404605002,0.407182509,0.409377647,0.411836012,0.414654689,0.417836235,0.420547346,0.422989596,0.424734849,0.425990463
N7A,CS,2011,WW,CS11_WW,65,65,171.45,67.35,2830,13.5,89.35,4181.615844,76.664,798.225,98,3.275,10,15.3333333333333,1.24859201,1.222484174,1.19585089,1.17097658,1.144348352,1.118919079,1.102095486,1.096368496,1.098729563,1.104185676,1.081485552,1.062458608,1.03976306,1.012028513,0.966469455,0.986849234,1.00796557,1.032510122,1.01215626,0.99743988,0.98422337,0.966348946,0.949671918,0.93904877,0.932326325,0.930021697,0.933577812,0.944897301,0.963568174,0.987714425,1.010736428,1.044316387,1.023648772,0.998814123,0.971278773,0.952103176,0.929260698,0.904159565,0.881336606,0.85167861,0.827330664,0.809159612,0.78775711,0.763497893,0.74806637,0.734553735,0.750261003,0.775161726,0.773745944,0.715599287,0.736994191,0.775715166,0.79501079,0.81801202,0.82934548,0.816193125,0.79161407,0.767894021,0.735370429,0.692534774,0.646214546,0.623368398,0.604195028,0.582200468,0.560685102,0.530569092,0.488039471,0.45964684,0.471379362,0.510638957,0.500823451,0.486842428,0.472808134,0.458294804,0.446786012,0.433641439,0.420062864,0.405462348,0.389813785,0.378299264,0.374854154,0.373575257,0.373156512,0.373329537,0.374145276,0.375066643,0.376724416,0.377972551,0.37937379,0.381543322,0.384063096,0.386442663,0.388481896,0.390784098,0.393392601,0.396418598,0.398987913,0.40123994,0.40294235,0.40398033
NC230,CS,2011,WW,CS11_WW,69.5,71.5,181.6,68.6,2816.5,11.75,106.7,4161.1263985,78.0665,591.58,91.5,2.865,40,15,1.307760677,1.281499815,1.255300915,1.231130137,1.205568131,1.181335601,1.166216522,1.161559578,1.163437406,1.167235499,1.143111974,1.126528331,1.106532449,1.081499339,1.034311112,1.051221137,1.070350481,1.09529085,1.074987003,1.060719642,1.048360393,1.031777673,1.016144514,1.006085888,0.999461911,0.996961998,0.999798533,1.009800944,1.026700367,1.049238353,1.071128881,1.103127912,1.08581333,1.062737582,1.036918378,1.019195122,0.997796215,0.974153563,0.953019437,0.925181396,0.902614734,0.88572921,0.865774511,0.842897625,0.828024691,0.81542912,0.830440377,0.853606299,0.851367177,0.79517477,0.814570875,0.850431851,0.867749245,0.889870781,0.901255378,0.88933733,0.866342308,0.843780672,0.81244119,0.770526921,0.724349028,0.701217277,0.681925286,0.659110782,0.636495818,0.604261363,0.558080049,0.526970643,0.540498366,0.584230652,0.572582809,0.5572584,0.541956838,0.526113468,0.513230896,0.49850457,0.483217016,0.466853044,0.449267128,0.436304131,0.432454674,0.431034108,0.430554036,0.430902781,0.43185565,0.432931395,0.434794446,0.436209176,0.437672176,0.440047874,0.442892643,0.445638672,0.447914792,0.450399099,0.453291841,0.456626021,0.45940691,0.461882556,0.463646289,0.464763887
NC250,CS,2011,WW,CS11_WW,67.5,68,187.95,62.25,2583.5,9.35,87.2,3816.571202,73.1275,623.72,96.5,2.475,10,15,1.246692136,1.22163608,1.196629892,1.173610218,1.149266114,1.126442369,1.111987836,1.10736087,1.109490841,1.113344787,1.091691414,1.075382971,1.056182132,1.032454891,0.989797083,1.006199841,1.024169317,1.045899286,1.027414675,1.014128585,1.002387333,0.986595072,0.971757919,0.962220126,0.955989084,0.953659265,0.95627575,0.965609726,0.981422888,1.002248884,1.022381961,1.05206931,1.034860761,1.013153526,0.98897637,0.972261062,0.952272229,0.930396281,0.910637933,0.884875041,0.863788178,0.848049294,0.829301143,0.807888905,0.794080059,0.782006427,0.796478977,0.818356543,0.816925351,0.762575585,0.781308223,0.815232452,0.831288718,0.851333144,0.861242507,0.84957226,0.827725948,0.806587699,0.77715647,0.73786224,0.694264257,0.672390113,0.653871777,0.632184868,0.610247677,0.579313868,0.53455431,0.504537957,0.517165381,0.559446381,0.548504068,0.53355195,0.518476666,0.503060587,0.490602478,0.476463634,0.461818163,0.445978356,0.428907582,0.416365393,0.412730539,0.411340886,0.410750872,0.41094331,0.41189096,0.412821668,0.414514211,0.415939213,0.417356938,0.419626042,0.422300853,0.424966039,0.427101311,0.429592759,0.43236361,0.435569768,0.438250176,0.440582138,0.44225253,0.443305744
NC258,CS,2011,WW,CS11_WW,70,71,210.8,72.4,2004.5,9.85,84.8,2961.3726825,56.396,668.57,99,1,12.5,15,1.286303379,1.260089177,1.233922668,1.209650944,1.184086276,1.159755585,1.144214605,1.139338828,1.141479515,1.145973138,1.122320967,1.105569485,1.085067233,1.059816885,1.014304831,1.031846106,1.051214765,1.076351122,1.056210841,1.042029355,1.029700372,1.013088227,0.997536091,0.987549366,0.981092695,0.978788143,0.98185905,0.992212598,1.009453521,1.032195181,1.05416452,1.086461676,1.069178838,1.046090406,1.02042978,1.002378611,0.980967019,0.957408502,0.935977327,0.908175593,0.885241924,0.868168348,0.847858674,0.824681705,0.809884368,0.796679406,0.811756056,0.834987636,0.832081756,0.776731209,0.797712363,0.834512117,0.851853198,0.873386241,0.884226745,0.872304679,0.84941988,0.827010919,0.795870943,0.754073538,0.708015473,0.684875268,0.665167857,0.642670967,0.620252489,0.588490356,0.542816686,0.511918271,0.524593534,0.566815412,0.555836038,0.540881264,0.525734398,0.510047402,0.497564591,0.483242977,0.468377388,0.452301333,0.43505277,0.422370321,0.41865295,0.417260736,0.416806185,0.417086175,0.417949197,0.419034448,0.420818153,0.422199276,0.423630327,0.425946502,0.428724905,0.431259494,0.43347943,0.435851215,0.438758242,0.441929215,0.444685426,0.447074618,0.448710543,0.449941263
NC264,CS,2011,WW,CS11_WW,66.5,68.5,198.1,59.7,3165.5,9.7,101.05,4676.6348025,89.604,874.73,98,2.785,7.5,15.6666666666667,1.279819867,1.256353279,1.233050032,1.211466194,1.188624704,1.166844343,1.152870429,1.148238067,1.149609144,1.15265703,1.131722995,1.115627456,1.096522795,1.073146216,1.031950668,1.047603059,1.064887299,1.085776549,1.067669149,1.054937936,1.043788464,1.028924212,1.014992486,1.005955861,1.000140263,0.998070943,1.000814662,1.010131942,1.025553144,1.045882197,1.065432637,1.093928304,1.077588031,1.056705035,1.033394073,1.017215104,0.997636737,0.976031775,0.956306403,0.930349519,0.908821543,0.892611503,0.873164376,0.850705359,0.836176744,0.82305946,0.837919223,0.860852007,0.85748024,0.802488902,0.823752238,0.859103205,0.875062503,0.894853213,0.904660747,0.892891299,0.87099483,0.8494558,0.819218139,0.778069264,0.731834894,0.708298031,0.688112874,0.664873912,0.641212659,0.607956289,0.559812899,0.526871715,0.539911776,0.585523814,0.573310813,0.557034187,0.540788822,0.524078403,0.510650719,0.495349949,0.479391899,0.462138054,0.443758336,0.430265184,0.426309048,0.424760847,0.424184867,0.424412923,0.425247083,0.426327874,0.42811863,0.42942582,0.430989305,0.433248169,0.435968872,0.438571082,0.440707852,0.443119014,0.445798477,0.448952568,0.451431473,0.453616375,0.455259387,0.456175795
NC268,CS,2011,WW,CS11_WW,72,73,189.2,69.85,707,11.095,79.2,1044.60217685,19.623,292,89,2.5,25,14,1.218316271,1.190449,1.162410229,1.136035536,1.108033975,1.081286256,1.063958804,1.058159487,1.060971766,1.066549492,1.042104728,1.022590437,0.999630989,0.971770685,0.923590338,0.943855316,0.96553959,0.992603343,0.971160466,0.955782214,0.942028066,0.923562695,0.906332769,0.89533371,0.888350435,0.885839635,0.889319956,0.900732025,0.919788198,0.944723459,0.968814502,1.004107466,0.984086839,0.958633527,0.93031155,0.91049029,0.887068201,0.861589981,0.838472241,0.808842568,0.784768807,0.767059625,0.746324916,0.723105122,0.708670767,0.695958101,0.710593767,0.733692006,0.732850375,0.676996087,0.695657604,0.732413341,0.751303739,0.77456171,0.786501945,0.774120072,0.75020323,0.727216185,0.695892906,0.655086867,0.611818656,0.590754512,0.573549466,0.553523663,0.53425076,0.507150559,0.46902117,0.444236032,0.455178584,0.490018242,0.481360001,0.469115252,0.456895205,0.444208264,0.433888189,0.42227528,0.410352529,0.397638423,0.383739211,0.373364544,0.370199042,0.368968964,0.368528372,0.368693205,0.369477945,0.370302629,0.371827828,0.37294246,0.374156956,0.37609467,0.378327313,0.380599569,0.382393794,0.384495415,0.386952051,0.389711454,0.391990256,0.394130193,0.395672927,0.396626774
NC292,CS,2011,WW,CS11_WW,70,71.5,175.25,66.05,943.5,10.35,78.15,1394.083867,26.2695,351.645,79,7.31,62.5,16,1.256626675,1.230186164,1.203803293,1.179279517,1.153516818,1.129216082,1.113877777,1.108986414,1.111305554,1.11587152,1.092950086,1.076561245,1.056619593,1.031905921,0.987095883,1.004549613,1.023706349,1.047399767,1.027444107,1.013284314,1.000847659,0.984162062,0.968473611,0.95833341,0.951676882,0.949119021,0.951808556,0.961634954,0.978180002,1.000188236,1.021530132,1.052806034,1.034417887,1.01156512,0.986146593,0.968568993,0.94761515,0.924894922,0.904243882,0.877628672,0.855852793,0.839663222,0.820498934,0.798711383,0.784989267,0.772513641,0.786960181,0.809273516,0.807656178,0.753769317,0.772803137,0.80752502,0.824149578,0.84524754,0.855896081,0.843781315,0.821104963,0.799120865,0.768970029,0.728856842,0.685075001,0.663214755,0.644732831,0.623463036,0.60219867,0.571864071,0.528117102,0.498964989,0.511304318,0.551249171,0.541147901,0.526801902,0.51218551,0.49708059,0.485108039,0.471509502,0.457545692,0.442389899,0.426019453,0.413781797,0.410265607,0.408884163,0.408384955,0.408495839,0.409440644,0.410368118,0.412024055,0.413381433,0.414813792,0.417076809,0.419811497,0.422378829,0.424474423,0.426927592,0.429748596,0.432907894,0.435608846,0.438129815,0.439771254,0.440950639
NC310,CS,2011,WW,CS11_WW,69,71,186.7,66.05,1341,13.05,64.65,1981.2127479,36.3225,456.475,95,4.75,37.5,18,1.228413267,1.20318288,1.178464364,1.155635172,1.131815511,1.109449896,1.095308264,1.090841764,1.092731894,1.096138224,1.074220874,1.059056044,1.040573271,1.017754661,0.976385284,0.991830583,1.009042409,1.030620356,1.012052541,0.998959417,0.987585052,0.972415834,0.958146866,0.948929334,0.942889403,0.940545937,0.942994274,0.951897185,0.966930417,0.986971451,1.006495418,1.035210107,1.018842502,0.997919336,0.974742772,0.958831375,0.939741376,0.918834071,0.900062685,0.875461827,0.855579343,0.84059557,0.822868556,0.802444794,0.789259878,0.777755153,0.791458359,0.81195839,0.809805318,0.758970421,0.777270663,0.809784632,0.824925246,0.844112372,0.853503127,0.842319198,0.821461382,0.801224256,0.773166565,0.735421612,0.693692879,0.672631381,0.654757586,0.633883249,0.612697771,0.582605486,0.538785764,0.509052812,0.521430163,0.562786771,0.552214614,0.537530947,0.522711803,0.507474458,0.495141403,0.481205295,0.466672373,0.45102669,0.434125673,0.42161664,0.417995111,0.416624262,0.416119908,0.416310484,0.417322874,0.41821768,0.420014586,0.421381247,0.422874322,0.425215206,0.427955721,0.430530765,0.432521323,0.435053563,0.437785191,0.440769954,0.443423041,0.445762018,0.447228339,0.44829311
NC318,CS,2011,WW,CS11_WW,69.5,70,201.9,77.45,4246.5,12.75,96.95,6274.17616,115.769,996.675,99,3.565,2,14,1.288540708,1.264436221,1.241156541,1.219624383,1.197036615,1.175594887,1.16193811,1.15747329,1.158873053,1.161336366,1.139724429,1.124153812,1.105731304,1.08324371,1.041619154,1.056380071,1.073016358,1.09486697,1.076750643,1.064164335,1.053258843,1.038778669,1.02527167,1.016511411,1.010904855,1.008930831,1.011685298,1.020699809,1.035718884,1.055782678,1.075318824,1.103586563,1.087942623,1.067287383,1.044234276,1.02836404,1.009165152,0.987789685,0.96854808,0.943105188,0.922162479,0.906243828,0.88727285,0.865103377,0.850623706,0.837729281,0.852501886,0.875046626,0.871424674,0.816042759,0.836586476,0.870860127,0.886140919,0.905484054,0.915085626,0.903635072,0.882176855,0.861019532,0.831247422,0.790334142,0.743862312,0.720103171,0.699706837,0.675821988,0.651298539,0.61697584,0.567477666,0.533462628,0.547113577,0.594228138,0.581216703,0.564361837,0.547668125,0.530603876,0.516710979,0.500872312,0.484458527,0.466723403,0.448002179,0.434462111,0.430596114,0.428934835,0.428331446,0.428440148,0.429344109,0.430296444,0.43202938,0.433459975,0.434944647,0.437413646,0.440213193,0.442994362,0.44508316,0.447806295,0.45076068,0.454073794,0.456883853,0.459401819,0.461039231,0.462276139
NC320,CS,2011,WW,CS11_WW,70.5,71.5,204.45,83.8,2948.5,11.645,96.45,4356.546382,80.892,762.405,97.5,2.82,30,13.6666666666667,1.248274214,1.223700163,1.199449239,1.177262862,1.153609854,1.13133988,1.117199829,1.112591142,1.114267674,1.117530996,1.096027248,1.079857542,1.060829216,1.037436584,0.995246109,1.010862507,1.028205304,1.049785681,1.031353825,1.01839806,1.007030725,0.991725922,0.977467778,0.968280013,0.962307681,0.96010114,0.962831234,0.972045941,0.987551152,1.008018268,1.027930428,1.056912291,1.040239235,1.018859989,0.99498713,0.978722754,0.958933459,0.937155326,0.917573023,0.891777084,0.870814509,0.854992293,0.83627018,0.814709389,0.800823149,0.788566515,0.802906898,0.824968769,0.822803523,0.768679549,0.788178089,0.822190017,0.837740166,0.857195004,0.866721349,0.854931954,0.833227964,0.81200972,0.782443823,0.742844802,0.698881255,0.676797731,0.658191333,0.636253563,0.614070406,0.58258505,0.537498256,0.506881776,0.519342441,0.562975732,0.551668521,0.536363379,0.521100212,0.505382927,0.492693917,0.478293991,0.463337482,0.44716386,0.429788807,0.417022205,0.413284266,0.411843154,0.411421275,0.411710493,0.412608554,0.413690932,0.415548176,0.41692076,0.418358169,0.420585041,0.423256365,0.425753786,0.427997516,0.430283213,0.432927926,0.435825953,0.43835173,0.440453933,0.44182314,0.442845008
NC322,CS,2011,WW,CS11_WW,69.5,70,198.1,82.55,4400.5,12.85,90.65,6501.3252765,119.748,939.5,98,3.435,16,14.6666666666667,1.285965286,1.261897421,1.238419521,1.216757716,1.193927675,1.172328448,1.158609127,1.154131736,1.155627494,1.158202402,1.136348063,1.121104014,1.102855616,1.080351463,1.03840461,1.053401172,1.070339223,1.092243993,1.073886854,1.061107769,1.050118485,1.035389443,1.021647,1.012739174,1.007069225,1.004960163,1.007765101,1.016839444,1.032124651,1.052294924,1.071873625,1.10024025,1.08484466,1.064171483,1.041027668,1.02486766,1.005442092,0.983830977,0.964251409,0.93832035,0.916958781,0.900784562,0.881474156,0.858978516,0.844456015,0.831396224,0.846269439,0.869033212,0.865108347,0.810533,0.831352395,0.866223925,0.881986587,0.901928331,0.911768082,0.900253207,0.87849545,0.85702927,0.826702253,0.785512263,0.739010991,0.715246193,0.694899581,0.671332197,0.647386104,0.613790196,0.56513354,0.531903034,0.545242126,0.591054756,0.578430486,0.562080119,0.545729586,0.52898743,0.515438024,0.500034455,0.483912486,0.466586221,0.448162802,0.434793062,0.430883105,0.429336072,0.428805963,0.429051919,0.429904623,0.430883393,0.432686415,0.434086512,0.435557524,0.437984261,0.440756616,0.443380252,0.445667384,0.448253819,0.45114188,0.454352284,0.457131054,0.459649301,0.461275447,0.462375227
NC328,CS,2011,WW,CS11_WW,70,71,181.6,67.35,814,8.35,59.15,1202.16718645,23.302,373.7,96.5,5.8,42.5,16.3333333333333,1.20513385,1.179410974,1.154122299,1.130701801,1.106040265,1.082865984,1.068100599,1.063317633,1.065529608,1.069559121,1.047342467,1.031633491,1.012325833,0.988758517,0.946521187,0.963206271,0.981691312,1.005245373,0.98563821,0.97183509,0.959920137,0.943903099,0.928832978,0.91902743,0.912670931,0.910186548,0.91267059,0.921907789,0.937606974,0.958542413,0.97877547,1.008295539,0.990483239,0.968733177,0.944691295,0.928003685,0.908197434,0.886597399,0.867110223,0.841805348,0.821244999,0.805872367,0.787719658,0.766924079,0.753721256,0.742106644,0.75633791,0.777871835,0.776084228,0.724615606,0.743589175,0.777289949,0.793015628,0.813213215,0.823455083,0.811609914,0.789653076,0.768467113,0.739320344,0.700573784,0.658363894,0.637268835,0.619522322,0.599061168,0.578549864,0.549425077,0.507210826,0.479237614,0.491636225,0.530130999,0.52010756,0.506184461,0.49198429,0.477487893,0.465943285,0.452868657,0.43932544,0.424794003,0.409137661,0.397572181,0.394289503,0.393029222,0.392499055,0.392564576,0.39342434,0.394263449,0.395875451,0.397135641,0.398509878,0.400672433,0.403266863,0.405699011,0.407747331,0.410125894,0.412894136,0.415802187,0.418445204,0.420854715,0.422404631,0.423520091
NC332,CS,2011,WW,CS11_WW,68.5,69,208.25,77.45,3968.5,11,105.15,5863.7681845,110.7485,1143,100,3.645,3.5,14.6666666666667,1.287324766,1.263339674,1.239749683,1.2180023,1.195061002,1.173272401,1.159346617,1.154810517,1.156204908,1.159045011,1.137318446,1.121336706,1.102485713,1.079362403,1.037008916,1.052236784,1.069498219,1.091636234,1.073189642,1.060273882,1.049177516,1.034287221,1.020383683,1.011473017,1.005719013,1.003703275,1.006542645,1.015884157,1.03135408,1.051909325,1.071810228,1.100748049,1.0846069,1.0634681,1.039855771,1.023532914,1.003788944,0.981972753,0.962221226,0.936212558,0.914829871,0.89866183,0.879452906,0.857150785,0.842622612,0.829718161,0.844393639,0.867128411,0.863795378,0.808323736,0.828644793,0.863289067,0.878907189,0.898627508,0.908422503,0.896607245,0.874786473,0.853327809,0.823231042,0.782373959,0.736246703,0.71281752,0.692867105,0.669387897,0.645445716,0.611852467,0.563497681,0.530233537,0.543380463,0.589489002,0.57667796,0.560191424,0.543846626,0.527135017,0.513478226,0.497959106,0.481689922,0.46423456,0.445697291,0.432229385,0.428228593,0.426662072,0.425964741,0.426038932,0.426882496,0.427867833,0.429540111,0.430877196,0.432385351,0.434693426,0.437426059,0.440070628,0.442228629,0.444738803,0.4475903,0.450768263,0.453521523,0.455913416,0.457469359,0.45852868
NC342,CS,2011,WW,CS11_WW,68,70,196.85,68.55,2212.5,11.4,75.5,3268.274895,62.067,649.5,96.5,1,15,16.6666666666667,1.28054626,1.255390792,1.230688004,1.207925286,1.184194916,1.161825133,1.147783484,1.143625329,1.145218943,1.148594384,1.126739928,1.112750446,1.09496633,1.072278359,1.029475645,1.04465957,1.062047415,1.084170453,1.065306193,1.052230104,1.040994617,1.025998126,1.011784311,1.002629465,0.996592495,0.994230812,0.996574148,1.005451458,1.020384712,1.040436067,1.060074712,1.089002927,1.073486669,1.052558674,1.029179364,1.012872687,0.993405825,0.972037988,0.95271973,0.927529983,0.906890565,0.891356101,0.872931548,0.851723819,0.837994922,0.826093305,0.840799372,0.863326265,0.861326746,0.807571556,0.824579441,0.856906792,0.873633878,0.894265987,0.904465663,0.893342913,0.872132949,0.851280381,0.822130028,0.782428527,0.737940149,0.715286738,0.695861869,0.673153384,0.649814845,0.617171405,0.570410007,0.539436953,0.553275352,0.596106641,0.583699485,0.567866299,0.552317808,0.536242147,0.523250769,0.508379588,0.492868101,0.476076046,0.458084864,0.444854731,0.440960272,0.439394337,0.438617724,0.438562811,0.439089752,0.43981626,0.441111568,0.442266564,0.443513429,0.445645246,0.448286774,0.450979031,0.453268857,0.456020506,0.459068159,0.462727386,0.46582072,0.468275712,0.47013747,0.471242283
NC344,CS,2011,WW,CS11_WW,70,71.5,218.45,82.55,2912,12.65,82.45,4302.884574,79.561,791.855,94,2.855,3.5,16.3333333333333,1.256603625,1.23143184,1.206378112,1.183568636,1.159449822,1.136712863,1.122492305,1.117918135,1.119696935,1.123049184,1.100388123,1.085179743,1.066426431,1.043277936,0.999771214,1.015250489,1.032878568,1.056152244,1.03730656,1.024096617,1.0127057,0.997474828,0.983301879,0.974126389,0.968260128,0.966156283,0.96902984,0.978527011,0.994386679,1.015408748,1.035853214,1.06574045,1.049954638,1.028578619,1.004604575,0.988173055,0.968207187,0.946269386,0.926441433,0.900403224,0.879103067,0.863006567,0.843858632,0.82177815,0.807454437,0.794810988,0.80907346,0.83115494,0.828054929,0.775322132,0.79540377,0.829930091,0.846026628,0.866066569,0.87621296,0.864877391,0.843461332,0.822362269,0.792736711,0.752644702,0.70785708,0.68515519,0.665906537,0.643411759,0.620946893,0.589091738,0.543353439,0.512087691,0.524700921,0.567889679,0.55652331,0.541159644,0.525777691,0.509956971,0.497290201,0.482797336,0.467646331,0.451330313,0.433977867,0.421237966,0.417531979,0.41607664,0.415627512,0.415849083,0.416690106,0.417772079,0.419407259,0.420749669,0.422247481,0.4244106,0.427066133,0.429601698,0.431751664,0.434097042,0.436835065,0.439923794,0.442472415,0.444635942,0.446187087,0.447270873
NC358,CS,2011,WW,CS11_WW,65,67.5,181.6,57.15,2861,12.45,84.09,4227.163189,78.0035,688.44,98,3.605,7.5,16,1.273329868,1.247372245,1.221754875,1.198193132,1.173682082,1.15060788,1.136290864,1.132069199,1.133965472,1.137771879,1.115368283,1.100334308,1.081782805,1.058680199,1.014819563,1.030084569,1.04792223,1.071070734,1.051827282,1.038562976,1.027131489,1.012050803,0.997764903,0.988506369,0.9824141,0.980055419,0.982548538,0.991701952,1.007153423,1.027978245,1.048344004,1.078075862,1.061647902,1.040247557,1.016508713,1.000011921,0.980458842,0.959157306,0.93986125,0.914926084,0.894615427,0.879423261,0.86137875,0.840635583,0.827300049,0.815516783,0.829622648,0.850873767,0.848190501,0.796764134,0.815190141,0.847935663,0.863048012,0.882585953,0.892526813,0.881403379,0.860249302,0.839611604,0.810704339,0.771677844,0.72805981,0.705977261,0.686959489,0.664929852,0.642399748,0.610143365,0.563148911,0.531139758,0.544558129,0.588639557,0.576477796,0.560630878,0.544778551,0.528410566,0.515234139,0.5001301,0.484452341,0.467307908,0.449174768,0.43575258,0.431783264,0.430210062,0.429678319,0.429792595,0.430652037,0.431627787,0.433343254,0.434721303,0.436185945,0.438494395,0.441261958,0.443871468,0.446014593,0.448525149,0.451318942,0.454641292,0.4572424,0.459508713,0.461323436,0.462371305
NC388,CS,2011,WW,CS11_WW,67,68.5,214.65,80,2982,10.45,93.5,4406.262634,83.414,757.5,98,3.095,3.5,15.6666666666667,1.24897992,1.221079736,1.193765399,1.168631048,1.142101749,1.117370971,1.102003494,1.097514788,1.100106784,1.105004383,1.080915858,1.065135549,1.045506126,1.020985659,0.974896585,0.991836095,1.011216289,1.037404468,1.016972721,1.002690403,0.990360284,0.973891174,0.958411746,0.948349945,0.941782518,0.939320931,0.942186049,0.952140299,0.968874926,0.991406235,1.013353915,1.045453693,1.027809485,1.004791105,0.979243695,0.961587675,0.940603194,0.917889599,0.897368223,0.870962,0.849558402,0.833639758,0.814926162,0.793541764,0.779982624,0.768017244,0.782230641,0.803898854,0.801217063,0.749647048,0.768805495,0.803153679,0.819462048,0.840256679,0.850797908,0.838913852,0.816644518,0.795132454,0.765489132,0.726067536,0.683024235,0.661489574,0.643335242,0.62217926,0.600969369,0.570661034,0.526577659,0.496688145,0.509071496,0.549863037,0.5390875,0.52453193,0.509815236,0.49460136,0.482341631,0.46829886,0.453727354,0.437920824,0.420866784,0.408352111,0.404629603,0.40335148,0.402913584,0.403148935,0.404086401,0.405078263,0.406955148,0.408263936,0.409795244,0.412046363,0.41486211,0.417551357,0.419700005,0.422132473,0.424910183,0.42822591,0.430927654,0.433107396,0.43499906,0.436079628
Oh40B,CS,2011,WW,CS11_WW,64,66,193.05,58.45,2370.5,9.3,94.85,3501.6701695,67.0575,816.545,96.5,3.5,15,14.3333333333333,1.247448125,1.22114006,1.194653363,1.16979939,1.143567921,1.118688398,1.10260608,1.097318707,1.099615395,1.104361148,1.081203569,1.063468533,1.04198115,1.015461868,0.969591109,0.988429113,1.00840535,1.032439431,1.01265683,0.998409051,0.9857093,0.968666422,0.952773268,0.942593524,0.936208726,0.933996585,0.9374171,0.948266779,0.966217592,0.989603992,1.012040724,1.045088722,1.026498006,1.002512742,0.975726003,0.957019629,0.934811843,0.91047359,0.888386412,0.859806703,0.836317274,0.818887592,0.798243238,0.774965625,0.760276197,0.74720952,0.762423587,0.786004239,0.784894006,0.727628794,0.747981582,0.785020944,0.803324428,0.825262384,0.836022272,0.823454582,0.799846945,0.77697245,0.745603553,0.70411472,0.659057062,0.63673914,0.618165045,0.596476649,0.574815839,0.544412414,0.501489272,0.473144333,0.48516943,0.526145308,0.516184608,0.501925917,0.487637896,0.472987079,0.461120192,0.447729494,0.434042538,0.419138645,0.403063259,0.391140984,0.387720406,0.386351201,0.385996772,0.386217992,0.387104917,0.388077678,0.38981735,0.391153407,0.392556408,0.394766672,0.397365895,0.399888834,0.40197616,0.40428834,0.406926182,0.409918478,0.412455304,0.41463524,0.416206694,0.417250979
Oh43,CS,2011,WW,CS11_WW,66.5,68,201.95,72.4,2968,11.9,95.45,4385.466486,81.6415,931.665,96.5,3.165,10,16.6666666666667,1.244485486,1.218396302,1.192146029,1.167749261,1.141665232,1.117058588,1.10105855,1.095965116,1.098325002,1.103396408,1.080540641,1.062945734,1.041489672,1.015157113,0.969536755,0.988387221,1.008574846,1.033125981,1.012929991,0.998554178,0.985808957,0.96879934,0.95279545,0.942585117,0.936005388,0.933808099,0.9372157,0.948157168,0.966129205,0.989578168,1.012018845,1.044662417,1.024650133,1.000552075,0.973711627,0.955522978,0.933380288,0.909136357,0.887407766,0.85878791,0.835776818,0.818501135,0.798162574,0.774916325,0.759966531,0.747282957,0.762712348,0.786606589,0.784543418,0.72938268,0.750181749,0.78727863,0.805008733,0.826679571,0.837252218,0.824342068,0.800772731,0.777907092,0.746443337,0.705096574,0.660247968,0.638064632,0.619660609,0.598099512,0.577170605,0.547400302,0.505004796,0.476484505,0.488457597,0.527891153,0.517656011,0.503622522,0.489415994,0.474794538,0.46312827,0.449877378,0.436076477,0.421239661,0.405173861,0.393431909,0.390005635,0.388708382,0.388359147,0.388715267,0.389646101,0.390578894,0.392292301,0.393602562,0.394895944,0.397107292,0.399589477,0.402062392,0.404117452,0.40645124,0.40907836,0.412154429,0.414741256,0.416864821,0.418455176,0.419472323
Oh603,CS,2011,WW,CS11_WW,65.5,65.5,200.65,71.15,3880,10.5,115.6,5732.1900645,108.464,911.06,96.5,2.97,17.5,14.6666666666667,1.287842647,1.263200006,1.23897996,1.21652137,1.192888441,1.17046011,1.156282588,1.151917148,1.153932644,1.157914146,1.136063644,1.120235899,1.101135756,1.077201099,1.033464097,1.049280198,1.066782394,1.088011001,1.06927103,1.056143763,1.044597965,1.029136279,1.014625312,1.005254231,0.999239571,0.997098694,1.000051681,1.009769959,1.025952617,1.047300385,1.067811206,1.097765646,1.080876316,1.059146622,1.034860273,1.018235439,0.998135274,0.975766459,0.955735252,0.929164687,0.90742028,0.890886277,0.871365485,0.848644647,0.833776158,0.820821848,0.835614255,0.858270981,0.855210849,0.800981363,0.822757122,0.858344084,0.872883347,0.892877806,0.903191778,0.892039328,0.869815587,0.847917059,0.817173387,0.7754614,0.728912796,0.705361445,0.685311441,0.661901263,0.638241652,0.604570512,0.556076461,0.523260334,0.538088728,0.582831376,0.570159203,0.553785326,0.537437836,0.520679851,0.507462343,0.492434927,0.476854433,0.459986639,0.442247857,0.429427947,0.425798232,0.424614915,0.424321781,0.424653116,0.425442103,0.426305234,0.427870168,0.429056842,0.430376438,0.432570505,0.43511444,0.437752323,0.440001932,0.442626616,0.445830893,0.449400609,0.452580396,0.455349708,0.457304591,0.45880936
Oh7B,CS,2011,WW,CS11_WW,68,69.5,207,73.65,2596.5,10.7,82.8,3836.506194,72.3915,634.945,96.5,1.855,13.5,15.6666666666667,1.278995962,1.25423535,1.229312527,1.205933874,1.181328544,1.157892063,1.142571051,1.137436117,1.139204,1.143374635,1.121680286,1.103663103,1.082757276,1.057480334,1.013818677,1.031352246,1.050339501,1.072732525,1.053027896,1.039299478,1.027213222,1.010944498,0.99568874,0.985818405,0.979446295,0.977075848,0.979985345,0.989894444,1.006487917,1.028353131,1.04935829,1.080061556,1.061843052,1.039211547,1.014198154,0.996584152,0.975734292,0.952813992,0.9318422,0.904709278,0.882105422,0.865236344,0.845119417,0.822143822,0.807509834,0.794163068,0.809567108,0.83364859,0.831394986,0.773827524,0.794953709,0.831452342,0.848246039,0.869393714,0.88011527,0.867975648,0.844843981,0.822294446,0.790959265,0.748812428,0.702140405,0.678674461,0.658680849,0.635773389,0.612350512,0.579654814,0.532684991,0.501204581,0.514519475,0.558881916,0.547276397,0.531544361,0.515775434,0.499693669,0.486709315,0.472037701,0.456856751,0.44046633,0.423024909,0.410309363,0.406588061,0.405175492,0.404655614,0.404776403,0.405583576,0.406588815,0.408321896,0.409695405,0.411272494,0.413551685,0.416381533,0.418956037,0.421255213,0.423787058,0.426549937,0.429950338,0.432670839,0.435203556,0.436929597,0.438099938
Pa91,CS,2011,WW,CS11_WW,68,69.5,205.7,69.85,2984.5,10.7,88.2,4409.6669975,83.323,714.445,98,3.5,6,17.6666666666667,1.274679204,1.249481809,1.224645119,1.201629672,1.177293874,1.154277505,1.139612002,1.134653937,1.136390752,1.140301526,1.118824338,1.102815092,1.083424073,1.059476214,1.017374266,1.034454184,1.052834784,1.075036418,1.056361077,1.043104386,1.031413981,1.015824313,1.001138758,0.991612238,0.985486449,0.983145269,0.985807316,0.995252858,1.011137914,1.032077573,1.052254808,1.081995005,1.064594438,1.042683451,1.018245844,1.00136037,0.981046806,0.958729738,0.938506952,0.911993514,0.890246387,0.873912559,0.854493771,0.832193599,0.817915654,0.805265031,0.820590182,0.844505347,0.843429394,0.786441511,0.80518549,0.839660043,0.85747589,0.879206183,0.889971426,0.878236305,0.85571092,0.833767392,0.803301183,0.762144178,0.716388425,0.693223391,0.673539488,0.65056344,0.627137162,0.594668705,0.548255926,0.517579779,0.531468865,0.574521861,0.562917245,0.547369157,0.53186316,0.516049886,0.503261828,0.488729911,0.473646019,0.457356973,0.439961299,0.427193295,0.423595393,0.42221059,0.421606358,0.42162882,0.422376974,0.423121117,0.424686578,0.425911184,0.42720782,0.429517283,0.432265687,0.435042674,0.437380497,0.44018155,0.443311441,0.446829561,0.45004362,0.452816045,0.454562191,0.455913189
SC212M,CS,2011,WW,CS11_WW,69.5,71,215.9,90.2,3425.5,11.2,96.6,5061.0295885,94.9745,831,99,3.44,7.5,14.3333333333333,1.303415242,1.278782062,1.254782578,1.232779395,1.209514254,1.187355837,1.173363438,1.168500031,1.169851476,1.17271413,1.150865349,1.134847666,1.11588714,1.092671283,1.050227241,1.065605157,1.082810591,1.104820815,1.086404755,1.073459352,1.062177927,1.047212303,1.033082265,1.024020603,1.018154772,1.016051592,1.01883312,1.028232856,1.043771801,1.06442316,1.084237583,1.113058741,1.096484593,1.075215694,1.051644528,1.035488645,1.015736173,0.993762324,0.974089509,0.947764263,0.926219856,0.90980529,0.890201227,0.867284888,0.852157799,0.838978489,0.854156406,0.877485404,0.87401754,0.817634802,0.838975464,0.874430525,0.890413425,0.910563168,0.920465177,0.908566865,0.886417246,0.864653095,0.83394663,0.792123797,0.745018918,0.721113686,0.700573575,0.676468206,0.652100366,0.618101152,0.569136538,0.535584902,0.549155605,0.595974824,0.583313584,0.56675956,0.550200591,0.533361647,0.519773904,0.504138879,0.487984811,0.470484628,0.452069463,0.438635908,0.434823875,0.43338778,0.43290505,0.433139811,0.434112823,0.435181899,0.437038225,0.438409707,0.439965849,0.442304576,0.445093742,0.447922173,0.450090498,0.452711895,0.455712485,0.458907399,0.461729681,0.464129015,0.465768162,0.466933153
SC229,CS,2011,WW,CS11_WW,70.5,72,214.65,88.9,3056.5,8.55,96.9,4516.106124,87.318,734.325,98,2.5,3.5,16,1.316509598,1.288658642,1.261526009,1.236787764,1.210969592,1.187007368,1.172736452,1.168518832,1.170599669,1.174602152,1.150509407,1.136387156,1.119383217,1.097667717,1.051214568,1.065749271,1.083823694,1.109836248,1.089651765,1.075941078,1.064476315,1.049353771,1.034911242,1.025433808,1.019148476,1.016600173,1.018885625,1.027877277,1.043253498,1.06439781,1.085347977,1.116126753,1.100850916,1.079147172,1.055110275,1.038684374,1.018979509,0.997352763,0.978180759,0.953201823,0.933175683,0.918112969,0.900317442,0.879641473,0.866026453,0.854491043,0.868098719,0.88900867,0.885183164,0.835353738,0.852127431,0.883305442,0.898372446,0.918869497,0.929998832,0.919086435,0.898017835,0.877373424,0.848519538,0.809474353,0.765585204,0.743221372,0.723906935,0.701322608,0.678649614,0.64630107,0.598914794,0.566126266,0.57946621,0.622438641,0.609891931,0.594095697,0.578352003,0.561858073,0.548587501,0.53311968,0.517038848,0.499621931,0.480968513,0.467230002,0.463131819,0.461501845,0.46078092,0.460820982,0.461538087,0.462406789,0.463955676,0.465276398,0.466672512,0.468846619,0.471603985,0.474218688,0.476509447,0.479095219,0.482133109,0.485626102,0.488508644,0.490920083,0.492832515,0.494044245
SC55,CS,2011,WW,CS11_WW,70,71.5,212.1,94,2483,9.5,105,3668.730823,70.042,673.34,96.5,1,12.5,14.3333333333333,1.299490535,1.275542704,1.252479043,1.231304302,1.209180332,1.188129233,1.175142556,1.171087115,1.172381788,1.174704992,1.153204614,1.139127438,1.122367439,1.10100274,1.058675499,1.072104219,1.087785213,1.108479753,1.091013883,1.078889584,1.068358496,1.054254022,1.040966159,1.032322674,1.026649927,1.024552676,1.027034502,1.035601067,1.050053674,1.06939832,1.088256367,1.115768882,1.101167149,1.081262548,1.059076467,1.04371925,1.025105424,1.004353056,0.985684835,0.960920896,0.940525311,0.92497474,0.90638096,0.884620766,0.870253781,0.857609991,0.871810138,0.893428939,0.88980582,0.835686288,0.855147912,0.888712389,0.903788195,0.922920812,0.932552458,0.921658396,0.900686503,0.879904829,0.850510395,0.809966113,0.763685438,0.740008681,0.719472189,0.695449847,0.670925292,0.636308143,0.586095433,0.551545321,0.564871305,0.612805684,0.600284404,0.583330052,0.566434885,0.548973936,0.534909478,0.518876185,0.502228783,0.484247865,0.465008703,0.450656939,0.446372116,0.444695205,0.444100414,0.444292432,0.445168891,0.446216549,0.448118849,0.449495076,0.45101829,0.453399709,0.456245727,0.458959485,0.461270562,0.463671803,0.466491987,0.469743982,0.472396516,0.474436382,0.476020164,0.476995782
SD40,CS,2011,WW,CS11_WW,66.5,67,195.6,72.4,3189,10.25,110.5,4712.051874,89.3375,778.5,96.5,1,5,16.6666666666667,1.301961815,1.276175637,1.25047403,1.226816609,1.20175867,1.178061167,1.16295071,1.158134227,1.160093129,1.164134129,1.141515628,1.124675321,1.104512112,1.079901925,1.034870782,1.051750011,1.070958135,1.095317365,1.074810555,1.060733126,1.048576603,1.032394995,1.017200225,1.007328491,1.000901869,0.998455613,1.001222352,1.010969833,1.027350805,1.049246522,1.070435174,1.101001289,1.081930632,1.059257557,1.034087226,1.016969901,0.996282795,0.973615735,0.953279098,0.926599782,0.905142517,0.888909294,0.869786959,0.847753799,0.833385751,0.821246589,0.83635431,0.859624314,0.857001742,0.802143777,0.822211218,0.8572629,0.872964218,0.893651625,0.904237529,0.891749983,0.868722987,0.846352491,0.81535543,0.774006205,0.728309248,0.705489289,0.686235124,0.663499806,0.640752939,0.6081956,0.561302091,0.529513698,0.543145417,0.588047272,0.575633268,0.559709425,0.543825852,0.527555286,0.514270651,0.499171436,0.483401657,0.466483441,0.448556543,0.435460482,0.431599837,0.430177191,0.429720063,0.429935233,0.430925074,0.432003882,0.433761039,0.435107981,0.436577323,0.438978186,0.441697858,0.444333314,0.44665595,0.449151013,0.45206558,0.455325855,0.457969826,0.460321004,0.462087993,0.463116504
SD44,CS,2011,WW,CS11_WW,64,64.5,196.85,66.05,2293.5,14.2,89.1,3388.4516875,60.933,637.855,98,2.5,5,17.6666666666667,1.236704127,1.210549229,1.183932229,1.159160368,1.132580684,1.107503606,1.090973489,1.085391404,1.08791881,1.09324101,1.070167552,1.050922423,1.028226605,1.000827151,0.956098245,0.976077435,0.996563003,1.020968845,1.001236002,0.986776362,0.97361845,0.955973494,0.939583275,0.929207699,0.922680431,0.920487387,0.92410194,0.935369628,0.953944363,0.977830736,1.000647714,1.034227029,1.014059982,0.989328514,0.96191884,0.942876972,0.920211403,0.895453719,0.872918097,0.843771045,0.81989845,0.802138099,0.781287682,0.757677622,0.742839424,0.729694899,0.745073726,0.769031355,0.768021573,0.710305989,0.731458277,0.7694329,0.788351585,0.810532564,0.821024607,0.807917706,0.783933246,0.760769439,0.729158089,0.687487282,0.64263895,0.620547869,0.602147654,0.580944797,0.559899124,0.530485693,0.48904282,0.461425078,0.472901309,0.512065469,0.502308346,0.488555001,0.474740642,0.460561328,0.449191214,0.436307671,0.423014926,0.40862655,0.393145785,0.381812522,0.378494216,0.377268906,0.376928831,0.377213783,0.37812283,0.379067827,0.380790405,0.382017309,0.383392278,0.385555053,0.388008277,0.390424175,0.392392824,0.39464227,0.397217576,0.400053653,0.402567315,0.404523316,0.406219841,0.407213969
Sg1533,CS,2011,WW,CS11_WW,65,65.5,198.1,81.3,1730.5,10.9,88.55,2557.050662,48.3325,834.89,96.5,2.455,7.5,15.6666666666667,1.341670251,1.315131445,1.289550022,1.266188364,1.241641451,1.218646632,1.204644671,1.200669926,1.202553346,1.205832732,1.181833383,1.167646605,1.150367473,1.128106582,1.082017046,1.096275395,1.113269498,1.136818678,1.117763118,1.104466857,1.093037866,1.077799704,1.063299541,1.053733675,1.047477035,1.045051742,1.047628645,1.056886915,1.072405509,1.093351739,1.113844314,1.143845438,1.128651796,1.107191089,1.083313111,1.066619703,1.04664702,1.024537392,1.004579036,0.978437352,0.956968387,0.940781645,0.921436941,0.899080445,0.884415589,0.871490287,0.88631331,0.908277473,0.904021795,0.849776014,0.869801146,0.904788927,0.920454101,0.940612672,0.950911712,0.939311868,0.917288145,0.895475806,0.864687832,0.822647329,0.775303363,0.751260057,0.730316249,0.706391537,0.682234482,0.647639058,0.596855753,0.562094212,0.575661355,0.622170344,0.61001118,0.593367711,0.576311056,0.558728485,0.54471028,0.528627346,0.511979382,0.493872791,0.474447141,0.46001069,0.455761458,0.454226582,0.45368246,0.453985229,0.455023079,0.45623512,0.458208778,0.45980936,0.461502738,0.46404396,0.467207654,0.470047534,0.472451669,0.47513621,0.478214125,0.481833058,0.484778081,0.487270562,0.489164807,0.490392673
Sg18,CS,2011,WW,CS11_WW,66.5,67,205.75,80,2690,9.6,58.7,3974.756453,75.904,694.5,96.5,3.265,10,16.3333333333333,1.34193473,1.316247046,1.29134085,1.268623721,1.244829764,1.222444896,1.209262039,1.205351032,1.207043572,1.209771007,1.186362511,1.17273141,1.156704305,1.135933605,1.090491358,1.10321955,1.119277645,1.142323586,1.123888145,1.111214703,1.100489023,1.086216201,1.072635284,1.063629009,1.057668831,1.055279861,1.057623291,1.066182718,1.080853164,1.100857233,1.120572134,1.149496582,1.135823575,1.115510598,1.092791217,1.077080471,1.058074756,1.036993909,1.018185865,0.993275097,0.972922854,0.957440327,0.939078905,0.917535366,0.903171576,0.890861368,0.904932141,0.925904288,0.921160041,0.869116015,0.887854682,0.920796452,0.935337092,0.954967616,0.965427695,0.95502543,0.934169936,0.913382134,0.883680746,0.842705075,0.796061372,0.771975352,0.750949277,0.726801853,0.702347296,0.667289321,0.615510219,0.579842968,0.594146768,0.642261635,0.629348797,0.612291848,0.595025608,0.577252495,0.562754369,0.546271426,0.528942416,0.510291157,0.490495193,0.475786446,0.471494125,0.469815129,0.469375166,0.469803396,0.470928066,0.472125906,0.47428678,0.475893554,0.477597346,0.480263365,0.483398264,0.486418404,0.488948627,0.491852089,0.494997362,0.498735693,0.501761693,0.504428713,0.506387864,0.507704326
SynHam2281,CS,2011,WW,CS11_WW,67.5,68,190.5,76.2,2909,11.75,89.9,4297.451139,80.101,751.89,98,3.5,6,15.6666666666667,1.301553937,1.276328176,1.251404471,1.22821131,1.203852688,1.180696703,1.165811622,1.1610238,1.162837259,1.166874671,1.14475455,1.127790454,1.107676774,1.083170346,1.039157832,1.055871552,1.074637117,1.098545271,1.078323384,1.064451498,1.05240166,1.036297768,1.021116679,1.011283576,1.004766611,1.002289133,1.004964854,1.014490827,1.030654258,1.052166623,1.072928566,1.103004387,1.084482189,1.062263362,1.037595094,1.020381385,0.999939776,0.977520256,0.957245141,0.930884118,0.90924135,0.893036096,0.873809612,0.851760917,0.837651916,0.825101597,0.840241544,0.863521469,0.860599023,0.804750049,0.825509094,0.861059862,0.876539082,0.897010663,0.907271725,0.894863067,0.871764032,0.849178663,0.818015764,0.77613675,0.72992655,0.70672163,0.687174236,0.664340412,0.641103178,0.607755184,0.559786969,0.52734162,0.540957013,0.586888428,0.574234569,0.557934278,0.541784207,0.525162653,0.511664192,0.496292621,0.480302387,0.46316932,0.44501743,0.43177939,0.42793979,0.426519617,0.426103213,0.426402773,0.42739419,0.428488858,0.43035238,0.431898788,0.433366103,0.435797554,0.43867784,0.441402241,0.443647256,0.446253876,0.449153082,0.45235499,0.455224555,0.457651576,0.459483335,0.460676789
T173,CS,2011,WW,CS11_WW,66.5,67.5,208.25,76.2,4151.5,11.3,124.4,6133.601757,114.9705,1048.945,98,3.775,6,14,1.283030016,1.254943814,1.226977268,1.200903003,1.173609792,1.147704068,1.131268428,1.125974709,1.128078866,1.132867441,1.107904562,1.089532519,1.067932843,1.041522283,0.994102488,1.012446119,1.032893995,1.059353833,1.038415692,1.023596734,1.010665379,0.993331395,0.977171205,0.966734102,0.96002878,0.957646437,0.960899671,0.971701894,0.989779853,1.013900171,1.037283213,1.071477871,1.052092492,1.027540604,1.000228129,0.981339267,0.958918361,0.934484528,0.912473085,0.884034013,0.860940078,0.843804191,0.823647687,0.80073932,0.786091849,0.773371568,0.788220141,0.811185334,0.80851494,0.752835311,0.772939085,0.809044202,0.826497771,0.848648261,0.860019571,0.847733739,0.824398543,0.801709987,0.770457319,0.728925337,0.683559395,0.661004414,0.642159334,0.619929914,0.597923449,0.566675554,0.521850996,0.491554844,0.504568386,0.546877919,0.535342822,0.520315274,0.505405423,0.490025828,0.477507566,0.463199428,0.448341316,0.432286963,0.415248939,0.40278313,0.399165278,0.397852453,0.397347128,0.397586614,0.39839037,0.399466654,0.401184973,0.402503659,0.403899488,0.40617662,0.408874,0.411366064,0.413475711,0.415966905,0.418737377,0.421899148,0.424554399,0.426945786,0.428567666,0.429755831
T8,CS,2011,WW,CS11_WW,68.5,68,201.95,83.8,2778,12,96.45,4104.8175765,76.2705,700.885,96.5,1,3.5,14.6666666666667,1.275875486,1.251221448,1.227115523,1.205289361,1.182449959,1.161129987,1.148137215,1.144330423,1.146005611,1.149104683,1.127949554,1.114460323,1.097905225,1.076661554,1.034999341,1.048721399,1.064891581,1.086036185,1.068191427,1.055860423,1.045266733,1.031065892,1.017618725,1.008771175,1.002937142,1.000604027,1.002823941,1.011129225,1.025191724,1.044232279,1.062934857,1.090301963,1.075310975,1.055495419,1.033496802,1.018458129,1.00027792,0.980179655,0.962244495,0.938451446,0.919082127,0.904377186,0.886755195,0.866230345,0.852672931,0.840770167,0.854516672,0.875299481,0.871614403,0.82071627,0.839367416,0.871199627,0.884954552,0.903211776,0.912590825,0.901733015,0.881287233,0.861238111,0.832946985,0.794229442,0.750418042,0.727977956,0.708549018,0.68604467,0.663076385,0.630287362,0.58232539,0.549111461,0.562169626,0.607057981,0.594869805,0.578757253,0.562456291,0.545685837,0.532208451,0.516829167,0.500717086,0.483216079,0.464574767,0.450833858,0.446867215,0.445324382,0.444749894,0.444979747,0.445886168,0.446969094,0.448802915,0.450267542,0.451903633,0.454250283,0.457186503,0.459883104,0.462164292,0.464704678,0.467608808,0.470922637,0.473755715,0.476201007,0.47785476,0.478940386
Tx202,CS,2011,WW,CS11_WW,67.5,68,194.3,81.3,3403.5,9.9,122.2,5028.537366,95.636,1029,98,5,15,14,1.309414807,1.283887196,1.258592545,1.234720961,1.209737103,1.186055844,1.170860633,1.165827949,1.167698644,1.17179897,1.149238873,1.131933058,1.111632894,1.086814198,1.042727694,1.059709777,1.078441618,1.101486493,1.081829731,1.068030601,1.05583929,1.039403211,1.024031199,1.014083633,1.007622518,1.005168645,1.007938803,1.017813163,1.034348688,1.056190374,1.077200368,1.108160649,1.089911492,1.067193036,1.041962784,1.024629342,1.003722234,0.98070173,0.960022278,0.93279122,0.910599646,0.893850865,0.874054772,0.851260692,0.836380727,0.823581045,0.838796568,0.862135686,0.859810738,0.802903554,0.823245603,0.859263178,0.876132532,0.897163396,0.907655228,0.895268747,0.872209897,0.849727419,0.818569611,0.776698025,0.730192052,0.706893719,0.687086197,0.663915814,0.640508921,0.607351268,0.559640162,0.527446552,0.540892232,0.585934663,0.574411809,0.558398912,0.54236563,0.525811854,0.512578607,0.497430089,0.481816286,0.464930154,0.446827809,0.433500141,0.429581503,0.428153551,0.427645407,0.427849922,0.428844675,0.429821986,0.431730445,0.433223618,0.434821199,0.437316196,0.440229742,0.443134458,0.445359276,0.448100094,0.451173055,0.454566205,0.457561052,0.460182217,0.462021793,0.463237541
Tx204,CS,2011,WW,CS11_WW,68.5,69.5,191.8,64.75,1296,8.65,65.95,1915.238392,37.2675,434.5,96.5,2.5,7.5,14.3333333333333,1.246295897,1.219922684,1.193317223,1.168591413,1.142470284,1.117784491,1.101864922,1.096707249,1.099004885,1.103713755,1.080527238,1.062763458,1.041548426,1.015716166,0.97039784,0.988769172,1.008739166,1.033578725,1.013204364,0.998738719,0.986072813,0.969038636,0.953081752,0.942840133,0.936265,0.933823066,0.936812998,0.947194186,0.964603502,0.987445956,1.00953504,1.041857129,1.022640132,0.998970198,0.972742716,0.954559818,0.932919569,0.909292879,0.887912171,0.860287265,0.837793746,0.821077963,0.801388702,0.779024459,0.764808557,0.752309149,0.767236274,0.790194085,0.788613525,0.733597113,0.753301162,0.789089347,0.80631623,0.828141815,0.839091612,0.826637514,0.803377092,0.780926366,0.750010221,0.70918149,0.664857743,0.642862204,0.624379887,0.603154707,0.582050197,0.552143035,0.509017863,0.480334782,0.49277927,0.532353894,0.522125427,0.50793523,0.493605242,0.478750285,0.46690216,0.45350101,0.439568411,0.424593549,0.408532878,0.39671838,0.393314659,0.392104309,0.391586999,0.391764064,0.392703403,0.393628431,0.395323206,0.396644526,0.398084292,0.400329474,0.402940926,0.405529918,0.407730228,0.410116513,0.412987719,0.416176284,0.418854459,0.421399278,0.423074464,0.424349144
Tx205,CS,2011,WW,CS11_WW,69.5,69.5,204.45,71.1,2614,11.2,95.2,3862.253042,71.8945,1110.5,98,2.52,5,16.6666666666667,1.260549286,1.233472293,1.205737546,1.179785691,1.15215768,1.125937385,1.108901275,1.103333318,1.10581317,1.1114005,1.08765228,1.068330916,1.045356028,1.017245238,0.969621074,0.990025782,1.011404226,1.037063352,1.016350286,1.001291,0.987777811,0.969524211,0.952474781,0.941599689,0.934691839,0.932265251,0.935894091,0.947522274,0.966570648,0.991505692,1.015310958,1.050176266,1.029339786,1.003826328,0.975573313,0.955700235,0.932227727,0.906538475,0.883228833,0.853088111,0.828368179,0.81004853,0.788458599,0.764098169,0.748641409,0.735161916,0.750781158,0.775403252,0.774317878,0.7151466,0.73623045,0.775123432,0.794569999,0.81798234,0.829507245,0.816261752,0.791374657,0.767445182,0.734639276,0.691531295,0.645065705,0.622224366,0.603125467,0.581162242,0.559674985,0.529415613,0.486780958,0.458537984,0.470528897,0.510084484,0.500269796,0.486254065,0.4722407,0.45782683,0.446167482,0.433025917,0.419472066,0.404856825,0.389133373,0.377501333,0.374052001,0.372739265,0.372294675,0.372477903,0.373223818,0.374220688,0.375857874,0.377081618,0.378496696,0.380527686,0.383050409,0.385455211,0.38745621,0.389668625,0.392184384,0.395148223,0.397620921,0.399813456,0.401420613,0.402444709
Tx303,CS,2011,WW,CS11_WW,69,70.5,220.95,87.6,3733.5,10.55,93.9,5515.952008,104.2775,864.49,100,1,3.5,16.6666666666667,1.224024205,1.198207292,1.172848799,1.149435855,1.124590239,1.101061327,1.085810855,1.080698443,1.082647528,1.086712868,1.063979475,1.047188432,1.027020071,1.002557531,0.960360045,0.978192335,0.997191606,1.021151829,1.001548849,0.987669144,0.975533269,0.959371305,0.944256233,0.934488616,0.928279929,0.925994019,0.929052571,0.938972787,0.955620346,0.977406651,0.998343782,1.029151585,1.01172902,0.989279588,0.964169582,0.946804844,0.925939993,0.903048053,0.882291401,0.855110202,0.83283986,0.816133323,0.796329408,0.773722494,0.759358681,0.746480307,0.761532372,0.7851104,0.782803364,0.728423862,0.748575366,0.784225393,0.802366899,0.82442313,0.835488425,0.823565114,0.800886981,0.778773279,0.748248152,0.707408043,0.662618739,0.640177904,0.621329645,0.599545045,0.577915746,0.547764996,0.505009882,0.476734624,0.489223122,0.527805329,0.517055797,0.502810403,0.488547908,0.473998911,0.462428244,0.449180776,0.435432441,0.42066743,0.40488653,0.393396173,0.390042458,0.388728027,0.388078163,0.387981983,0.388583835,0.389282756,0.390631821,0.391660041,0.392849978,0.394819807,0.397201617,0.399561208,0.401555461,0.403889422,0.406634033,0.409796359,0.412553907,0.414841291,0.416527579,0.417683914
Tx601,CS,2011,WW,CS11_WW,69,69.5,224.75,86.35,3173.5,9.75,82.5,4688.596489,89.5665,778.5,99,3.035,3.5,17,1.278479717,1.252593843,1.227240616,1.203750246,1.178835424,1.15522725,1.140038732,1.13496403,1.136769659,1.140483531,1.117478103,1.100446458,1.0799786,1.055202127,1.01188805,1.028763152,1.047089479,1.069806441,1.050831647,1.037227976,1.025274138,1.009239995,0.994337864,0.984745562,0.978705184,0.976583651,0.979685279,0.98977697,1.006438668,1.028305616,1.049368773,1.080335457,1.062742715,1.040121147,1.014918846,0.997532655,0.976660101,0.953619357,0.932791675,0.905417981,0.88298533,0.866085153,0.845971396,0.822883031,0.807983444,0.794717257,0.80960145,0.832782163,0.830105561,0.774219105,0.795459483,0.831763473,0.848881858,0.869605601,0.879692463,0.867601604,0.8450845,0.823083436,0.792394422,0.751181862,0.705355406,0.682274662,0.662619274,0.639820249,0.616988236,0.58479276,0.538852963,0.507568401,0.520103855,0.563485933,0.552353641,0.53689466,0.521363607,0.505424081,0.492628643,0.478071801,0.463048352,0.446645405,0.42912584,0.416313526,0.412568413,0.411094555,0.410605878,0.410817682,0.411668828,0.412717029,0.414416786,0.415808637,0.417251527,0.419579872,0.422330419,0.424892884,0.427155313,0.429436764,0.432287335,0.435482115,0.438121112,0.44037617,0.442017536,0.443126345
Tzi10,CS,2011,WW,CS11_WW,70,72,219.7,86.35,2895.5,10.45,94.6,4278.174645,80.896,664,89,2.955,12.5,16,1.319199511,1.293395867,1.268364529,1.245563539,1.221997856,1.199818869,1.186482493,1.182456966,1.18401703,1.187100079,1.165854047,1.153338372,1.137326819,1.116494895,1.07532171,1.090344761,1.107922891,1.131075811,1.112131778,1.099064122,1.087950597,1.073175058,1.05918751,1.050008329,1.043689979,1.04105676,1.042803158,1.050650983,1.064396245,1.083128602,1.101701259,1.129232201,1.113636488,1.093414552,1.070903275,1.055604692,1.03719253,1.016761749,0.998762891,0.97488402,0.955589552,0.940853715,0.923445361,0.90295978,0.88948376,0.878097533,0.892818103,0.915599168,0.916132467,0.860820667,0.875478152,0.905716573,0.922581113,0.944519654,0.955988312,0.944401927,0.922788505,0.901991025,0.872889934,0.833303949,0.788433859,0.765282672,0.745166303,0.721596945,0.697285386,0.663279667,0.613916948,0.581304204,0.596475849,0.639233269,0.626898344,0.610478763,0.593789146,0.576474491,0.562901201,0.54740623,0.531275897,0.513616707,0.49443787,0.48026633,0.476204237,0.474478521,0.473323049,0.472675475,0.472825481,0.473358485,0.474541826,0.475673232,0.476975517,0.479222559,0.482141727,0.485156645,0.4877552,0.490791864,0.494539098,0.498795689,0.502453387,0.505701462,0.507862361,0.509317564
Tzi16,CS,2011,WW,CS11_WW,69,70,219.7,97.8,2592.5,10.45,72.85,3830.4897795,72.532,678.5,98,3.32,12.5,16.6666666666667,1.244590367,1.218689061,1.192654027,1.168438689,1.142678787,1.118159878,1.10214662,1.0967714,1.098896258,1.103513328,1.081079185,1.062682771,1.04065115,1.014550532,0.97137359,0.990039928,1.009635114,1.03265583,1.013037286,0.998884169,0.98620261,0.969236154,0.953442217,0.943357116,0.936968916,0.934704435,0.937886478,0.948252679,0.965478208,0.987960453,1.009539268,1.041208309,1.02107453,0.997486367,0.971337459,0.953365875,0.931960016,0.908520223,0.887384974,0.859846038,0.837432823,0.820678498,0.800937186,0.778431678,0.764036431,0.751610774,0.766582563,0.789859471,0.789129239,0.732031541,0.752026138,0.788060572,0.805501639,0.826510591,0.836521455,0.82372605,0.800513053,0.778132882,0.747487185,0.707027043,0.662848721,0.641028364,0.622842993,0.601347004,0.579776988,0.549378034,0.506575158,0.478042161,0.490204883,0.531729443,0.5213565,0.506763547,0.492450802,0.47769943,0.465619671,0.452027046,0.438102148,0.423036263,0.406816653,0.394909899,0.391416249,0.390040977,0.38950484,0.38959962,0.390447764,0.391258592,0.392851989,0.39410342,0.39554128,0.397633458,0.400126055,0.402615349,0.404463873,0.406760319,0.409265346,0.412162209,0.414613925,0.416605159,0.417957815,0.418830107
Va22,CS,2011,WW,CS11_WW,67,68.5,204.45,72.4,2774,8.75,93.55,4098.4479415,78.498,739.665,96.5,2.35,7.5,15.6666666666667,1.292290033,1.266476195,1.241287278,1.218389284,1.194453019,1.172086351,1.15856602,1.154572886,1.156328354,1.159868689,1.13921008,1.125767747,1.108914129,1.087690379,1.046126152,1.06082209,1.077808905,1.098943688,1.080328418,1.067639071,1.056709256,1.042115955,1.028274099,1.019181517,1.013132396,1.01058205,1.012561522,1.02053734,1.034313908,1.053179336,1.071718231,1.099232227,1.082169026,1.061524454,1.038789129,1.023650516,1.005301646,0.985063595,0.967437643,0.944022611,0.925471532,0.911256198,0.894685458,0.87527851,0.862481676,0.852076185,0.866662341,0.888748459,0.888486261,0.836594033,0.850566165,0.879307221,0.895603925,0.915935959,0.925897718,0.914917082,0.894298388,0.87449131,0.846750415,0.809347939,0.767060377,0.745443377,0.726856067,0.704537078,0.681842629,0.649600999,0.603583321,0.573539626,0.588399288,0.629317244,0.616854065,0.601033321,0.585363404,0.569159471,0.556244481,0.541373756,0.525829515,0.508832943,0.490479457,0.477000547,0.47313922,0.471542392,0.470690484,0.470347777,0.470742533,0.47115166,0.472282606,0.473159508,0.474520778,0.476503192,0.479370659,0.482167754,0.48487091,0.487912872,0.491618253,0.495735011,0.499236616,0.502149403,0.504379369,0.50553366
Va35,CS,2011,WW,CS11_WW,65,66,189.2,74.95,2903.5,9.4,102.3,4289.6990185,81.991,805.61,96.5,1,12.5,15.3333333333333,1.288621249,1.262965635,1.237479601,1.214045875,1.189271702,1.165916469,1.151269168,1.146758234,1.148784552,1.152909386,1.130901323,1.114952769,1.095611276,1.07143688,1.027602904,1.044204769,1.062594239,1.085050797,1.065953267,1.052462181,1.040612276,1.024667085,1.009759722,1.00001482,0.993614016,0.99121924,0.993962343,1.003618684,1.019712165,1.041116875,1.061811209,1.092317412,1.07458296,1.05233585,1.027516345,1.010498243,0.990088565,0.967664407,0.9474448,0.920943363,0.899288876,0.882962439,0.863626156,0.841348615,0.826970661,0.814401257,0.829827348,0.85310229,0.851213438,0.795956236,0.816525671,0.852180996,0.868660498,0.889344573,0.899570946,0.887323982,0.864544859,0.842407106,0.811499064,0.770115004,0.724167681,0.701068587,0.681370742,0.658617963,0.635841471,0.603317073,0.556223178,0.524573172,0.537968766,0.58182828,0.570383499,0.554681181,0.538641087,0.522169937,0.509245446,0.494492118,0.479203735,0.462626039,0.444892144,0.431906375,0.428165572,0.426782981,0.426328198,0.426613116,0.427549903,0.428597606,0.430532117,0.43201664,0.433553311,0.436004187,0.438957469,0.441809827,0.44419294,0.44673831,0.449866273,0.453335241,0.456237965,0.45886195,0.460672834,0.461972969
W22,CS,2011,WW,CS11_WW,65,66,196.85,66.05,3398,12.35,104.8,5020.0298855,92.982,769.23,95,1,22.5,16.3333333333333,1.275669972,1.250981825,1.22621169,1.203059121,1.178654544,1.155384448,1.140459817,1.135605886,1.137544005,1.141453876,1.119808682,1.103079203,1.083160611,1.058438255,1.014797417,1.032002517,1.050480148,1.072037259,1.053160467,1.03962135,1.027565502,1.011290402,0.995989803,0.986142863,0.979726928,0.977326906,0.980147031,0.989957284,1.006442647,1.027970561,1.048646358,1.078707923,1.059645557,1.037098849,1.012057799,0.995038316,0.974288094,0.951418572,0.930905648,0.903778798,0.881775803,0.865089749,0.845524488,0.822835864,0.80799841,0.795579521,0.810944995,0.834518091,0.832927392,0.776620124,0.796669838,0.832367334,0.849296749,0.870377486,0.880739644,0.868327185,0.845296808,0.822887069,0.791766394,0.750293606,0.704497697,0.681653656,0.662373786,0.639763072,0.617336754,0.585567945,0.539880774,0.509422798,0.522778125,0.565871792,0.554797742,0.539618591,0.524354442,0.508628172,0.496016844,0.481777223,0.466962838,0.451150227,0.434121497,0.421752065,0.418146049,0.416827373,0.416451964,0.416885953,0.417913129,0.418937528,0.420811153,0.422272624,0.423793293,0.426189117,0.429134553,0.431891182,0.434246391,0.436810198,0.439804886,0.443147152,0.446164489,0.448665972,0.4504335,0.451674654
X4226,CS,2011,WW,CS11_WW,65.5,66.5,195.6,71.15,3203.5,10.7,100.45,4733.533516,89.3205,781.7,98,2.735,22.5,15,1.272177702,1.246403587,1.22102436,1.197589267,1.173041901,1.149956288,1.135658767,1.131172771,1.133043208,1.136677587,1.11429269,1.098814102,1.080434604,1.057452996,1.01352154,1.028937978,1.04669905,1.069039108,1.049783909,1.036490423,1.024944687,1.009487247,0.994983248,0.985582715,0.97940028,0.976951385,0.979447382,0.988541979,1.003927093,1.024665913,1.044915382,1.074437722,1.056883945,1.035225833,1.011125349,0.994836981,0.975153137,0.953645085,0.934449689,0.909179809,0.888922709,0.873559417,0.855470402,0.834407818,0.820785111,0.809026987,0.823109648,0.844394148,0.841613111,0.789100203,0.807334606,0.839836009,0.854634068,0.874026311,0.88384291,0.872342374,0.85099368,0.830163752,0.8011103,0.76200561,0.718411087,0.696405962,0.677677825,0.655607789,0.633374198,0.601648412,0.555392552,0.524092206,0.537461231,0.581090861,0.569535063,0.554096287,0.538514124,0.522442334,0.509532916,0.494825876,0.479540032,0.463133918,0.445530388,0.432600713,0.428819956,0.427469869,0.427008719,0.427360334,0.428194814,0.429256416,0.431134458,0.432548808,0.433981235,0.436345314,0.439210703,0.441904566,0.444187905,0.446657828,0.449671524,0.452865729,0.455707772,0.458123014,0.459713853,0.460928473
Yu796NS,CS,2011,WW,CS11_WW,64.5,65.5,205.75,68.55,2399.5,13.5,113.15,3544.9344895,65.156,927.475,98,2.5,20,12.6666666666667,1.30435659,1.278917083,1.253229733,1.228806961,1.202938439,1.178136157,1.161856017,1.156370576,1.158471232,1.163280942,1.140423516,1.121497917,1.099232794,1.072203446,1.026468884,1.045910791,1.066116967,1.089578204,1.069906886,1.055557176,1.042559767,1.025079652,1.008685481,0.998296548,0.991680755,0.989408789,0.992995896,1.004219462,1.022601889,1.046374484,1.068916232,1.1019404,1.081838985,1.057453089,1.030211613,1.010981192,0.98825825,0.963190194,0.94025072,0.910462894,0.885752773,0.867357737,0.845464203,0.820693203,0.804995392,0.790900462,0.80693368,0.831931791,0.830179775,0.769592963,0.791672019,0.830808507,0.849909394,0.872713835,0.883746285,0.870345502,0.84559724,0.821601525,0.788560378,0.744516621,0.696454557,0.672518628,0.652327223,0.629221619,0.606019825,0.573809997,0.527784026,0.49712299,0.509781454,0.552652986,0.541981548,0.526811501,0.511559777,0.495768984,0.483190735,0.46898862,0.454308127,0.438513392,0.421445232,0.408892915,0.405283599,0.403929694,0.403486491,0.403735643,0.404609984,0.405623185,0.407401784,0.408617687,0.410103556,0.4122744,0.414935641,0.41740391,0.419552739,0.42184541,0.424627399,0.42774805,0.430404491,0.432500008,0.434153693,0.435248333
A188,CS,2012,WS,CS12_WS,51.5,52,195.6,72.4,2491.5,10.05,111.85,5828.3512335,70.00005175,649.56,80,17.5,3.22,13.3333333333333,1.280343225,1.255788781,1.231441375,1.20878628,1.184779206,1.161669469,1.146545166,1.141251986,1.142255233,1.145235153,1.122091246,1.10559295,1.086324623,1.062507376,1.018725006,1.035028782,1.053271102,1.075420489,1.056647149,1.043536362,1.032244379,1.017277509,1.00336598,0.994598296,0.989135263,0.987552176,0.991205911,1.001588539,1.018433257,1.040712876,1.062207966,1.092872952,1.07449144,1.051995763,1.027049974,1.008931142,0.988088114,0.965394815,0.944113049,0.917171898,0.894305446,0.877604277,0.857441515,0.834669439,0.820669076,0.806693506,0.820855292,0.843029196,0.838545289,0.78492505,0.805208836,0.839894515,0.856175585,0.876855607,0.887483514,0.875558167,0.853300484,0.831523369,0.801460634,0.760500384,0.715159513,0.692128436,0.6722776,0.650541618,0.627578285,0.596193747,0.550642256,0.519873022,0.533264929,0.577143174,0.566633833,0.552300141,0.537855528,0.522951946,0.510891132,0.497058706,0.482578847,0.467201984,0.451430652,0.440203999,0.437556957,0.437288145,0.438453684,0.440506836,0.442772346,0.445369488,0.448895868,0.451808647,0.454790542,0.459373747,0.464823968,0.470129539,0.474722177,0.479903198,0.485868268,0.492609311,0.498679198,0.504604448,0.509963894,0.514689409
A632,CS,2012,WS,CS12_WS,57.5,59,218.4,86.35,1753,9.5,72.125,2589.8549415,49.47397339,471.54,85,15,3.155,16.3333333333333,1.307171039,1.281303954,1.254964058,1.230164984,1.203626242,1.1780488,1.160866439,1.154833931,1.156437009,1.160861403,1.136812562,1.118165348,1.095637609,1.068040284,1.021899817,1.041938752,1.062658631,1.085831892,1.065612673,1.051133031,1.038175014,1.020872804,1.004807824,0.994870133,0.988739621,0.986997419,0.991194812,1.003011964,1.022043505,1.046562158,1.069989169,1.103700192,1.081532015,1.056215768,1.028332004,1.008186984,0.984944413,0.959678565,0.936080353,0.906245648,0.881032961,0.862546936,0.840379313,0.815497317,0.800107912,0.785408443,0.801090162,0.825824168,0.823571201,0.764191724,0.785966792,0.824750685,0.844378935,0.867700288,0.87917474,0.865584985,0.840669172,0.816724351,0.784035587,0.740303137,0.692633166,0.668799747,0.648388935,0.625975435,0.602984325,0.57170685,0.526889874,0.497400832,0.510318612,0.552665482,0.54367327,0.529813322,0.515675785,0.501002563,0.489336897,0.47623495,0.462608069,0.44813288,0.43298125,0.421963105,0.419545707,0.419271121,0.420483566,0.422520977,0.424855032,0.427540246,0.431124942,0.434207644,0.437409525,0.442195944,0.447926708,0.453500179,0.458416651,0.463825509,0.47023745,0.477321534,0.483809428,0.490125696,0.495764035,0.500917648
A679,CS,2012,WS,CS12_WS,60,60.5,217.15,81.25,1670,9.45,80.575,5154.9225675,47.18738175,495.39,90,10,2.965,16.6666666666667,1.284885778,1.26029648,1.23574313,1.212833777,1.188584905,1.165515066,1.150422171,1.145134393,1.146278398,1.149152085,1.126567432,1.109539122,1.089387293,1.065078555,1.022012653,1.038399278,1.056603643,1.078128734,1.059119136,1.045916089,1.034420377,1.019159684,1.005074458,0.996205125,0.990665769,0.988971075,0.992420243,1.002535297,1.019035711,1.040855574,1.06203052,1.092097707,1.073006453,1.050588909,1.025830659,1.008378831,0.987904901,0.965536367,0.945034403,0.918629512,0.896811571,0.880575306,0.861252493,0.839137522,0.825127421,0.812119496,0.82629945,0.848103289,0.84403295,0.790883013,0.810736148,0.844611431,0.860106442,0.879911823,0.889856229,0.877895961,0.856036056,0.834765517,0.805219305,0.765033076,0.720379967,0.697664557,0.678212462,0.656312273,0.633473959,0.601693207,0.555462741,0.523823283,0.537030553,0.582187409,0.570951476,0.555888601,0.540813855,0.525328754,0.512774238,0.498359907,0.483327341,0.467221984,0.450707933,0.438790411,0.436048038,0.435649422,0.43684047,0.438887459,0.441213455,0.443910595,0.447382159,0.450391165,0.4533708,0.457908034,0.463354601,0.468567152,0.473257149,0.478423985,0.484413835,0.491179442,0.497337484,0.503147297,0.50860858,0.513362534
A680,CS,2012,WS,CS12_WS,61,63,222.25,85.1,1239.5,9.95,76.6,2416.776939,34.884248285,441.32,90,10,2.965,17.6666666666667,1.265226381,1.239789708,1.214609336,1.191259721,1.166638863,1.143232885,1.12831079,1.123151031,1.124563427,1.12749725,1.104329958,1.088202274,1.068845497,1.045074143,1.001280795,1.017393958,1.035540301,1.05781757,1.038651741,1.025289906,1.013770497,0.998487109,0.984320424,0.975386513,0.969818503,0.968015528,0.971334643,0.981248398,0.997593111,1.019318088,1.040425714,1.070685381,1.052211587,1.029903614,1.005262137,0.987788428,0.96742998,0.945308424,0.925045921,0.899137535,0.877708533,0.861918826,0.84307105,0.821621535,0.808289738,0.795659192,0.809113612,0.829969909,0.826635414,0.774754772,0.792849663,0.825483043,0.841180775,0.861148654,0.871335278,0.859649274,0.83817885,0.817404475,0.788774873,0.750069427,0.707256009,0.685637404,0.667190501,0.646205049,0.624343551,0.594060422,0.550218157,0.520405337,0.533063667,0.576182143,0.566151443,0.552066823,0.538110992,0.523521338,0.511647369,0.498089505,0.483993229,0.468859507,0.453150875,0.441773,0.43913726,0.438842364,0.440077621,0.442213842,0.444551021,0.447259227,0.450870483,0.453814294,0.456816413,0.461435082,0.46692004,0.472281684,0.476999143,0.482218144,0.488187549,0.494950378,0.501214029,0.507012497,0.512388816,0.51712616
AAP102,CS,2012,WS,CS12_WS,57.5,58.5,212.05,72.4,3812.5,10.1,102.225,5632.7858935,107.013409095,753.06,90,8.5,1.815,15.3333333333333,1.336287308,1.311841741,1.287924078,1.26583564,1.242712944,1.220564704,1.206343948,1.201696391,1.202224234,1.204587633,1.18251988,1.167944363,1.149998935,1.127569801,1.085236548,1.099960373,1.117108424,1.138324043,1.119781839,1.107250595,1.096582111,1.082451823,1.069411294,1.061191131,1.056002496,1.054414462,1.057612566,1.066954147,1.08229314,1.102682813,1.122552983,1.150878424,1.132909774,1.111582022,1.088109718,1.071309388,1.051758914,1.030295853,1.010587341,0.985263236,0.963939884,0.948124475,0.929047119,0.907099275,0.893190671,0.880069367,0.894883962,0.917822169,0.914034647,0.860159232,0.878442163,0.911104409,0.927482906,0.948150958,0.958715312,0.946670812,0.924901496,0.903646016,0.873895089,0.832923826,0.786627813,0.76271166,0.741925683,0.718545803,0.693977942,0.660188295,0.611161663,0.578115457,0.592952767,0.63931147,0.627216881,0.611533436,0.595713113,0.579424778,0.566269397,0.551095426,0.535224689,0.518099854,0.500544359,0.488090025,0.48523045,0.484945036,0.486148669,0.48820578,0.49048768,0.49309969,0.496692798,0.49978626,0.502915375,0.507800439,0.513771172,0.519628158,0.524854657,0.530833374,0.537587312,0.545172575,0.552169415,0.558840085,0.564737242,0.569876816
AAP112,CS,2012,WS,CS12_WS,57.5,58.5,237.5,96.5,4108.5,9.45,118.575,4229.8270385,116.16142145,810.445,87.5,12.5,1.94,12.3333333333333,1.346031649,1.321082831,1.296951645,1.274794253,1.251856095,1.230283787,1.217161666,1.213267979,1.214983046,1.218820557,1.19780208,1.185881938,1.170174749,1.149858643,1.107278089,1.120888967,1.136771349,1.154744428,1.134373135,1.121311972,1.110606561,1.096464933,1.083233642,1.074695777,1.069245178,1.067279268,1.070021524,1.078853896,1.093826439,1.114354598,1.134726274,1.163969247,1.149368052,1.128832743,1.105985236,1.089712939,1.070687484,1.049753311,1.030508406,1.0058598,0.98524581,0.96996941,0.951528761,0.930521431,0.917347702,0.905685474,0.923066117,0.946453483,0.936779529,0.875948005,0.893838085,0.930262128,0.953544333,0.972440803,0.979420653,0.962819455,0.940266744,0.91889423,0.889055407,0.847879456,0.801246841,0.777273265,0.756367051,0.733394817,0.710117942,0.678536261,0.631335655,0.597906778,0.602766544,0.652051271,0.643262891,0.628819522,0.613808219,0.597555373,0.583830244,0.567577488,0.550100559,0.531030357,0.511072967,0.495688359,0.49083897,0.488757112,0.48803267,0.48899291,0.491049267,0.493770857,0.4980315,0.501872356,0.505781593,0.512041912,0.51946957,0.526401363,0.532186286,0.538274037,0.544565447,0.551031618,0.556085498,0.560593356,0.564343068,0.567572153
AAP119,CS,2012,WS,CS12_WS,62.5,63.5,251.45,101.6,5612.5,10.6,132.525,8342.264064,156.6313976,1112.79,90,5,2.5,19,1.309312162,1.284710811,1.259709936,1.23609943,1.211024364,1.186601896,1.17015602,1.164263775,1.165231105,1.169186079,1.14644034,1.128041495,1.106194466,1.079729009,1.034732293,1.053207935,1.072973594,1.095750812,1.076103021,1.062298882,1.050194573,1.034079365,1.019220337,1.009890597,1.004229504,1.002670146,1.006756433,1.018074149,1.036268164,1.059917669,1.082553904,1.114752654,1.092876264,1.068628548,1.041868883,1.023065057,1.000908852,0.976653522,0.954367723,0.925584562,0.901637955,0.883827879,0.862498956,0.838215099,0.822826167,0.808517575,0.823901354,0.84831745,0.844467898,0.786991008,0.808924779,0.846093488,0.863867412,0.885715144,0.896668145,0.883582987,0.8596985,0.836645558,0.804845904,0.761991744,0.714627035,0.690754823,0.67044535,0.647368728,0.62375408,0.591572406,0.545536455,0.514191191,0.52754722,0.572973325,0.562175807,0.547343538,0.53248594,0.517242517,0.504823322,0.490729887,0.476008723,0.460294112,0.444199403,0.432783033,0.430243627,0.429981906,0.431230929,0.433317845,0.435614316,0.438308575,0.441933979,0.444993133,0.448033993,0.452706463,0.458288313,0.463826853,0.468528282,0.473975409,0.480149573,0.487126667,0.493494249,0.499592864,0.505205256,0.510130303
AAP212,CS,2012,WS,CS12_WS,59,59,223.5,78.75,3913,11.3,116.275,5780.892344,108.3636215,887.325,95,3,1.945,15,1.333220966,1.310315388,1.287705011,1.266665762,1.244643146,1.223726975,1.210338464,1.205776336,1.206258833,1.20791081,1.186828951,1.171906941,1.154485353,1.132739612,1.091046308,1.104791673,1.120942835,1.141271598,1.123842426,1.111931615,1.101745898,1.088263235,1.075750376,1.0677638,1.062782726,1.061221488,1.064315488,1.07332343,1.088156168,1.107943646,1.127228565,1.154724266,1.137894627,1.117552586,1.095177819,1.079232712,1.060598645,1.039947362,1.02106711,0.996575291,0.976002188,0.960622593,0.941981928,0.920432037,0.906501227,0.893508089,0.907808026,0.929787453,0.925755134,0.872340882,0.891641716,0.923993237,0.938342049,0.957370343,0.967377155,0.956233571,0.935381109,0.914852181,0.885862574,0.845627465,0.79947207,0.775668778,0.754840159,0.731344661,0.706475183,0.672187211,0.622116517,0.587564266,0.602038457,0.651376834,0.638722135,0.622213669,0.605782906,0.588932427,0.57519655,0.559506698,0.54301199,0.525345575,0.507360008,0.494591957,0.491550739,0.491083251,0.492249182,0.494246059,0.496605963,0.499348178,0.503070915,0.506152472,0.50935841,0.51421623,0.520038985,0.525683688,0.530645347,0.536129338,0.542533968,0.549664201,0.556291945,0.562470415,0.568131666,0.573071974
AAP235,CS,2012,WS,CS12_WS,61,62,255.3,96.5,3249,10.45,133.225,4800.196808,90.845088365,822.285,90,10,2.575,12.6666666666667,1.326783017,1.303974988,1.281556808,1.260950217,1.239412198,1.218671337,1.205645305,1.201190498,1.201615333,1.203020695,1.181579674,1.168072672,1.151798848,1.131001987,1.089276265,1.102222277,1.117718346,1.13749557,1.120640149,1.109063753,1.099194117,1.08608289,1.073894338,1.066072349,1.06120239,1.059713023,1.062760443,1.071623943,1.086272305,1.105829599,1.124890929,1.152096391,1.136390733,1.116487314,1.094454424,1.078786197,1.06032858,1.039785352,1.020968061,0.996423839,0.975786802,0.960266382,0.941471966,0.919607332,0.905446131,0.892158156,0.905733869,0.926869764,0.922135718,0.869447216,0.888271302,0.920361819,0.93491538,0.95400178,0.964046952,0.953341847,0.932917522,0.912648148,0.883968019,0.844020523,0.798037791,0.774201678,0.753187983,0.729470251,0.704575378,0.670314605,0.620069972,0.585011175,0.599088078,0.647900705,0.635919721,0.619654128,0.603259461,0.586385223,0.572676037,0.556972649,0.540402936,0.5225868,0.504350221,0.491180362,0.487975621,0.487392004,0.488375287,0.490423581,0.492703689,0.4953539,0.499040792,0.502132921,0.50528806,0.510090626,0.515863586,0.521386359,0.526217964,0.531717628,0.537903254,0.544991141,0.551352067,0.557538698,0.562941089,0.567872121
AAP236,CS,2012,WS,CS12_WS,59.5,60,241.3,90.2,5681.5,11.35,117.75,8393.9884725,157.22261325,646.58,87.5,10,2.085,14.6666666666667,1.341885598,1.318126047,1.295123782,1.274090371,1.252178313,1.231464261,1.218620085,1.214459466,1.214958147,1.216280568,1.194440279,1.181224522,1.164926876,1.144264811,1.102390659,1.115432765,1.131165066,1.151377071,1.133723902,1.121805871,1.11172721,1.098461999,1.086036562,1.078136949,1.073083117,1.07137538,1.074150674,1.082679379,1.096746747,1.115851042,1.134485701,1.161137601,1.145180799,1.125437399,1.103630467,1.087904441,1.06969447,1.049698023,1.031091947,1.007278758,0.987114048,0.972062959,0.953836112,0.93273065,0.919335776,0.906371878,0.920262429,0.941594744,0.93734164,0.884354501,0.902201896,0.933328315,0.947943956,0.967415903,0.977478628,0.966419735,0.9458437,0.925627693,0.897021456,0.857194313,0.811459497,0.787826606,0.767093862,0.743726766,0.718829868,0.684475556,0.634419575,0.600181198,0.614935804,0.663862143,0.651230733,0.63491465,0.618710636,0.602066407,0.588388907,0.572797766,0.556351336,0.538778275,0.520897697,0.508143104,0.505139643,0.504739341,0.50591874,0.507998701,0.510381975,0.513151512,0.516814767,0.519952225,0.523146309,0.528090358,0.534111055,0.539814001,0.545030874,0.550805088,0.557346363,0.564758127,0.571516856,0.577970821,0.583703416,0.588865597
AAP239,CS,2012,WS,CS12_WS,61.5,63,228.6,78.75,4301,9.6,102.575,4424.070726,121.394314,851.2,90,7.5,2.205,14.3333333333333,1.350783428,1.325435048,1.300362216,1.277101743,1.252273209,1.228592042,1.213115778,1.207844642,1.208860197,1.211786126,1.187481112,1.170832554,1.150991576,1.126398914,1.080528901,1.096963782,1.115737891,1.139521371,1.119739662,1.106104825,1.094430366,1.078930573,1.064565619,1.055386898,1.049751938,1.048046361,1.051766799,1.062341957,1.079625388,1.102405319,1.124470212,1.156078723,1.137783835,1.114850634,1.089367162,1.071023437,1.049610032,1.026065839,1.004248358,0.976242509,0.952569182,0.935046257,0.913901647,0.8897853,0.874491098,0.859975308,0.8752843,0.899092211,0.893981574,0.838220503,0.860258895,0.897433426,0.914910392,0.936996554,0.948548141,0.936529454,0.913306847,0.890552888,0.858715175,0.815094191,0.766323583,0.741483529,0.719800598,0.695975083,0.671373251,0.637475783,0.588290048,0.554907985,0.569140705,0.616143398,0.604740943,0.589155866,0.573385779,0.557229026,0.544242709,0.529314314,0.513783268,0.497095752,0.480078829,0.467865947,0.46504318,0.464704631,0.465951274,0.468038817,0.470466288,0.473218281,0.477008754,0.480126087,0.483296994,0.488202644,0.49399201,0.499581315,0.504616264,0.510135872,0.516579628,0.523830877,0.530455397,0.536770234,0.542425178,0.547471003
AAP240,CS,2012,WS,CS12_WS,61.5,64,224.8,83.8,4937,9.8,115.1,6262.156193,139.0458551,709.58,90,8,2.025,14.3333333333333,1.337352701,1.312538842,1.288074628,1.265329522,1.241296928,1.218185036,1.203336637,1.198305345,1.199217568,1.201791536,1.17812532,1.162053736,1.142767725,1.118757213,1.073100028,1.088755423,1.106943201,1.1299113,1.110380237,1.097036675,1.085672721,1.070627196,1.0565999,1.047679881,1.042070858,1.040355769,1.04396002,1.054268516,1.071117607,1.093365168,1.114877666,1.145411738,1.127436521,1.10501623,1.080075845,1.06211093,1.041184591,1.018094039,0.996699808,0.969125589,0.945884184,0.928636232,0.90780828,0.883972856,0.86895634,0.85453861,0.869843394,0.893597482,0.888185782,0.832785788,0.854566659,0.891136735,0.907902321,0.929351262,0.940496739,0.928356107,0.905362397,0.882737009,0.851031748,0.807607078,0.758981503,0.734174492,0.712711169,0.689017519,0.664335463,0.630321412,0.581106166,0.547712842,0.561740405,0.608954798,0.597204524,0.581415509,0.565582655,0.549276979,0.536284744,0.52132184,0.505651604,0.488998479,0.471985269,0.459752564,0.456853283,0.456468144,0.457620031,0.459743895,0.461960455,0.464664676,0.468351449,0.471399829,0.474457571,0.479176756,0.484902631,0.490389025,0.495274683,0.500705611,0.506886028,0.514069767,0.520447148,0.52660636,0.532277894,0.537215189
AAP241,CS,2012,WS,CS12_WS,61.5,62,245.1,114.3,4026.5,10.25,103.225,4916.6348855,112.82231825,835.325,90,10,2.34,15.6666666666667,1.342290695,1.317741542,1.293955379,1.272018527,1.2488755,1.226875206,1.213013232,1.208414279,1.209031982,1.210731735,1.188041616,1.173470509,1.155437486,1.132576747,1.087800348,1.102446936,1.119682261,1.141056566,1.122247065,1.109450366,1.098504023,1.084033652,1.070628438,1.062098932,1.056785664,1.055070706,1.05832789,1.067872,1.083530723,1.104385975,1.124734614,1.15345741,1.135669623,1.114107104,1.090307762,1.073312825,1.053364227,1.031350868,1.011101615,0.984874668,0.96282005,0.946393949,0.926530714,0.9036507,0.889021296,0.875455609,0.890706391,0.914204516,0.910701892,0.854161376,0.873630779,0.908073148,0.924685803,0.945694038,0.956513571,0.944412258,0.921983497,0.899952162,0.869180102,0.826865323,0.7790267,0.754634881,0.733668807,0.709787388,0.684831272,0.650400468,0.601157951,0.568017829,0.582569376,0.630722055,0.618361578,0.602154699,0.586233565,0.569884877,0.556510739,0.541225607,0.525320785,0.50839674,0.491053449,0.478597907,0.475628948,0.475130264,0.476158614,0.478042665,0.480207917,0.482794161,0.486381209,0.489361264,0.492471797,0.497208522,0.502949855,0.508593304,0.513527798,0.519117314,0.525524509,0.532723299,0.539338531,0.545731459,0.55135148,0.556381557
AAP242,CS,2012,WS,CS12_WS,61.5,63,250.2,100.3,4575.5,9.95,113.65,6760.2821435,128.6502382,785.92,90,10,1.985,16.6666666666667,1.377709189,1.352525296,1.327847855,1.305079724,1.281216768,1.258393199,1.244006658,1.239348518,1.240138861,1.242297313,1.218983914,1.204467256,1.186706272,1.164216617,1.11956451,1.134704637,1.152666297,1.175723165,1.156456988,1.143305566,1.132148571,1.117420226,1.103590284,1.094742982,1.089025633,1.087058582,1.090066772,1.099464863,1.115197721,1.136307325,1.156877304,1.186489809,1.169217336,1.147439135,1.123329252,1.106122935,1.08585076,1.063556868,1.043039399,1.016493178,0.994354729,0.977826543,0.957941398,0.934941516,0.920185407,0.906690821,0.922036146,0.945746404,0.942219273,0.885498578,0.903302509,0.936832429,0.954322159,0.976984333,0.988945341,0.977295231,0.954749293,0.932661013,0.901541101,0.858731587,0.810116204,0.785193974,0.763484926,0.738897119,0.713343447,0.678244333,0.627587,0.593792546,0.609364639,0.656646494,0.644177774,0.627894826,0.611774301,0.595105133,0.581585567,0.566083653,0.549963604,0.532679822,0.514896298,0.502119608,0.499098441,0.498552307,0.499511748,0.501223849,0.503287561,0.505768834,0.509198062,0.51217668,0.515265108,0.520136663,0.525971268,0.53183505,0.53708623,0.543012954,0.549876355,0.557666733,0.564776185,0.57161178,0.57765417,0.582976906
AAP244,CS,2012,WS,CS12_WS,60.5,60,232.4,91.45,4903.5,10.7,108.225,7244.9303,136.7003739,828.19,92.5,4,2.125,15.6666666666667,1.33496751,1.311416046,1.288168927,1.266649193,1.244267867,1.22274899,1.209202477,1.204603638,1.205124737,1.206933401,1.184713463,1.170435326,1.153618368,1.13213065,1.088977757,1.102395554,1.118539318,1.139438021,1.121646265,1.109558095,1.099383237,1.085867787,1.073231413,1.065187902,1.060056047,1.058488248,1.061579553,1.070692538,1.085710511,1.105919383,1.125563367,1.153772055,1.138052536,1.117569388,1.09487702,1.078808679,1.059764035,1.038705164,1.019444691,0.994367848,0.973396551,0.957726623,0.938790531,0.916793077,0.902471223,0.889295565,0.903352839,0.925201041,0.920258291,0.867863877,0.886904814,0.919582972,0.934487104,0.954308341,0.964953351,0.954310858,0.933512307,0.912845372,0.883656953,0.843081782,0.796700327,0.772716752,0.75179218,0.728106639,0.703405003,0.66929383,0.61936532,0.584657563,0.598879182,0.647331458,0.634964368,0.618723831,0.602499928,0.585768223,0.572055807,0.556411575,0.539884872,0.522211638,0.504060284,0.491027092,0.487841694,0.487341934,0.488387729,0.490432105,0.49277624,0.495511785,0.499221513,0.502363661,0.505534504,0.510416735,0.516231772,0.521921988,0.526832748,0.53240201,0.538844225,0.546067462,0.552539127,0.558862839,0.564557439,0.56963971
AAP245,CS,2012,WS,CS12_WS,59,60,232.4,80,3694,10.7,103.9,5457.9913355,103.045681535,791.24,90,9,2.15,13.6666666666667,1.382299446,1.35792092,1.333931535,1.311564079,1.288262285,1.265756656,1.251345216,1.246196061,1.246798113,1.248894542,1.226601477,1.210252963,1.191102504,1.167651831,1.124089293,1.139383062,1.156859773,1.177694816,1.158674754,1.14568633,1.134516228,1.119814,1.106055627,1.097368908,1.091967741,1.090200165,1.093412847,1.103089873,1.118877213,1.139903018,1.160186699,1.189094785,1.169946796,1.147994857,1.123888837,1.106583583,1.086548387,1.064431488,1.044050354,1.017773562,0.995599272,0.979070496,0.959097717,0.936019115,0.921155881,0.907315967,0.922640876,0.946300412,0.942606948,0.884183487,0.904792888,0.939676378,0.955448327,0.976109615,0.98668717,0.973979173,0.950935167,0.928519019,0.897249421,0.854205807,0.805325884,0.780290753,0.758443279,0.733790552,0.707827751,0.671853003,0.619733114,0.584134668,0.599188006,0.649934643,0.637339367,0.620298748,0.603258247,0.585766705,0.571561218,0.555356099,0.538386343,0.520320389,0.501733239,0.488388089,0.485169288,0.484710379,0.485790002,0.487848744,0.490257604,0.493089092,0.49692412,0.50013825,0.503477902,0.508593495,0.514586504,0.520564521,0.525716759,0.531510242,0.538243374,0.545749664,0.552474459,0.559166987,0.564954196,0.570133784
AAP258,CS,2012,WS,CS12_WS,60.5,63.5,252.7,102.85,4135,10.15,136.5,5737.148228,115.941279185,909.88,85,15,2.11,16.3333333333333,1.355315288,1.330923063,1.307093286,1.285088036,1.262168679,1.24015511,1.226573633,1.222211648,1.222934145,1.224542552,1.20119041,1.187336007,1.17015215,1.148206209,1.103378516,1.116655108,1.132978627,1.154398853,1.136083396,1.123680201,1.113238169,1.099478119,1.086633775,1.078518181,1.073366676,1.071724739,1.074870167,1.084244434,1.099505506,1.120124937,1.140368551,1.169275175,1.153495795,1.132670391,1.109418259,1.093027282,1.073656404,1.052120612,1.032514306,1.006881169,0.985394665,0.969341683,0.949923313,0.927278554,0.912702632,0.899050994,0.913058484,0.934502331,0.929260012,0.875077167,0.894123051,0.92728589,0.942479911,0.962298664,0.972699731,0.961792522,0.940949473,0.920143815,0.890658183,0.84944493,0.802102129,0.777628018,0.756297093,0.73198246,0.706568376,0.671621675,0.620536936,0.585262093,0.5998713,0.649754835,0.637385093,0.62089005,0.604445545,0.587428442,0.573517253,0.557547453,0.540888624,0.522988556,0.50462539,0.491394503,0.488204301,0.487673752,0.488747146,0.490758051,0.493161433,0.49591031,0.499612793,0.502685315,0.505860887,0.510687499,0.51645315,0.522129176,0.527022324,0.5325783,0.538876232,0.546080627,0.552567584,0.558751533,0.564370949,0.56929913
AAP261,CS,2012,WS,CS12_WS,59.5,60.5,228.6,104.15,4204.5,10.4,123.175,6211.8725815,117.665551825,832.035,91,6.5,2.345,13,1.356030653,1.330683618,1.30498158,1.280760735,1.254970942,1.23037386,1.214057816,1.208303719,1.209454698,1.212931842,1.189247074,1.17070633,1.149193654,1.122824582,1.077431387,1.095522051,1.11491266,1.137231636,1.117752954,1.103928156,1.091644046,1.075336754,1.060329331,1.050867222,1.045069154,1.043395019,1.047337834,1.058555283,1.076620556,1.100228123,1.122792173,1.155332326,1.134540222,1.110258105,1.083717301,1.064550767,1.042449777,1.01825611,0.995924771,0.967376381,0.943375477,0.925733725,0.904575347,0.880560977,0.865459854,0.851298579,0.866286739,0.889796048,0.886440116,0.828636714,0.849675637,0.886356398,0.904247981,0.926147367,0.937063813,0.924323825,0.900905958,0.878164502,0.846741271,0.804249184,0.757038595,0.73310675,0.712458944,0.68930217,0.665422623,0.632389323,0.584413152,0.551568415,0.565296638,0.611654795,0.600851728,0.58555966,0.570033588,0.553922895,0.541008646,0.526321357,0.510732019,0.494087541,0.476807062,0.464306071,0.461432124,0.461066611,0.462288968,0.464457474,0.466911496,0.469691618,0.473469445,0.476632642,0.479846271,0.484709128,0.490573956,0.496218185,0.501222234,0.506779346,0.513136854,0.520331041,0.526824985,0.533080517,0.53872142,0.543747869
AAP266,CS,2012,WS,CS12_WS,61.5,63,257.8,96.5,5136,10.05,130.5,4851.096269,144.2921742,1047.245,92.5,5,2.2,15.6666666666667,1.387215379,1.362910267,1.33871358,1.316232079,1.2925225,1.269682327,1.255260924,1.250439717,1.250983967,1.253012044,1.229720714,1.214228765,1.196037448,1.172925087,1.126731848,1.141142478,1.158380414,1.180748336,1.162111996,1.149373325,1.138449986,1.123942706,1.110470012,1.101911626,1.096613072,1.094899218,1.098347888,1.108196937,1.12441583,1.146096616,1.167090873,1.197149082,1.179763689,1.15778943,1.133518255,1.115921102,1.095551027,1.073056525,1.052304714,1.025729044,1.003277169,0.986659161,0.966562925,0.943446006,0.928773128,0.914771042,0.9290231,0.951321001,0.946756959,0.890206784,0.909343649,0.943449447,0.959434037,0.980396145,0.991663531,0.980231195,0.958177232,0.936394636,0.905754366,0.863359435,0.815034137,0.79016497,0.76838581,0.743983735,0.718234444,0.682931158,0.631143612,0.595467554,0.610415765,0.660882095,0.648456989,0.631792587,0.615189315,0.597958426,0.583851075,0.567675738,0.550699775,0.532631292,0.514074763,0.500613672,0.497436546,0.496902353,0.497943231,0.500011569,0.502366739,0.505157108,0.508929439,0.512108762,0.515326622,0.520312819,0.52628436,0.532010138,0.537026976,0.542771316,0.549146579,0.556436453,0.563000337,0.569434508,0.575032254,0.580025392
AAP267,CS,2012,WS,CS12_WS,60,62,266.7,110.5,3709,9.55,131.475,7272.451453,104.7163289,944.34,92.5,5,2.5,13,1.374540226,1.350051785,1.326051348,1.303833959,1.280737834,1.258753119,1.245318856,1.241088014,1.241860891,1.243368193,1.219845421,1.205430671,1.18864925,1.167258631,1.121372088,1.134089104,1.150087872,1.171892869,1.153702124,1.141175183,1.130576621,1.116553195,1.10338606,1.094928314,1.089556299,1.08779808,1.090778276,1.099851779,1.115025502,1.135595769,1.155740959,1.184696952,1.168567873,1.147560894,1.124300733,1.107737226,1.088379525,1.067010796,1.047504636,1.02240323,1.001428115,0.985877992,0.967171469,0.94560983,0.931659026,0.918937997,0.932344697,0.952718562,0.94873175,0.894527483,0.911611507,0.943428657,0.958129757,0.977709472,0.988306394,0.977356678,0.956572046,0.935942105,0.906873425,0.866608785,0.82077459,0.797257815,0.776815041,0.753308679,0.728790374,0.69457176,0.644266316,0.609653837,0.62406959,0.673316227,0.661490755,0.645402699,0.629242975,0.61229858,0.598495001,0.582808228,0.566398552,0.548792678,0.530638974,0.517288407,0.514103373,0.51356743,0.514785954,0.516958006,0.519457499,0.522411934,0.526312203,0.529597145,0.532872556,0.537901045,0.543934321,0.549821211,0.554905141,0.560587138,0.567017541,0.574388969,0.580978761,0.587280917,0.592982181,0.598044402
AAP275,CS,2012,WS,CS12_WS,60,61.5,256.55,91.45,4082,9.9,111.625,6030.5000055,114.94732615,668.45,87.5,10,2.165,15.3333333333333,1.380709201,1.354505693,1.329006603,1.305636868,1.281277168,1.258054972,1.243892567,1.239572759,1.240311219,1.242505988,1.218418956,1.205377993,1.188579934,1.166676425,1.120748302,1.134703457,1.15199777,1.175028165,1.155765386,1.142771525,1.131932515,1.117733138,1.10423408,1.095560606,1.089974764,1.087988426,1.090833981,1.100095001,1.11551912,1.136614388,1.157492394,1.187453239,1.170776617,1.149044398,1.125090599,1.108103923,1.088202031,1.066285631,1.046372169,1.020776335,0.99951985,0.98373683,0.964770292,0.942899127,0.928736415,0.915864887,0.929867794,0.951497891,0.947153612,0.8938433,0.910387823,0.94193475,0.958028371,0.979448615,0.990756654,0.979522274,0.957981881,0.937050075,0.907398262,0.866645879,0.820239083,0.7962927,0.775130123,0.751241187,0.726344937,0.691757074,0.640749732,0.605774692,0.620832448,0.667930378,0.655543102,0.639269728,0.622720081,0.605557699,0.59167349,0.575695266,0.558818649,0.540657626,0.521801326,0.508010726,0.504647101,0.504010538,0.504846604,0.506503549,0.50863146,0.511143889,0.514513815,0.517465036,0.520624204,0.525328856,0.531145629,0.536837951,0.54194067,0.547714249,0.554350919,0.561925007,0.568867413,0.575280198,0.581166472,0.586303331
AAP281,CS,2012,WS,CS12_WS,60,60.5,237.5,97.8,5178,10,124.55,6051.666713,145.49282885,1018.435,92.5,5,2.145,15,1.348904589,1.32587997,1.303155888,1.28202866,1.25979077,1.238244153,1.2242588,1.21925362,1.219659002,1.221651539,1.199822681,1.184604757,1.166373888,1.143754975,1.101677396,1.116519654,1.133502883,1.154232964,1.135855952,1.123381086,1.112674268,1.098511808,1.08524281,1.076841688,1.071569424,1.069923911,1.073240499,1.082765552,1.098354663,1.118905563,1.138737697,1.166692267,1.148948119,1.127848047,1.104466283,1.087764027,1.068083826,1.046303335,1.026148323,0.999946957,0.977815035,0.961266138,0.941210252,0.918109426,0.903255827,0.889244572,0.90438052,0.927785137,0.922550126,0.867245274,0.88838959,0.923296051,0.939288372,0.959743272,0.970242864,0.958214156,0.935877767,0.913900449,0.883021537,0.840383349,0.792089422,0.76720974,0.745496029,0.721391707,0.696013354,0.661191532,0.610412204,0.575784756,0.590311387,0.638896417,0.626557765,0.610186082,0.593696946,0.57676609,0.563231155,0.547616738,0.531226948,0.513763489,0.495914489,0.483103818,0.480133813,0.479713559,0.480840359,0.482942986,0.485302501,0.488004677,0.491733037,0.494947429,0.498102254,0.502950243,0.508980683,0.5147233,0.519796936,0.525509498,0.532078173,0.539507311,0.546272901,0.552686536,0.55856189,0.563585975
AAP297,CS,2012,WS,CS12_WS,59.5,61.5,241.3,94,4182,10.85,124.2,6178.878892,116.3542832,707.645,75,25,4.66,18.3333333333333,1.346252185,1.321202607,1.297015025,1.275001271,1.252083542,1.230472861,1.217516085,1.213598933,1.214188523,1.215264401,1.192155986,1.179582012,1.164039751,1.143756207,1.099275735,1.111043896,1.126149751,1.146821061,1.129598738,1.117841528,1.108012945,1.094993166,1.082875063,1.075066946,1.070082869,1.068406397,1.071260736,1.079928809,1.094218318,1.113890972,1.133371778,1.161432183,1.146876762,1.12679694,1.104577008,1.088959488,1.070541013,1.050229469,1.031919692,1.008134826,0.988567984,0.973879764,0.956292875,0.935775251,0.922453849,0.910145574,0.922582286,0.941656526,0.936999271,0.887445817,0.90343104,0.932702405,0.946178335,0.964707811,0.974720678,0.964662347,0.945307115,0.926299499,0.899206825,0.861375817,0.817802035,0.7950294,0.775026622,0.752134518,0.728290027,0.6949808,0.645563392,0.610866996,0.624929616,0.672210663,0.660570767,0.64474488,0.62871099,0.612101549,0.598683202,0.583039563,0.56665167,0.549018913,0.530841046,0.517590415,0.514443149,0.51391216,0.514976917,0.517133656,0.519489703,0.522331792,0.526127145,0.529260494,0.532532557,0.537504744,0.543411272,0.549191587,0.554219711,0.559855874,0.566235466,0.573594504,0.580175036,0.586540884,0.592227657,0.597226937
AAP298,CS,2012,WS,CS12_WS,62,64,248.9,113.05,4351.5,9.7,135.45,6429.1040945,122.70136905,904.225,91,8,2.27,15.3333333333333,1.301732818,1.27810742,1.254370341,1.232266885,1.208818454,1.186363778,1.171630597,1.166479155,1.167333324,1.170193628,1.148755027,1.132511598,1.113014129,1.088992485,1.04712457,1.063309132,1.080871272,1.10110597,1.083060746,1.070372166,1.059266587,1.044492129,1.03071102,1.022066633,1.016666585,1.01500283,1.018369339,1.028257281,1.044414706,1.065497635,1.085816665,1.115001938,1.096231791,1.074381344,1.050335914,1.033101033,1.013039433,0.991093116,0.970780408,0.944715324,0.922760146,0.906490944,0.886893988,0.864492126,0.850421785,0.836965953,0.85144832,0.874018492,0.870745334,0.815912836,0.836121738,0.870651493,0.886933776,0.907076559,0.91706667,0.905068336,0.882972131,0.861438592,0.831507666,0.790769532,0.745068858,0.721816253,0.701617904,0.678925326,0.655081998,0.622161549,0.574355059,0.541884601,0.555580588,0.602317167,0.591339604,0.575824142,0.56022225,0.544186113,0.53131354,0.516572279,0.5011989,0.484691398,0.467562488,0.455307086,0.452511848,0.45205118,0.453234607,0.455295233,0.457601424,0.460323225,0.463984957,0.467070891,0.470175453,0.475000334,0.480787593,0.486360911,0.491256301,0.496696559,0.502878983,0.510011207,0.516411324,0.522503675,0.528034432,0.532851269
AAP68,CS,2012,WS,CS12_WS,57,59,232.4,85.1,3528,10.2,91.775,5212.8254025,98.89174761,797.665,91.5,7.5,1.8,15,1.311757208,1.28729949,1.263436717,1.241567966,1.218663416,1.19696727,1.183602341,1.179313261,1.180353304,1.182381261,1.159721321,1.146183849,1.129277398,1.108142673,1.065770968,1.079361573,1.095722551,1.117542383,1.099454373,1.087130483,1.076770104,1.063095564,1.050374517,1.042216668,1.037083751,1.035395329,1.038359383,1.047258504,1.062082984,1.082100462,1.101703667,1.129840567,1.113395958,1.09281097,1.070122823,1.054191761,1.035456618,1.014931376,0.996306301,0.972168754,0.952283731,0.937410458,0.919565471,0.898857646,0.885580749,0.873195589,0.886311133,0.906387576,0.902064575,0.85122842,0.868639969,0.899233622,0.913056398,0.931798829,0.941603421,0.930442957,0.910091322,0.890234879,0.862305203,0.824014552,0.780335293,0.757685032,0.738054441,0.715610818,0.691993149,0.658998753,0.610492953,0.576632816,0.590391101,0.637236615,0.625311722,0.609500129,0.593541619,0.577166351,0.563790675,0.548389698,0.532303562,0.514921406,0.496993641,0.484098044,0.481006776,0.480513036,0.481546364,0.483451805,0.48581973,0.488600645,0.492236703,0.495411355,0.498617259,0.503542539,0.509334905,0.515038979,0.520023113,0.525659243,0.532094752,0.53940259,0.546059436,0.552447604,0.558083395,0.563253007
AAP91,CS,2012,WS,CS12_WS,56.5,58.5,234.95,86.35,2949,10.8,86.875,5637.161182,82.136575615,601.8,87.5,12.5,1,15.6666666666667,1.341237294,1.31622177,1.292025928,1.269736854,1.246561338,1.224627963,1.211254554,1.207036848,1.207936557,1.20975245,1.186285626,1.172980683,1.156787992,1.13597862,1.091894684,1.10448688,1.120344213,1.142063147,1.124032435,1.111758496,1.101550572,1.08807782,1.07551327,1.067408287,1.062265039,1.060539455,1.063472383,1.072353188,1.087105095,1.10717959,1.127005375,1.155539567,1.140561471,1.120206598,1.097733596,1.081595288,1.06291973,1.042369271,1.023563591,0.999430502,0.979294014,0.964332577,0.946205525,0.925366594,0.912038638,0.899286161,0.912213478,0.931994587,0.926639539,0.8770539,0.894828455,0.925813639,0.939858424,0.958623689,0.968635442,0.958215127,0.938355498,0.918708067,0.890815874,0.851959583,0.807447537,0.784223915,0.763897563,0.741102762,0.716966234,0.683269245,0.633204314,0.598153591,0.612262833,0.660455601,0.648524458,0.632470757,0.616268552,0.599250414,0.58555669,0.569789626,0.553152373,0.535227436,0.516749211,0.503301767,0.500098318,0.499524983,0.500663937,0.502797051,0.505155392,0.507986487,0.511794189,0.514918634,0.518115967,0.523099652,0.52896032,0.534683564,0.539673755,0.545127747,0.551631459,0.558820935,0.565316268,0.571544357,0.577226155,0.582225068
AM407004,CS,2012,WS,CS12_WS,59.5,60.5,232.4,85.1,4513.5,9.8,118.3,6668.314357,127.21151262,948.2,90,7.5,2.07,16.3333333333333,1.349504583,1.324134643,1.299484805,1.276715083,1.253099325,1.230735004,1.217024048,1.212729666,1.213657659,1.215593707,1.192166991,1.177409677,1.160217058,1.138537632,1.093106892,1.106400824,1.123024849,1.145655787,1.126914354,1.114221173,1.103673138,1.089758699,1.076821612,1.06854675,1.063370109,1.061719514,1.064858027,1.074090975,1.089415423,1.110247591,1.130711982,1.159908696,1.143760071,1.122694342,1.099279612,1.082530435,1.063116704,1.041890889,1.022418187,0.99751453,0.976710789,0.961370732,0.942889133,0.921680527,0.908175991,0.895522795,0.909121189,0.929861268,0.92505391,0.87302782,0.891100853,0.922551198,0.936388626,0.955528655,0.965973138,0.954997415,0.934322831,0.913900574,0.885234811,0.84555275,0.8004905,0.777384398,0.757176091,0.734497799,0.710499683,0.677134762,0.627897854,0.593807977,0.608290766,0.656790582,0.644278396,0.628293834,0.612434062,0.59596612,0.582444717,0.566856278,0.550410191,0.532950915,0.515083505,0.502268319,0.499272909,0.498886953,0.500078661,0.502324344,0.504808414,0.50761406,0.511452781,0.514645743,0.517816823,0.522776072,0.528522405,0.534190894,0.539122737,0.544660776,0.550993313,0.558108432,0.564519769,0.570781571,0.57633367,0.581359883
AMY07219,CS,2012,WS,CS12_WS,61,62.5,255.25,94,5191,10.3,120.35,7669.818827,145.3894228,1115.775,82.5,17.5,2.5,17.6666666666667,1.301747868,1.277994885,1.255062458,1.234096999,1.212339683,1.19174744,1.179076718,1.17512213,1.175683137,1.176932909,1.155207698,1.14302641,1.12739074,1.107348136,1.066110759,1.078446537,1.093727973,1.113631578,1.096303026,1.084616222,1.074894839,1.061999745,1.050043367,1.042282816,1.037381932,1.035674533,1.038327806,1.046515376,1.060331198,1.079097075,1.097601896,1.12407827,1.109091363,1.089828416,1.06841126,1.053417714,1.035646653,1.016213635,0.998405005,0.975295302,0.956192964,0.94184001,0.924587188,0.904446588,0.891593156,0.879595523,0.892486301,0.912180037,0.908012948,0.858868147,0.87503431,0.904378232,0.91811804,0.936567447,0.946280984,0.936086596,0.916749207,0.897703787,0.870742251,0.833229648,0.790249608,0.767981393,0.748682739,0.726479683,0.703219239,0.670779019,0.623190474,0.590250297,0.604367413,0.650686244,0.638941891,0.623411388,0.607974742,0.592015379,0.578936551,0.563815617,0.548002231,0.530955404,0.513494013,0.500900138,0.498002624,0.497565513,0.498703218,0.50069885,0.503007579,0.505653472,0.50931655,0.512360131,0.515457967,0.520272002,0.526005838,0.531516238,0.536455928,0.541985247,0.548290312,0.555441978,0.56196764,0.568217627,0.573875757,0.578770097
AMY07220,CS,2012,WS,CS12_WS,60.5,61.5,246.4,96.55,4666.5,9.6,129.6,6160.670319,131.8659051,1085.41,92.5,6,2.25,15,1.35360801,1.328455835,1.303426175,1.28024213,1.25606593,1.232979731,1.218473496,1.213932761,1.21503527,1.217630719,1.194003898,1.179629049,1.161610295,1.138572596,1.093562888,1.108674388,1.126367428,1.148445279,1.129461334,1.116309936,1.105145622,1.090326151,1.076527024,1.067674187,1.062103191,1.060208628,1.063466017,1.073332539,1.089512539,1.111034507,1.132037032,1.162108122,1.144466013,1.122545089,1.098294055,1.080600604,1.060431539,1.03818446,1.017584144,0.991523802,0.969361344,0.953132191,0.933441196,0.91106526,0.896988158,0.88334317,0.897632834,0.919268058,0.914562836,0.861089305,0.880696386,0.914823537,0.930679939,0.95137319,0.961836725,0.949898848,0.927752615,0.906146681,0.875908348,0.834330914,0.78739142,0.763287934,0.741967346,0.718663485,0.694119616,0.659847413,0.609260354,0.574724855,0.588965512,0.636250997,0.62466716,0.608633638,0.592236468,0.575225802,0.561778908,0.546281309,0.53005301,0.512693994,0.49475425,0.481750721,0.478641166,0.47816543,0.479181284,0.481126474,0.483483274,0.486172883,0.48985368,0.492958706,0.496114971,0.500890422,0.506843298,0.512434719,0.517366182,0.522933537,0.529263139,0.536584047,0.543081876,0.549424367,0.555080221,0.560013777
AMY07221,CS,2012,WS,CS12_WS,58,60,251.45,97.75,3472,11.35,125.5,5129.558174,95.933167585,725.43,79,21,2.5,16,1.341258424,1.317419703,1.294051649,1.272416315,1.24986235,1.228397152,1.215011359,1.210420915,1.210873433,1.212484686,1.190676126,1.176164841,1.158981858,1.137381748,1.09451986,1.107758177,1.123617552,1.143026086,1.125942507,1.114161953,1.104103503,1.090650975,1.078213018,1.07023255,1.065222501,1.063643589,1.066781765,1.075914502,1.090900447,1.110927532,1.130484485,1.158496642,1.141785915,1.12118023,1.098441331,1.082449407,1.063573522,1.042700779,1.02375303,0.998956026,0.978380962,0.962837827,0.944185873,0.922366918,0.908258964,0.895111489,0.908557214,0.929391248,0.925013672,0.872231804,0.890827004,0.922692372,0.937104108,0.955736668,0.965416005,0.954448552,0.934000851,0.913942017,0.885541606,0.846099243,0.800617148,0.776997647,0.756446172,0.732692103,0.707823039,0.673463057,0.623074672,0.587682509,0.601605485,0.651360386,0.639437295,0.622992297,0.606400255,0.589152986,0.575257052,0.55939507,0.542626447,0.524484372,0.505741748,0.492094495,0.488835504,0.488234809,0.48932376,0.491426559,0.493737464,0.496628107,0.500359839,0.503552725,0.506747219,0.511635535,0.517478129,0.523178277,0.528170853,0.533682204,0.539967757,0.547085733,0.553491726,0.55954357,0.56501387,0.569842433
AMY07225,CS,2012,WS,CS12_WS,60.5,61.5,245.1,96.55,3694,10,129.725,5457.17474,103.6527433,926.765,90,8.5,2.415,15.3333333333333,1.342308751,1.316843829,1.291169345,1.266928792,1.241147677,1.216326956,1.199921423,1.194123902,1.195419458,1.19899025,1.174835152,1.156652547,1.135292453,1.108986277,1.062407798,1.080432566,1.100276078,1.124289512,1.104187442,1.090009631,1.07766163,1.06124412,1.046089776,1.036550497,1.030627548,1.028850947,1.032707004,1.04381669,1.06203155,1.085958503,1.109029281,1.141974689,1.121631242,1.097258365,1.070398243,1.051240336,1.028892043,1.00437992,0.981838331,0.952882054,0.928749857,0.910935505,0.889613756,0.865312793,0.850080957,0.835728866,0.850801756,0.874570455,0.870497435,0.813037097,0.833920276,0.870861387,0.888661803,0.911079971,0.922666328,0.910029413,0.8863949,0.863316247,0.831344814,0.788188714,0.740349928,0.71613872,0.695458194,0.672136663,0.648210774,0.615229334,0.567568042,0.535090352,0.548843614,0.594888495,0.583703352,0.568453719,0.553275205,0.537482251,0.524702192,0.510018095,0.494684883,0.478362612,0.461499989,0.449432844,0.446625098,0.446228333,0.447406213,0.449601547,0.451964975,0.454760855,0.458456857,0.461592483,0.464734592,0.469579381,0.47533483,0.480949217,0.485902461,0.491411286,0.497651431,0.504758177,0.511283062,0.517567689,0.523272344,0.528250302
B104,CS,2012,WS,CS12_WS,59,60.5,203.2,88.9,2866,10.5,110.3,3181.752174,80.08780383,665.78,87.5,12.5,2.5,16.3333333333333,1.328257154,1.303298554,1.278727101,1.255813201,1.231751136,1.20861443,1.193686054,1.188584831,1.189581477,1.192480729,1.169217314,1.153362337,1.134311918,1.110420033,1.065753084,1.081799876,1.100022248,1.122643868,1.103367684,1.090116568,1.078810516,1.063785817,1.04976769,1.040818815,1.03528128,1.033534395,1.0370302,1.047171754,1.06379826,1.08577477,1.107092443,1.137396117,1.11898502,1.096555167,1.071835421,1.054144,1.033398047,1.010614022,0.989585517,0.962515881,0.939758945,0.922878594,0.902540151,0.879133566,0.864312461,0.850285847,0.865173712,0.888171843,0.882762602,0.82790395,0.84873109,0.884035371,0.900226045,0.921152963,0.932103112,0.920062074,0.897340323,0.875169603,0.844140812,0.801728345,0.754241289,0.729944387,0.7087658,0.685280849,0.660932384,0.627372153,0.578376137,0.544809369,0.558754795,0.605551144,0.594094858,0.578526877,0.562716812,0.546556066,0.533447639,0.518460659,0.502712588,0.485916694,0.468626645,0.456245079,0.45333524,0.452902753,0.454091438,0.456291873,0.458684723,0.46147801,0.465175377,0.468388074,0.471570816,0.476412851,0.482223631,0.487787855,0.492827589,0.498374314,0.504792661,0.512004774,0.518556278,0.524845196,0.530575274,0.535621535
B105,CS,2012,WS,CS12_WS,58,56.5,231.15,90.15,3687.5,9.65,104.85,5102.8652755,104.0124924,705.095,87.5,12.5,1.795,16.3333333333333,1.281562796,1.256071805,1.230658608,1.206947741,1.181664637,1.157586153,1.141661387,1.136117329,1.137287437,1.14047592,1.116925889,1.099115936,1.078392761,1.053290759,1.008293568,1.025516877,1.044597826,1.067447725,1.047789525,1.034099003,1.022281016,1.006481294,0.991986932,0.982855616,0.977284971,0.975640192,0.979390669,0.990100409,1.007493849,1.030405732,1.052580092,1.084080285,1.063837092,1.040286946,1.014383239,0.995694306,0.974251911,0.9509128,0.929369975,0.902086291,0.879286185,0.862633714,0.842710918,0.820269525,0.806336102,0.793209578,0.807372971,0.829498412,0.826108884,0.77212739,0.791452829,0.825903126,0.842521982,0.863474694,0.874260357,0.861964176,0.839273068,0.817421373,0.78733249,0.746945492,0.702676183,0.680532909,0.661538089,0.640334307,0.618308751,0.587729853,0.543433408,0.513660809,0.527026393,0.570670345,0.560414611,0.54624886,0.532258545,0.517676762,0.505768351,0.492093241,0.477878215,0.462691987,0.44708385,0.435776972,0.433258065,0.43301292,0.434372799,0.436643383,0.439032184,0.441820735,0.445483119,0.448551316,0.451674431,0.456432151,0.462037163,0.467497991,0.472286467,0.477719432,0.483835329,0.49067213,0.496979199,0.503025657,0.508528669,0.513430258
B52,CS,2012,WS,CS12_WS,59.5,61.5,251.45,97.8,3065.5,9.75,90.9,4528.995065,86.38176466,675.01,85,15,2.575,17,1.314369092,1.288687,1.263221955,1.239404997,1.214341403,1.190328085,1.174868808,1.169597793,1.170741463,1.173473846,1.149446165,1.132719067,1.1126381,1.087922316,1.041778457,1.058433921,1.077537493,1.101034641,1.081186988,1.067554025,1.055796543,1.040283939,1.025980205,1.016817564,1.011138134,1.009395661,1.013087317,1.023669553,1.040999172,1.064085629,1.086393584,1.118077212,1.098929761,1.075601423,1.049821596,1.03143118,1.0099846,0.986492551,0.964924003,0.937233586,0.914293908,0.89732855,0.877110173,0.854025542,0.839484983,0.825961943,0.840272211,0.862553974,0.857796271,0.803730389,0.823348452,0.857935069,0.874143825,0.895395764,0.906628004,0.894676281,0.872177931,0.850177617,0.819639274,0.778159243,0.73205921,0.708756276,0.6887054,0.666224439,0.643268858,0.611408371,0.56490808,0.533052573,0.546774946,0.591607993,0.580376674,0.565653838,0.550869185,0.535618252,0.523093171,0.50865312,0.493563709,0.477537754,0.461123767,0.449352289,0.446606519,0.446206789,0.447487436,0.449623834,0.452006836,0.454760231,0.458350978,0.461407119,0.464472532,0.469140831,0.474626189,0.480037734,0.484758187,0.489987438,0.496102858,0.502959395,0.509135615,0.515249093,0.520604732,0.525473634
B68,CS,2012,WS,CS12_WS,61,62.5,238.8,90.15,2320.5,9.2,118.45,3428.9388575,65.79177204,585.88,72.5,27.5,4.255,16,1.322575473,1.295681203,1.268783615,1.243678928,1.217298883,1.192241162,1.176208851,1.171103237,1.172576513,1.176124703,1.151275306,1.135066826,1.115394658,1.090621549,1.043344472,1.059698651,1.078525185,1.102163344,1.082426696,1.068697796,1.056845246,1.041126926,1.026598478,1.017397396,1.011727498,1.009993549,1.013728895,1.024446897,1.041941178,1.065288703,1.088010938,1.120689109,1.101459372,1.077666916,1.051466907,1.03280744,1.01123054,0.987836627,0.966409863,0.939190688,0.916722472,0.900154938,0.880396804,0.857967733,0.843906901,0.830496886,0.843875684,0.864703992,0.859971933,0.808193663,0.826672309,0.860175654,0.876088385,0.896599701,0.907049902,0.895243985,0.873402166,0.852105392,0.822665416,0.782763459,0.738524461,0.715996456,0.696535079,0.674757015,0.652318764,0.620977168,0.574744286,0.542680233,0.555223393,0.59899314,0.589063831,0.574639704,0.559654983,0.544003535,0.53156852,0.517234365,0.502311092,0.486056132,0.469074864,0.4566472,0.453668384,0.453200251,0.45434471,0.456461478,0.458829369,0.461572231,0.465175161,0.468221778,0.471302129,0.475981053,0.481505299,0.486887793,0.491585505,0.496854352,0.502869277,0.509668834,0.515758826,0.521545271,0.526852314,0.531543474
B73,CS,2012,WS,CS12_WS,62.5,63.5,196.85,71.1,854.5,10.325,69.55,1262.533544,23.92645363,346.52,85,15,2.5,18.3333333333333,1.285143821,1.259431793,1.234103045,1.210661421,1.186082227,1.162695227,1.147848556,1.142847608,1.143996263,1.14676485,1.123496775,1.108179289,1.089681491,1.066499607,1.022110124,1.037488738,1.055061667,1.076503554,1.057615947,1.044586861,1.033350922,1.018411041,1.004567856,0.995771545,0.990376601,0.988638827,0.992058497,1.001925435,1.018122507,1.039633322,1.06066243,1.090724796,1.072143921,1.049938183,1.025552467,1.008037198,0.987875913,0.965998905,0.945854358,0.920340002,0.898999342,0.883327909,0.864545601,0.843284935,0.830049597,0.817390479,0.830724599,0.851164565,0.847985962,0.796789094,0.814705069,0.846979377,0.862358494,0.881872578,0.891869558,0.880155586,0.858838168,0.838271162,0.809845447,0.771384011,0.728741622,0.707066328,0.688270338,0.667371374,0.645485642,0.614907313,0.570161402,0.539736903,0.552767807,0.596455889,0.586814617,0.572674999,0.558265514,0.543255125,0.531178048,0.517390741,0.502972402,0.487524256,0.471371267,0.45948595,0.456742891,0.456436653,0.457759967,0.459938423,0.462385674,0.465263777,0.468996715,0.472092827,0.475263137,0.480041363,0.485746175,0.491287956,0.496119293,0.501388447,0.507507298,0.51437574,0.520600035,0.52653226,0.531830235,0.536573202
B73Htrhm,CS,2012,WS,CS12_WS,62,63.5,231.15,96.55,1265.5,10.15,73.125,1869.426578,35.496191465,305.97,85,15,2.965,16.6666666666667,1.287118918,1.262224311,1.237668069,1.214941801,1.191070965,1.168237753,1.153774633,1.148646295,1.149639695,1.15191856,1.128874858,1.11350623,1.095296801,1.072598482,1.028721887,1.043319861,1.060161001,1.081294811,1.063213257,1.050714203,1.039949949,1.025682178,1.012511737,1.004211066,0.999124272,0.997657458,1.001240047,1.011169444,1.027342406,1.048841079,1.069672091,1.099345404,1.081519447,1.059772266,1.035677977,1.018658059,0.998696633,0.976812909,0.956817757,0.930928799,0.909425966,0.893373444,0.874145277,0.85201463,0.838000925,0.824713466,0.838221355,0.859039479,0.854318429,0.8031569,0.822345368,0.855375776,0.870767726,0.889842993,0.899661522,0.888384883,0.867534383,0.847004808,0.818301745,0.779017965,0.734725115,0.712065437,0.692366111,0.670179227,0.647259692,0.615535792,0.56911761,0.536961088,0.549651584,0.594969842,0.584831754,0.570045387,0.554971463,0.539245057,0.526697821,0.512334075,0.497313321,0.481183524,0.464334708,0.452033986,0.449154743,0.448771713,0.450024408,0.452328063,0.454792487,0.457553204,0.461307125,0.464376742,0.467510258,0.472241645,0.477927158,0.483375558,0.488241602,0.493578758,0.499668215,0.506598068,0.51278432,0.518722933,0.524119629,0.528852061
B75,CS,2012,WS,CS12_WS,57,59,242.55,91.45,3389,9.55,95.375,5006.918008,95.71106359,894.165,90,5,1.905,16.6666666666667,1.298962692,1.274854876,1.250745907,1.228162488,1.204449507,1.181753941,1.166964881,1.161573746,1.162645158,1.165108537,1.142862288,1.125486984,1.105201641,1.080897274,1.037841025,1.054470717,1.072673342,1.093494286,1.074976262,1.062005404,1.050630151,1.03547221,1.021554803,1.012822336,1.007495644,1.005931911,1.009631045,1.019880038,1.03651634,1.058283776,1.079314245,1.109226928,1.089955445,1.067439291,1.042663985,1.024576619,1.003888637,0.981310922,0.960257779,0.933571601,0.910967299,0.894391761,0.874403197,0.851841234,0.837771618,0.824252501,0.838623473,0.861385893,0.858931004,0.802217449,0.821863765,0.856471084,0.873092567,0.89376155,0.904029391,0.891632865,0.869195344,0.847414861,0.817441628,0.776560042,0.731161351,0.708211574,0.688412085,0.666281322,0.642862811,0.610785434,0.564693827,0.533525311,0.547102187,0.593050966,0.582026341,0.567069336,0.552306157,0.537132634,0.52462976,0.510348208,0.495510744,0.479628525,0.463429869,0.45180078,0.44926379,0.448980031,0.450218151,0.452378831,0.454749086,0.45755637,0.461159424,0.464254143,0.467551412,0.472250541,0.477985997,0.483491083,0.48838302,0.493821595,0.500057904,0.507098926,0.513485155,0.519744869,0.525164673,0.530313535
B76,CS,2012,WS,CS12_WS,59,60,226.05,80,2521.5,10.55,112.625,3725.6220455,70.451973055,813.905,87.5,12.5,2.54,15.3333333333333,1.320218143,1.29501135,1.270090478,1.24704491,1.222788116,1.199730171,1.185295494,1.180520983,1.18159124,1.183903119,1.160452225,1.145292818,1.127255863,1.104576164,1.059138582,1.073801459,1.091341358,1.113021079,1.094053606,1.081220391,1.070228188,1.05573461,1.042261246,1.033628731,1.028249248,1.026525877,1.029882923,1.039651091,1.0557422,1.077345993,1.098456691,1.128535041,1.110565969,1.088483978,1.064179082,1.046798115,1.026717834,1.004646651,0.984393305,0.958631875,0.937082273,0.921146201,0.902041072,0.880165485,0.86624175,0.853204978,0.866665483,0.887542958,0.882994486,0.830976938,0.848857322,0.881433734,0.896808258,0.916936046,0.9275089,0.916017688,0.894586229,0.873667568,0.84446468,0.804340858,0.759240363,0.73617491,0.716012648,0.693345074,0.669836,0.637006044,0.588966834,0.555953691,0.569698926,0.615865167,0.604528854,0.589195904,0.573825788,0.557824984,0.544819625,0.529850466,0.514209866,0.497469032,0.480205253,0.467662993,0.464647334,0.464153556,0.465210989,0.467261459,0.469561545,0.47215782,0.475759814,0.478793896,0.481858422,0.486570067,0.492239313,0.497708037,0.502504926,0.507966749,0.514120615,0.521152339,0.527553897,0.533641616,0.5391391,0.544060033
B97,CS,2012,WS,CS12_WS,57.5,60,238.75,88.9,3651,10,107.15,5394.2503125,102.656989885,689.13,77.5,22.5,2.925,15,1.28005621,1.255274757,1.230569889,1.207481336,1.183227226,1.159818864,1.144643898,1.139385964,1.140298798,1.143299303,1.120602374,1.103562875,1.083696583,1.059214053,1.014470795,1.031060008,1.049582434,1.071727432,1.052575142,1.039331205,1.027903185,1.012597735,0.998564188,0.989649549,0.984114185,0.982471673,0.986081738,0.996470554,1.013304102,1.035559583,1.057095151,1.087680853,1.06809591,1.045218371,1.020021432,1.001956901,0.981008385,0.958208435,0.937147741,0.910407082,0.888007272,0.871574298,0.851927609,0.829662235,0.815787605,0.802625903,0.81655388,0.838539111,0.835329673,0.780873703,0.799312817,0.832829987,0.8486339,0.869068792,0.879669086,0.867592695,0.845282517,0.823734947,0.794076488,0.754059685,0.709778164,0.687529194,0.668467004,0.64689289,0.624365328,0.593394319,0.548698183,0.518422677,0.531704575,0.576058639,0.565304236,0.550934729,0.536811979,0.52220067,0.510020644,0.496136159,0.481660021,0.466251091,0.450465076,0.439136952,0.436557461,0.436336044,0.437642283,0.43977942,0.442187611,0.445015347,0.448642061,0.451706264,0.454794239,0.459562295,0.465181273,0.470665957,0.475529018,0.480930862,0.48712809,0.494095851,0.500493226,0.506600599,0.512267345,0.517129591
CI28A,CS,2012,WS,CS12_WS,58,59,229.9,78.75,2448,9.75,91.6,3617.2852585,68.976183355,826.76,92.5,2.5,2.28,14,1.294604515,1.268150898,1.240917508,1.215042311,1.187545394,1.16109704,1.143228933,1.136769576,1.138493466,1.143139135,1.118570291,1.098763125,1.075742614,1.047728916,1.00098152,1.021359814,1.042408809,1.065998599,1.046019984,1.031463309,1.018385541,1.000884011,0.984855887,0.974895132,0.968951046,0.967411308,0.972000878,0.984302828,1.004010916,1.029351752,1.053531916,1.088400236,1.065295734,1.03908784,1.010401046,0.989554652,0.965828935,0.940039951,0.915994929,0.885862313,0.860366915,0.84184825,0.819682903,0.795007035,0.779894553,0.765337865,0.780355024,0.804320575,0.801861706,0.74390681,0.764723073,0.802492107,0.821866466,0.844928868,0.856378494,0.842858473,0.81825556,0.794727533,0.762641131,0.720049293,0.67395794,0.651037546,0.631464599,0.610089276,0.588346394,0.558535804,0.515906416,0.487516644,0.499896753,0.539827492,0.531344987,0.51820935,0.504786162,0.49080339,0.479745627,0.46707177,0.454035926,0.44001587,0.425446884,0.414806963,0.412401066,0.412240698,0.413542856,0.415554055,0.417916261,0.420520001,0.424104178,0.427077197,0.430084853,0.434689777,0.4402389,0.445594504,0.450270171,0.455551774,0.461522774,0.468350687,0.474590096,0.480558383,0.485974386,0.49088361
CI3A,CS,2012,WS,CS12_WS,59.5,61.5,256.55,96.5,3550.5,9.45,116.25,4783.227353,100.3713087,1182.745,90,7.5,2.5,18,1.295051313,1.268742742,1.242702481,1.218866566,1.193741337,1.16985106,1.154917205,1.149987799,1.151277802,1.153843722,1.128859334,1.113179477,1.09443591,1.070992092,1.025252253,1.040899946,1.059232794,1.083436109,1.063625693,1.050057425,1.038558582,1.023501621,1.009505189,1.000639424,0.995065497,0.993324063,0.996732329,1.006815534,1.023458662,1.045810709,1.067718266,1.099183672,1.081595904,1.059000246,1.033955844,1.016178034,0.995452722,0.972895867,0.952244097,0.92591889,0.904273254,0.888299372,0.86931304,0.847734905,0.834257105,0.82155284,0.834809683,0.855295815,0.851109147,0.80029166,0.817858032,0.850206423,0.86586171,0.88648664,0.897304812,0.885987065,0.864742272,0.843938631,0.815137107,0.776048198,0.73268208,0.710713163,0.691899925,0.670572146,0.648616965,0.617915086,0.573080693,0.542382687,0.555599251,0.598213231,0.587382051,0.573098309,0.558821033,0.543979078,0.531783856,0.517734605,0.503066338,0.487424305,0.471273432,0.459580733,0.45681318,0.456366193,0.45743628,0.459335275,0.461602876,0.464129733,0.467641171,0.47056701,0.473636253,0.478167652,0.483644854,0.488979107,0.493654518,0.498959544,0.505000064,0.512034961,0.518303749,0.524438157,0.529941644,0.534916878
CI64,CS,2012,WS,CS12_WS,60,61.5,224.75,87.65,2660,10.55,95.575,3930.134168,74.2911199,455.645,80,20,10,19,1.297490143,1.273915199,1.250083266,1.227733119,1.204281177,1.18183484,1.167291387,1.162042575,1.162661701,1.165073918,1.143318996,1.127006211,1.108090834,1.084915669,1.04209319,1.057117158,1.074153541,1.093479392,1.07567813,1.063218002,1.052289161,1.037733173,1.024353471,1.015876708,1.010611872,1.009027629,1.012330922,1.021964625,1.037714641,1.058595604,1.078831064,1.107754003,1.089030713,1.067368161,1.043553827,1.026451863,1.006763127,0.985162919,0.965258156,0.939723184,0.918353345,0.902522933,0.883498572,0.861719244,0.84800394,0.834871928,0.848300811,0.869335537,0.865577187,0.81248427,0.831068381,0.863478911,0.878405077,0.897660056,0.907553439,0.89606472,0.87502891,0.854421264,0.825783723,0.786498551,0.742370673,0.719792736,0.700257609,0.678307609,0.655229569,0.623454401,0.577062202,0.545203039,0.558790869,0.604730871,0.593944256,0.579094936,0.564147925,0.548582001,0.536014978,0.521604244,0.506534611,0.490367494,0.473774646,0.461890228,0.459187651,0.45894725,0.460211153,0.462468756,0.464881781,0.467627623,0.471419337,0.474522053,0.477680907,0.482471144,0.488223016,0.493741129,0.498593405,0.503920415,0.510111147,0.517079763,0.523433668,0.529428817,0.534971658,0.539905442
CML10,CS,2012,WS,CS12_WS,62,64.5,270.5,113,4196.5,10.15,113.975,5617.2832105,117.7519689,744.835,92.5,5,2.315,14.3333333333333,1.316548898,1.291747664,1.267384074,1.244836252,1.221281908,1.198796998,1.184707754,1.180060068,1.181050977,1.183108915,1.15962074,1.144978176,1.127379879,1.105136929,1.061068515,1.074924468,1.091396574,1.112738463,1.094257709,1.081633671,1.07093583,1.056808527,1.043744745,1.035394133,1.030248491,1.028668637,1.031983432,1.04155482,1.057202878,1.078236068,1.098771019,1.128362626,1.112008923,1.090709353,1.067166669,1.050434357,1.030852071,1.009373753,0.989683106,0.964313291,0.943200252,0.927448985,0.908569792,0.886849309,0.873118147,0.860049936,0.873589198,0.894200652,0.889291831,0.837291745,0.855690004,0.888526242,0.904516672,0.924274533,0.934296561,0.923154243,0.902535774,0.88224912,0.853715533,0.814341559,0.769590921,0.746566923,0.726432663,0.703772713,0.680092942,0.647406815,0.599123181,0.565803326,0.5788834,0.625506685,0.614511321,0.599127908,0.583513201,0.56721493,0.55404767,0.538990602,0.523111314,0.506074665,0.488431595,0.475512145,0.472325539,0.471643264,0.472586101,0.47441151,0.476638681,0.479266036,0.48279055,0.485891074,0.488996034,0.493762896,0.499471088,0.504996258,0.509888584,0.515298408,0.521460385,0.528384387,0.53469939,0.540611225,0.545931451,0.550722303
CML107,CS,2012,WS,CS12_WS,61,62,241.3,87.65,4449.5,10.75,141.475,6574.046057,124.0050006,984.185,90,10,2.445,14.6666666666667,1.334027564,1.310051135,1.286382379,1.264512845,1.241368873,1.219340102,1.20541862,1.200462489,1.201185369,1.203390902,1.181517089,1.165693169,1.147236377,1.124486006,1.081302913,1.095849973,1.112669447,1.132700719,1.11452689,1.102045116,1.091282982,1.076958813,1.063660831,1.055213999,1.049852184,1.048157525,1.051314489,1.060820535,1.076359376,1.097060863,1.117182159,1.145862332,1.127647315,1.106264008,1.082767745,1.065519777,1.045968872,1.024506362,1.00452759,0.979239239,0.957759592,0.942019617,0.922953125,0.901328357,0.887833674,0.874619776,0.888532367,0.909952854,0.905904422,0.851046878,0.870088112,0.902937096,0.917496106,0.936676923,0.946433094,0.934487705,0.912815411,0.891670474,0.862234344,0.821845563,0.776371969,0.753133588,0.732889627,0.710193089,0.685833222,0.652055025,0.602700626,0.569037631,0.583158763,0.63232528,0.620481475,0.604424084,0.588521949,0.572149027,0.558654785,0.543276691,0.527220207,0.510065997,0.492462946,0.479619729,0.476681984,0.476357489,0.477722509,0.480050045,0.482603838,0.48554037,0.489476609,0.492740546,0.496009545,0.501039684,0.506938227,0.512802348,0.517828255,0.523356041,0.529799056,0.536958043,0.543330912,0.549517379,0.555024494,0.559844742
CML108,CS,2012,WS,CS12_WS,60,62,238.75,92.7,4589.5,9.55,113.85,5795.677625,129.5908306,861.045,85,12.5,2.825,17.3333333333333,1.321180128,1.295944761,1.271503367,1.249036345,1.225669173,1.203386372,1.18956285,1.185148312,1.186250772,1.188435475,1.165695013,1.151926852,1.135107199,1.113442135,1.069753913,1.083936189,1.100780768,1.122824001,1.104304433,1.09176693,1.081231448,1.067263112,1.054286867,1.045968257,1.040722025,1.039045654,1.042177806,1.051445239,1.06672954,1.087208878,1.107323449,1.136032221,1.118759079,1.097535057,1.07415484,1.057702294,1.03845053,1.01731772,0.998100233,0.973300654,0.952771642,0.937461419,0.9191195,0.897939345,0.884357279,0.871831642,0.885438727,0.90637207,0.902182721,0.8506272,0.868446193,0.899996015,0.914808589,0.934180207,0.94419449,0.932452414,0.911317205,0.890763756,0.862190875,0.823016541,0.77874899,0.756001876,0.736280963,0.713683939,0.690064703,0.65704315,0.6086481,0.575138855,0.589096917,0.63604144,0.624469599,0.608861361,0.593170743,0.576782337,0.563517256,0.548259161,0.532228062,0.514952532,0.497087646,0.484164145,0.481059591,0.480598399,0.481771917,0.483842727,0.486184958,0.488996723,0.492677962,0.495766981,0.4989502,0.503804231,0.509643339,0.515341181,0.520349209,0.525938292,0.532366428,0.539588756,0.546145036,0.5522944,0.557906655,0.562826537
CML154Q,CS,2012,WS,CS12_WS,60.5,62,252.75,94,3368,10.45,79.5,4975.5873845,94.43504203,571.32,87.5,12.5,2.5,16.6666666666667,1.302992199,1.277981666,1.253856381,1.231771406,1.208571427,1.186623894,1.172998816,1.168627322,1.169335681,1.170794015,1.147647886,1.133885858,1.116926681,1.095788043,1.053003177,1.065982739,1.082015647,1.103662751,1.085800042,1.073625898,1.063443593,1.0499629,1.037508469,1.029606852,1.02466843,1.023182308,1.026342522,1.035424712,1.050413357,1.070581555,1.090457069,1.118990318,1.103355238,1.082817544,1.060108915,1.043908633,1.025048937,1.004423651,0.985510337,0.961250674,0.941058309,0.926040444,0.908002666,0.887218827,0.874044658,0.861537387,0.874375083,0.894107353,0.889358937,0.840324114,0.85829977,0.889373003,0.903851551,0.922654253,0.932631876,0.922052425,0.9021172,0.882541294,0.854875461,0.8167601,0.773386034,0.751010692,0.731556376,0.709538189,0.68656658,0.654422792,0.607083907,0.574184979,0.587694141,0.633419259,0.62226124,0.607053805,0.591622655,0.575687914,0.562663932,0.54783695,0.532216124,0.515359897,0.49804026,0.485446982,0.482421459,0.481910486,0.482971661,0.484995565,0.48723211,0.489859309,0.493467736,0.496421013,0.499478615,0.504131955,0.509667912,0.514995226,0.519684904,0.524942598,0.530898266,0.537777653,0.543934021,0.549749863,0.555034633,0.559585132
CML157Q,CS,2012,WS,CS12_WS,60,61.5,252.75,114.3,4976,10.25,130.6,7351.757743,139.4426396,957.195,90,10,2.24,16,1.354734247,1.33089237,1.307607401,1.286124794,1.263647978,1.242323556,1.229028796,1.22473086,1.225320004,1.226858736,1.204350218,1.190374861,1.173649232,1.152427837,1.109003706,1.121763596,1.137754989,1.158486522,1.140450203,1.128261771,1.11804552,1.104607382,1.092068022,1.083887328,1.078690719,1.076918697,1.079760246,1.088548575,1.103192254,1.123075114,1.142569278,1.170407851,1.154326888,1.134045586,1.111680516,1.095446492,1.076833958,1.056261242,1.03733082,1.013165074,0.992713597,0.977601543,0.959278946,0.938175584,0.924562797,0.911693695,0.925051924,0.945523591,0.940374653,0.888656555,0.906658883,0.937981304,0.951947326,0.970904146,0.980905168,0.970085046,0.949607742,0.929516938,0.900999977,0.861356836,0.816014531,0.792461826,0.771696477,0.74841679,0.723855598,0.689560546,0.639007763,0.603818649,0.618485072,0.667410099,0.654853269,0.638492685,0.622162175,0.605194261,0.591382501,0.575478689,0.558696744,0.540765246,0.522475753,0.509284393,0.506212038,0.505730489,0.506866214,0.509002054,0.511449898,0.514274295,0.518083729,0.521386054,0.524671093,0.529673281,0.535725579,0.541547129,0.546735441,0.552445339,0.559042853,0.566514234,0.573283401,0.579776254,0.585642212,0.590892203
CML158Q,CS,2012,WS,CS12_WS,60.5,62.5,241.3,96.5,5277.5,9.95,118.8,5458.739547,148.39997695,1054.83,92.5,5,2.37,16.6666666666667,1.324337268,1.299510944,1.275281059,1.253426039,1.230651939,1.209088207,1.196324234,1.192552775,1.19334605,1.195016221,1.172382452,1.160168394,1.144781082,1.124826928,1.081151191,1.092935553,1.108327607,1.129262811,1.111511079,1.099668795,1.089925178,1.077049146,1.064904328,1.056970682,1.051836939,1.05003178,1.05265103,1.061026997,1.075101605,1.094515152,1.113793332,1.141537712,1.127314115,1.107589221,1.08566156,1.070370664,1.052352559,1.032567513,1.014739692,0.99167583,0.97271709,0.95854036,0.94164806,0.921926748,0.909216127,0.897423515,0.9096114,0.928306136,0.92291767,0.876137563,0.892046257,0.92066321,0.933374247,0.95133006,0.961122761,0.951260662,0.932360778,0.913634508,0.88713637,0.850302673,0.808027679,0.786019502,0.766757035,0.744833961,0.721798567,0.689378408,0.641054134,0.606897442,0.620435118,0.666575142,0.65478946,0.639205777,0.623505794,0.607137706,0.59377845,0.578289344,0.561933803,0.544328902,0.526153884,0.512987095,0.509725157,0.509107578,0.510120335,0.512141828,0.514473497,0.517202015,0.520856134,0.523958561,0.527122763,0.531970152,0.537703791,0.543255065,0.548086208,0.55359165,0.559878328,0.566976824,0.573432048,0.579564616,0.585191721,0.590226665
CML176,CS,2012,WS,CS12_WS,60,61.5,242.6,101.6,3866,10.5,94.7,5711.6858885,107.926800145,765.64,88,12,2.25,16.6666666666667,1.322646412,1.296621444,1.271537777,1.248544437,1.22490347,1.202377494,1.188663714,1.184650242,1.185316972,1.187265258,1.164010942,1.151787551,1.135693849,1.114597347,1.069460122,1.082585607,1.099323012,1.121971746,1.102860004,1.090175696,1.079688697,1.065941449,1.052985335,1.044634689,1.039279647,1.037305976,1.039976946,1.048627463,1.063203776,1.083293651,1.103280393,1.13208749,1.116330097,1.095576204,1.072715827,1.056404492,1.037519156,1.016880399,0.998102565,0.974152471,0.954381425,0.939751972,0.922252994,0.90211657,0.889207174,0.877470301,0.890721406,0.911150109,0.907747591,0.858509814,0.87316142,0.902484052,0.917766524,0.938245065,0.949459398,0.939017101,0.918727675,0.898957675,0.871242683,0.833122502,0.789904787,0.767685305,0.748187943,0.726176398,0.703081388,0.671032,0.624064535,0.59232861,0.607123709,0.65063595,0.638916119,0.62384101,0.608837766,0.593273337,0.580540111,0.565866635,0.550469367,0.533855889,0.516872032,0.504414416,0.501514092,0.500992881,0.501803246,0.50341239,0.505374736,0.507715699,0.510988294,0.513854334,0.5167388,0.521387715,0.526988296,0.53269824,0.537660044,0.543452186,0.549964547,0.55739501,0.564271787,0.570912866,0.57663815,0.581704726
CML218,CS,2012,WS,CS12_WS,58,60,234.95,80,4105,10.4,120.7,6064.7869715,114.82311245,755.16,90,7.5,1,14.3333333333333,1.320938418,1.297673429,1.275242516,1.254708413,1.233297499,1.213168047,1.200741713,1.1966335,1.197215455,1.198168905,1.176382743,1.163611039,1.147899499,1.128023241,1.087327897,1.099232972,1.113923573,1.133012668,1.116047934,1.104621862,1.095080373,1.082470083,1.070805102,1.063294862,1.058578886,1.057082007,1.059853529,1.068125084,1.08180937,1.100308131,1.118432556,1.144491451,1.130063708,1.111051489,1.08997835,1.075047471,1.05750943,1.038084155,1.02033086,0.997264213,0.977906338,0.963300179,0.945641532,0.925027597,0.911720768,0.899079041,0.912405116,0.932576802,0.927928794,0.877324871,0.895868824,0.926629167,0.940324882,0.95827385,0.967540583,0.957255945,0.937781875,0.918480787,0.891059799,0.852536732,0.807862729,0.784658196,0.764216291,0.741084429,0.716550265,0.682445364,0.63240764,0.597606397,0.611924237,0.66131865,0.64913507,0.632700363,0.616282839,0.599262565,0.58556366,0.56973309,0.55319827,0.535365993,0.517088133,0.503943377,0.500811268,0.500333906,0.501455812,0.503529642,0.505912247,0.508774174,0.512475999,0.515677092,0.518887137,0.523798101,0.529695885,0.535356533,0.540376164,0.545807591,0.552219297,0.559339621,0.565800027,0.572019777,0.577560782,0.582424676
CML228,CS,2012,WS,CS12_WS,60.5,62,237.5,96.5,4994.5,10.85,134.5,5284.49348,138.96858765,989.055,90,7.5,2.27,14.6666666666667,1.326471685,1.303649309,1.28143844,1.260754919,1.239421402,1.21909478,1.206404008,1.202071563,1.202553607,1.203844886,1.182651041,1.169235671,1.153360373,1.133223774,1.092473691,1.104433932,1.119115887,1.137907557,1.121267982,1.109989159,1.100571783,1.088013908,1.076364325,1.068895474,1.064236476,1.062787848,1.065675859,1.074172552,1.08818068,1.106888126,1.125250577,1.151428692,1.135683892,1.116434154,1.095047494,1.080060969,1.062396851,1.042877303,1.025053811,1.001849423,0.982370123,0.967728017,0.949910214,0.929146429,0.915609593,0.902810517,0.915918652,0.935941708,0.930511224,0.8804312,0.899168029,0.929850844,0.943200973,0.960685552,0.969790757,0.959237827,0.939682406,0.92032783,0.892708296,0.854109369,0.809347854,0.785918593,0.765181125,0.741843079,0.717075384,0.682686677,0.631959447,0.59614784,0.610004569,0.659679887,0.647562679,0.631101219,0.614311808,0.596959007,0.583085433,0.56705173,0.550184059,0.531971486,0.513207403,0.499685197,0.496527329,0.496040764,0.497422789,0.499731429,0.502376786,0.505369239,0.509341618,0.512614081,0.515991525,0.521096551,0.527180874,0.533038975,0.538223312,0.544041118,0.550670781,0.558108845,0.564777472,0.571032074,0.576898149,0.581949319
CML238,CS,2012,WS,CS12_WS,59.5,61.5,217.15,83.8,3136.5,9.85,115.675,4633.863556,88.289874205,451.155,80,20,5,15,1.317576817,1.294596006,1.272324667,1.252098703,1.231015712,1.211061763,1.198727323,1.194764029,1.195227676,1.196642543,1.176277119,1.164016928,1.148861545,1.129674257,1.090785137,1.102777556,1.11728929,1.135429138,1.118954481,1.107936954,1.098561259,1.086148246,1.074561337,1.067113014,1.062311015,1.060565167,1.06291965,1.070678145,1.083753826,1.101388987,1.118797894,1.144206294,1.129685467,1.111014765,1.090453847,1.075939504,1.058898137,1.040024316,1.022962064,1.000629248,0.982003036,0.967906673,0.950935511,0.931032053,0.918117089,0.906129954,0.919567997,0.940021605,0.936925492,0.885967507,0.901711869,0.930577404,0.945421934,0.964095605,0.973614933,0.963437124,0.944257064,0.925402822,0.898509541,0.860827395,0.816845236,0.793678634,0.773191865,0.749683685,0.724617328,0.690172982,0.639514131,0.604944915,0.619750824,0.667254686,0.655178878,0.638689509,0.622172005,0.604980604,0.591234135,0.575418404,0.558828563,0.540822224,0.522074683,0.508538496,0.505306063,0.504679271,0.505536985,0.507270339,0.509436788,0.511889626,0.515386846,0.518417051,0.521456154,0.526314617,0.532280775,0.538163332,0.543278086,0.54916223,0.555929577,0.563637023,0.57055867,0.577090446,0.582986254,0.588013838
CML281,CS,2012,WS,CS12_WS,63,65,252.75,109.2,4275.5,10.05,124.95,6316.3272855,120.15148057,841.5,92.5,7,2.06,16,1.339588987,1.313654105,1.288185918,1.264614602,1.239891936,1.216428944,1.201739114,1.197030008,1.198267064,1.200716047,1.176292367,1.16147345,1.143496526,1.120631005,1.074852496,1.089412615,1.106966153,1.130117435,1.111315979,1.098320534,1.087288869,1.072651796,1.059098109,1.050429312,1.044957343,1.043252923,1.046568957,1.05641314,1.072667746,1.094458811,1.115834432,1.146534448,1.129429579,1.107349704,1.082985523,1.065504129,1.045379447,1.023213339,1.003075682,0.977334279,0.955951119,0.940175354,0.921331828,0.899760751,0.885978434,0.873269357,0.886446089,0.906810181,0.902379498,0.851629161,0.869284638,0.901343903,0.91667833,0.936781079,0.947413223,0.936417195,0.915516514,0.89505311,0.866408598,0.827232358,0.783027601,0.760355519,0.740504617,0.718160176,0.694875943,0.662378706,0.614315632,0.580780152,0.594576771,0.640752952,0.629621637,0.614315889,0.59875766,0.58252429,0.569385031,0.554211647,0.538239796,0.521068213,0.50326931,0.490271958,0.487137499,0.48666487,0.487828463,0.489974332,0.492322368,0.495167982,0.498908169,0.502133531,0.505330925,0.510256261,0.516081603,0.521795607,0.526818451,0.532431591,0.538785189,0.546049532,0.55265387,0.558953235,0.564647923,0.569598313
CML314,CS,2012,WS,CS12_WS,58.5,60,232.45,85.1,4711.5,10.3,125.75,6961.031192,131.9898814,1196.22,95,5.73,1.715,16.3333333333333,1.340151746,1.316494194,1.292512608,1.269913562,1.246118398,1.223039835,1.207642193,1.202270735,1.203071783,1.205833374,1.183873919,1.166525036,1.146025656,1.120445647,1.076403845,1.093566658,1.111570938,1.130697588,1.112990322,1.100132514,1.088533908,1.073009371,1.058670741,1.04966303,1.044291265,1.042804473,1.046748786,1.057653828,1.075118624,1.097461127,1.118797868,1.149469168,1.129664384,1.10661512,1.080946968,1.062571239,1.041032321,1.017421081,0.995281937,0.966938418,0.94284778,0.924982308,0.9033294,0.878731539,0.863310382,0.848426145,0.863853257,0.887924517,0.884889701,0.825187597,0.846563494,0.88385732,0.902188856,0.923630729,0.93405993,0.921282359,0.897879603,0.875118914,0.84345001,0.80019654,0.751678807,0.72699837,0.705624802,0.681669928,0.65654024,0.622543497,0.573533428,0.54032693,0.553926739,0.601967215,0.590963945,0.575152803,0.559255354,0.542846211,0.529657277,0.51477424,0.499196338,0.482507267,0.465207486,0.452640378,0.449682376,0.449196777,0.450308494,0.452260013,0.454591473,0.457330238,0.46092328,0.464033263,0.467123811,0.471891274,0.477641243,0.483185066,0.488057872,0.493461566,0.499686769,0.506736136,0.513070864,0.519152756,0.524620395,0.529559812
CML316,CS,2012,WS,CS12_WS,61,62,259.1,104.15,3772,10.9,100.35,6674.7561725,104.87524672,841.43,91.5,6,3.265,16,1.34147905,1.316946938,1.293224359,1.2713028,1.248296661,1.226325526,1.212328622,1.207556999,1.20821472,1.209745872,1.186791166,1.171869656,1.153805737,1.131353,1.088938951,1.1035,1.120498396,1.142287706,1.123818716,1.111140837,1.100328065,1.086105112,1.072924098,1.064478623,1.059172938,1.057479331,1.060602889,1.069918865,1.085233833,1.105755211,1.12561169,1.153990715,1.13667537,1.115611332,1.092397459,1.075634447,1.056224473,1.034930437,1.01519191,0.989885705,0.968574857,0.952708585,0.933549479,0.911508376,0.89747918,0.884104076,0.898200547,0.920064434,0.915753167,0.861407134,0.881124728,0.914469907,0.929773837,0.949953724,0.960257543,0.948544547,0.926907171,0.905684391,0.876032121,0.835197775,0.788878386,0.765111538,0.744400169,0.721100231,0.696492865,0.662493509,0.612889048,0.578599257,0.593014349,0.641662607,0.629532134,0.613444987,0.597404393,0.58079363,0.567299641,0.551686951,0.535385835,0.517946808,0.500120598,0.487331249,0.484299743,0.483893185,0.485070955,0.487081827,0.48954047,0.492301012,0.496106638,0.49927659,0.502559599,0.507409593,0.513331768,0.519012353,0.52399272,0.529591244,0.535868522,0.543114947,0.549588688,0.555827993,0.561412847,0.566431804
CML322,CS,2012,WS,CS12_WS,60.5,62,233.7,82.55,3990.5,10.45,105.55,5895.960604,111.67049361,652.23,90,10,2.1,16,1.338726566,1.314533937,1.290888259,1.269172332,1.246526512,1.22502244,1.211602543,1.207181875,1.207828831,1.209217838,1.186730403,1.172469508,1.155238544,1.133583867,1.090241214,1.103459654,1.119176775,1.139128011,1.121819279,1.109771067,1.099478019,1.085837399,1.073254308,1.065335543,1.060330558,1.058795437,1.061998071,1.071113422,1.086148953,1.106215304,1.12591402,1.154017104,1.137557093,1.116832676,1.093895955,1.077852557,1.05884533,1.037760839,1.018746453,0.993850205,0.973218294,0.957652496,0.939033154,0.917290106,0.903170567,0.890214764,0.903786758,0.92454346,0.920179351,0.866549771,0.884939991,0.916792861,0.931441272,0.950230216,0.959693238,0.948562306,0.928158685,0.907967519,0.879471839,0.839818449,0.794198096,0.770572636,0.749954507,0.726222515,0.701210924,0.666723589,0.616315227,0.581180229,0.595286197,0.645299069,0.632962096,0.616388104,0.600035773,0.583040451,0.56908293,0.553125506,0.536303309,0.518365247,0.49985024,0.486559127,0.483324009,0.482774725,0.483841457,0.485915434,0.488226925,0.49101135,0.494633979,0.497728366,0.500904646,0.505704852,0.511415909,0.516925831,0.521833757,0.527260415,0.533407024,0.540416838,0.546802248,0.552697019,0.558082707,0.562873585
CML323,CS,2012,WS,CS12_WS,58,60.5,227.35,102.85,3226,10.05,110.5,5435.809944,90.607782065,572.11,87.5,10,1.975,15,1.340283748,1.317046137,1.293993603,1.272580904,1.250167607,1.228623109,1.214690743,1.209894168,1.210580852,1.212331664,1.19070907,1.175422324,1.157239473,1.134572496,1.09260014,1.107330235,1.123861535,1.143345038,1.125753231,1.113554076,1.102905074,1.088836511,1.075777172,1.067538671,1.062430948,1.060847997,1.064146608,1.073620459,1.089082157,1.109530485,1.129278773,1.157375077,1.139665597,1.118637364,1.095378504,1.078757431,1.059336999,1.037842649,1.018108108,0.992496796,0.970967687,0.9548992,0.935462075,0.913090364,0.898795679,0.88524544,0.899465764,0.921424418,0.917287715,0.862422202,0.882566815,0.916206278,0.931564404,0.951118987,0.96090969,0.949341039,0.927868689,0.906729239,0.877075783,0.836133059,0.789653966,0.765768586,0.74498098,0.721482239,0.696740389,0.662628105,0.612872638,0.578467441,0.592501088,0.641778329,0.629872108,0.613660572,0.597367327,0.580543305,0.566918778,0.551344283,0.534943849,0.517378129,0.499299029,0.486259761,0.4831583,0.482661059,0.483829045,0.485980235,0.488391688,0.491171027,0.4948976,0.497975509,0.501088272,0.505857095,0.511469215,0.516932201,0.521692201,0.527066521,0.533164019,0.54001816,0.546224212,0.552051396,0.557292051,0.56203745
CML328,CS,2012,WS,CS12_WS,56,56,214.6,92.7,2789.5,10.55,114.325,6751.8621655,77.882875035,836.92,85,12.5,2.415,15.6666666666667,1.340698095,1.316823453,1.293400331,1.271858837,1.249572081,1.228305335,1.215229584,1.211064045,1.211747836,1.213911696,1.192787016,1.180035608,1.163991557,1.143263273,1.101380712,1.114719783,1.130781002,1.15078959,1.132796177,1.120680704,1.110462795,1.09699084,1.084272312,1.076030806,1.070674745,1.068648072,1.071163302,1.079383601,1.093261525,1.112173526,1.130684081,1.157494473,1.141169266,1.121267275,1.099350435,1.083822998,1.065640967,1.045659135,1.027454277,1.00400967,0.984413877,0.969796788,0.952067195,0.931552754,0.918414365,0.906071559,0.920221319,0.941735644,0.938629495,0.885558189,0.90216151,0.932441793,0.947288188,0.966948959,0.97711046,0.965945309,0.94523389,0.92503963,0.896544524,0.857037428,0.81168465,0.788138532,0.767507545,0.744083673,0.719091281,0.684413336,0.633716609,0.599479691,0.614666792,0.662816785,0.650169656,0.633598882,0.617088569,0.60000026,0.586187066,0.570463418,0.553970579,0.536255034,0.518096756,0.504859964,0.501807164,0.501247274,0.502206903,0.503986714,0.506162436,0.50871142,0.512206278,0.515254303,0.518335172,0.523207602,0.529035453,0.534822745,0.539987592,0.545759985,0.552483444,0.560041175,0.566923788,0.573600573,0.579316962,0.58457725
CML331,CS,2012,WS,CS12_WS,60,61.5,248.9,90.15,4165,9.4,125.5,6153.530682,117.972208455,994.395,87.5,12.5,2.19,15.3333333333333,1.341727387,1.315420183,1.289430077,1.265199669,1.239593701,1.215020631,1.199208289,1.193881016,1.195002691,1.197925731,1.172985848,1.157022774,1.137470592,1.112970211,1.066597387,1.083187378,1.102180467,1.126664036,1.106954104,1.09329397,1.081569504,1.066125824,1.05188367,1.0428948,1.037324141,1.035689366,1.03944144,1.050026018,1.067440719,1.090466467,1.112902967,1.144986194,1.126472413,1.103072811,1.077391419,1.058817114,1.037325977,1.013749316,0.992070833,0.964371497,0.941212069,0.924097636,0.903572602,0.880148695,0.8653705,0.851391505,0.865480577,0.887809635,0.883097174,0.829164736,0.848381372,0.882941621,0.900421419,0.922471294,0.934077015,0.922411538,0.900060562,0.878297861,0.847922023,0.806483177,0.760078084,0.736308607,0.715687042,0.692631197,0.669064743,0.636640443,0.589370014,0.556873341,0.570524132,0.614814408,0.603925867,0.589088027,0.574007907,0.558356284,0.545728612,0.531220771,0.515924291,0.499613348,0.482754086,0.470516954,0.467687607,0.467281665,0.468403757,0.47031072,0.472546848,0.475191448,0.478751691,0.481759668,0.484840915,0.489586269,0.495331042,0.500908169,0.505939563,0.51149559,0.517937634,0.525199204,0.5318597,0.538283859,0.544048212,0.549200085
CML341,CS,2012,WS,CS12_WS,63,63,252.75,123.2,4812,9.95,116.85,7109.2328905,135.5833964,1001.695,90,8.5,1.97,15,1.315716734,1.289041628,1.262747514,1.238575091,1.213251548,1.189170502,1.174149636,1.169616652,1.17095719,1.173768823,1.149144218,1.134372471,1.115791229,1.092094068,1.044632977,1.060171189,1.078935089,1.104015197,1.083894046,1.070240636,1.058658058,1.043404908,1.029262759,1.020262683,1.014650013,1.012903333,1.016459949,1.026706083,1.043567773,1.066301275,1.088505151,1.120186956,1.101914438,1.078859011,1.053460026,1.035162712,1.014184924,0.991219364,0.970269276,0.943669156,0.921612682,0.905412519,0.886194796,0.864305566,0.850605597,0.837899555,0.851541929,0.87270156,0.868729779,0.816394865,0.833942299,0.866841781,0.882461859,0.903323816,0.914466311,0.902472638,0.880338926,0.85890294,0.829333132,0.789378067,0.745130504,0.722793856,0.703609968,0.681796699,0.659261765,0.627850658,0.582095031,0.550876802,0.564097131,0.608587456,0.597782441,0.583196323,0.568770039,0.553602356,0.541098688,0.526815724,0.511818954,0.495907417,0.479476398,0.46746741,0.464614501,0.464199251,0.465289238,0.467313312,0.469630523,0.472289,0.475886142,0.47894256,0.482163047,0.486812929,0.492496414,0.497962038,0.502810188,0.50821936,0.514411795,0.521355098,0.527697013,0.533834325,0.539351338,0.544338267
CML343,CS,2012,WS,CS12_WS,63,66,232.4,88.9,3976.5,10.45,100.1,5875.112464,111.142348445,815.02,91.5,4.5,2.215,14.3333333333333,1.31498708,1.290446428,1.266513944,1.24433059,1.221127524,1.199110671,1.185166177,1.180560079,1.181329268,1.183473239,1.160877911,1.146131638,1.128104142,1.105737525,1.063099581,1.077483891,1.094324666,1.115583071,1.097388983,1.084973067,1.07436042,1.060386303,1.047378634,1.039087936,1.033902622,1.032326069,1.035520093,1.044871699,1.060292502,1.080865303,1.101041024,1.129776323,1.112431387,1.091256721,1.067928871,1.051452636,1.032135927,1.01084937,0.991489745,0.966295619,0.945285487,0.929584003,0.910730777,0.888847419,0.874825487,0.861830773,0.875958747,0.897629842,0.893310022,0.84078513,0.860512554,0.893583819,0.908717169,0.92823269,0.938231753,0.926917381,0.905856856,0.885125435,0.856069012,0.816054379,0.770710344,0.747428252,0.727185422,0.704329675,0.680230425,0.647183201,0.598954048,0.565728409,0.57957011,0.627281328,0.615557679,0.599751596,0.584090264,0.56786279,0.554675454,0.539624494,0.523817947,0.506948091,0.48961332,0.477159142,0.474247265,0.473876344,0.475086376,0.477177053,0.479535937,0.482360866,0.48616866,0.489230028,0.49245868,0.497330295,0.503221449,0.508945638,0.513967449,0.519466921,0.525844672,0.53319429,0.53970801,0.545995748,0.551685832,0.556801107
CML348,CS,2012,WS,CS12_WS,58.5,61,248.9,96.5,1412,10.85,111.225,2086.2508905,39.189096535,638.7,90,7.5,2.625,13.3333333333333,1.330164215,1.304902946,1.28006762,1.257312608,1.233415868,1.21080109,1.196701669,1.192235203,1.193053629,1.195193538,1.171544985,1.1569585,1.139478693,1.11729328,1.071736253,1.085760747,1.10286134,1.125972682,1.107431893,1.094769801,1.084104239,1.069999357,1.056855521,1.048574504,1.043351275,1.041736932,1.04513419,1.054803787,1.070710482,1.092207056,1.113276134,1.143481461,1.127126616,1.105486674,1.081561058,1.064515109,1.044562653,1.022649333,1.002633685,0.976831947,0.955368225,0.939430856,0.920242511,0.898169369,0.884083938,0.87084715,0.88448067,0.905610706,0.900623118,0.848088258,0.866381458,0.898726839,0.913712047,0.933658343,0.944502201,0.933595283,0.912586881,0.891951037,0.862779618,0.822598701,0.776844446,0.75335182,0.732853116,0.709640754,0.685337788,0.651907229,0.602918462,0.568981659,0.582880656,0.630375896,0.618280178,0.602471116,0.586695048,0.570381167,0.55696962,0.541550525,0.525428785,0.508129278,0.490430979,0.477676208,0.474637429,0.474075691,0.475015763,0.476924234,0.47920188,0.481848708,0.485446296,0.488484168,0.49156597,0.496288426,0.501931436,0.507474475,0.512295676,0.517700284,0.523973546,0.531027853,0.537424244,0.54354968,0.549069969,0.554038921
CML366,CS,2012,WS,CS12_WS,59.5,59,236.2,104.15,2772.5,9.3,115.925,4096.418351,78.53788438,695.2,90,5.5,2.37,13.3333333333333,1.338545524,1.311233793,1.284644398,1.260139467,1.234581714,1.210251529,1.195277412,1.190520988,1.191846277,1.194644116,1.169750328,1.155357526,1.137703782,1.115209116,1.069042138,1.084211103,1.10262939,1.127839998,1.107851859,1.094234897,1.08285973,1.067930439,1.053990968,1.045053005,1.039324909,1.037330626,1.040387075,1.049959269,1.065985831,1.087849622,1.109385136,1.140586913,1.123253744,1.100841956,1.076192897,1.058507949,1.038146294,1.01610222,0.995860833,0.970257785,0.949104234,0.933618116,0.915088584,0.894058993,0.8808203,0.868485693,0.881977575,0.903039365,0.89964894,0.849036329,0.864356601,0.895262147,0.912024642,0.933894425,0.94563804,0.934657129,0.913448772,0.892832546,0.864107464,0.825059445,0.781358957,0.759006195,0.739545361,0.71778369,0.695096547,0.663552506,0.617283756,0.586190408,0.60065332,0.643063852,0.632050456,0.617550047,0.602853619,0.587495593,0.575039291,0.560685586,0.545511432,0.52930599,0.512495437,0.500171656,0.497281547,0.496824932,0.497774141,0.499581554,0.501572295,0.50396101,0.50733238,0.510177608,0.51310293,0.517687309,0.523288271,0.528851532,0.533840001,0.539494126,0.545981304,0.553331551,0.560055729,0.566517351,0.572143566,0.57722676
CML376,CS,2012,WS,CS12_WS,63,64.5,251.45,91.45,4735,10.15,115.125,6995.6412815,132.8377274,908.935,89.5,9.5,1.5,16,1.362749774,1.337267414,1.312495644,1.289696676,1.266290705,1.244173428,1.230922889,1.226970997,1.22764939,1.229480483,1.206646111,1.194003373,1.178486393,1.158238482,1.114261873,1.126338732,1.141840083,1.162858141,1.144971786,1.132835031,1.122735051,1.10947472,1.096939237,1.088924701,1.083781016,1.081897034,1.084434945,1.092726018,1.106730529,1.12598685,1.145198948,1.173167002,1.157500319,1.13716528,1.11483033,1.098973518,1.080687111,1.060724405,1.042566973,1.019401078,1.000296818,0.986003087,0.968882882,0.949033522,0.936340609,0.924462571,0.937819838,0.958083713,0.954916076,0.903975014,0.918406492,0.946668231,0.961250014,0.98054122,0.990743926,0.98034728,0.960765346,0.941487304,0.91426853,0.876446923,0.832821738,0.810064895,0.790150716,0.767252921,0.742878502,0.709024469,0.659450474,0.625849924,0.640957817,0.687140077,0.675048392,0.658822113,0.642623074,0.625747358,0.612135974,0.596453848,0.58001995,0.562160696,0.543671664,0.530129098,0.526819874,0.526076501,0.526797945,0.528325594,0.530137044,0.532447432,0.5356248,0.538411473,0.541371613,0.545918681,0.551564937,0.557134376,0.562051216,0.567776395,0.574224973,0.581615439,0.588356202,0.594716037,0.60030532,0.605137958
CML38,CS,2012,WS,CS12_WS,61,63.5,228.6,87.65,4114.5,10.2,118.825,6078.7761275,115.39527364,796.38,90,10,2.475,15.6666666666667,1.335328436,1.31032439,1.285767853,1.263205124,1.239686934,1.217305645,1.203622543,1.199207716,1.200086317,1.201882703,1.178378997,1.164240662,1.147327394,1.125760626,1.080779438,1.093861157,1.110064724,1.132032181,1.113987968,1.101611102,1.091171152,1.077349357,1.06457601,1.056429665,1.051359419,1.049763193,1.052957824,1.062163532,1.077459464,1.098225467,1.118665504,1.148056321,1.132249305,1.111251438,1.088017717,1.071380682,1.052022238,1.030999443,1.011568176,0.986865647,0.966172237,0.950853751,0.932468329,0.911247288,0.897780036,0.884941969,0.898000125,0.918059456,0.913629861,0.862322829,0.879684477,0.911099539,0.925807912,0.94496622,0.955178463,0.944613451,0.92447962,0.904533229,0.876446195,0.837418625,0.792868506,0.769836294,0.749688027,0.726869692,0.702796772,0.669374787,0.620113546,0.585998587,0.599779032,0.647894395,0.636182346,0.620268187,0.604303845,0.587660161,0.574085643,0.55855638,0.542321578,0.524820184,0.506714051,0.493478184,0.490179273,0.489555014,0.490433226,0.492304894,0.494504129,0.497115358,0.500701852,0.50371348,0.506761587,0.511438085,0.517050209,0.52246774,0.527276557,0.532496302,0.538576562,0.545384774,0.551581527,0.557502476,0.562758272,0.567374762
CML423,CS,2012,WS,CS12_WS,55.5,58,221,91.45,4826.5,9.95,112.35,5338.629106,135.9496164,882.815,90,10,1.915,15.6666666666667,1.310618706,1.284513934,1.257965147,1.232981851,1.206463005,1.181051291,1.164000046,1.158051997,1.15954242,1.163928123,1.140204055,1.121972793,1.100052261,1.073188267,1.026999207,1.046148392,1.066709674,1.09081532,1.070326365,1.055946225,1.043220737,1.026349453,1.010690397,1.000859381,0.994800276,0.992965454,0.996953898,1.00835186,1.026848621,1.051074049,1.074333409,1.107635402,1.085831902,1.060912365,1.033531583,1.013974983,0.991302705,0.966650973,0.943871048,0.914932428,0.890763818,0.872983072,0.851741378,0.827848553,0.812961991,0.79883459,0.813754332,0.837567936,0.834398904,0.777953312,0.79858926,0.835397122,0.85347099,0.8759546,0.887528096,0.874453092,0.850348264,0.827161356,0.795322679,0.752841933,0.706336254,0.683008176,0.663153032,0.640994748,0.618288505,0.58699274,0.541919845,0.511608125,0.524745642,0.567414252,0.557292336,0.543045245,0.528648751,0.513790903,0.501759164,0.488048857,0.473729556,0.45839782,0.442508554,0.431017299,0.428336089,0.427835585,0.428838172,0.430693485,0.432816,0.435283926,0.438650751,0.441512978,0.4444086,0.448900083,0.454229133,0.459494139,0.463976071,0.46918631,0.475044382,0.481825224,0.488046799,0.494062587,0.499407215,0.504245205
CML450,CS,2012,WS,CS12_WS,61.5,63.5,262.9,109.2,3818,10.85,106.725,5641.070914,106.080181475,978.66,90,10,3.165,18,1.32854891,1.303857932,1.279195343,1.256165151,1.231997058,1.208916965,1.193942415,1.188826363,1.189688269,1.192084687,1.169387931,1.153062379,1.133781036,1.109822211,1.06576296,1.081235076,1.098762386,1.119649835,1.101403621,1.088573042,1.077516604,1.062844614,1.049235071,1.040647173,1.035321644,1.033690873,1.03722889,1.047229323,1.063663291,1.085360715,1.106460742,1.136813843,1.118293013,1.095893758,1.071278825,1.053717318,1.033341035,1.011063078,0.990552892,0.964364201,0.942412819,0.926194157,0.90670829,0.884432777,0.870482985,0.85709821,0.870847518,0.892495136,0.888950068,0.834832193,0.853801216,0.887172489,0.903130701,0.92318091,0.93339954,0.9218029,0.900278684,0.879288371,0.850057052,0.810315825,0.765676168,0.742844682,0.723274598,0.700976209,0.677560948,0.645419715,0.598608252,0.566236231,0.579291927,0.625536041,0.614572511,0.599242203,0.583940398,0.568089033,0.555119073,0.54033582,0.524863144,0.508129546,0.490690603,0.47808001,0.475011124,0.474492988,0.475591844,0.477648122,0.479937246,0.482590264,0.486242747,0.489273415,0.492356779,0.497084945,0.502714541,0.508124448,0.512937897,0.518278911,0.524355307,0.531207325,0.537364021,0.543437937,0.548727664,0.553514305
CML479,CS,2012,WS,CS12_WS,60,61,265.4,106.7,4366,9.75,114.025,6604.448597,123.0159246,880.025,90,10,2.105,16.3333333333333,1.325202134,1.301225272,1.27714457,1.254750174,1.231157557,1.208469379,1.193799098,1.188685675,1.189487376,1.191965001,1.170191521,1.153290455,1.133665573,1.109940882,1.066718791,1.082142408,1.099832851,1.120940224,1.102139492,1.08919574,1.078093965,1.06339552,1.049733798,1.041016422,1.035610065,1.03376982,1.036869902,1.04643866,1.062183827,1.083241277,1.103733203,1.133005713,1.11406719,1.09218432,1.068245577,1.051176522,1.031466653,1.009862124,0.990138164,0.964884412,0.943907389,0.928355359,0.909737013,0.888436944,0.874936861,0.862273579,0.875966394,0.897343768,0.894010038,0.839963211,0.858200603,0.890414516,0.90520362,0.924557428,0.934651841,0.923157891,0.901865155,0.881124948,0.852364162,0.813143854,0.768945329,0.746345269,0.726844129,0.704562871,0.680951625,0.648318497,0.600559513,0.567481973,0.581238531,0.628376226,0.616394229,0.600619083,0.585053827,0.568920839,0.555679391,0.540469827,0.524518693,0.507420943,0.48982712,0.477233252,0.474264407,0.47375364,0.474771919,0.476768753,0.479017562,0.481678773,0.485301203,0.488369405,0.491519502,0.496218324,0.501944979,0.507394111,0.512281611,0.517720678,0.5239494,0.530957642,0.537327016,0.543489959,0.548981753,0.553988482
CML50,CS,2012,WS,CS12_WS,60.5,61.5,242.6,119.4,3232,9.1,91.575,6182.283863,91.710387835,748.505,90,9.5,2.405,15.6666666666667,1.3264017,1.302442147,1.278211692,1.25572948,1.231761497,1.208977775,1.194125983,1.189019025,1.189991288,1.192905785,1.17081836,1.154322746,1.134877062,1.110906141,1.067584707,1.084010189,1.1020689,1.123259356,1.105076056,1.09218067,1.080901601,1.06580421,1.051877293,1.043031453,1.03759428,1.035987803,1.039561779,1.049876813,1.066578432,1.088453917,1.109477303,1.139835818,1.121337917,1.098898734,1.073928787,1.056308229,1.035541494,1.012805898,0.991766188,0.964634291,0.941771075,0.924785403,0.904313837,0.880881579,0.866201333,0.85200049,0.866920639,0.890352222,0.887490562,0.830614908,0.851135363,0.886698487,0.903952842,0.925276754,0.936137866,0.924056606,0.901359187,0.87927743,0.848447107,0.806297675,0.7589904,0.734730613,0.713887776,0.69044556,0.665934319,0.632374495,0.583824612,0.550778824,0.564607779,0.611290682,0.600103202,0.584375646,0.568520643,0.552273438,0.539146304,0.524237749,0.508612263,0.491942961,0.474580119,0.462064161,0.459041911,0.458550888,0.459492153,0.461286673,0.4634437,0.466046936,0.469498891,0.47256915,0.475550887,0.480301353,0.485880084,0.491397232,0.496128323,0.501529498,0.507818585,0.514864398,0.521284132,0.527515216,0.533083245,0.538087721
CML69,CS,2012,WS,CS12_WS,60.5,63.5,246.4,100.35,3345,10.8,104.375,4942.032209,93.14064115,741.385,87.5,12.5,2.735,14,1.332796489,1.308564387,1.284721848,1.262712533,1.239607049,1.217691301,1.203618635,1.198866302,1.199497764,1.201312718,1.179164571,1.164340592,1.146799207,1.124930401,1.082835193,1.096453607,1.112638458,1.132981465,1.115350713,1.103276581,1.092964326,1.079352162,1.066739864,1.058725218,1.053763274,1.052216672,1.055333775,1.064492076,1.0794746,1.099567352,1.119239054,1.147588918,1.130537295,1.109818028,1.08703866,1.070796916,1.051980408,1.031345464,1.012482298,0.988238256,0.967929115,0.952769009,0.934416995,0.913276884,0.899762406,0.886756638,0.900131081,0.920720821,0.916391311,0.865516027,0.884364375,0.915934621,0.930457315,0.949212646,0.95897807,0.948146516,0.927909547,0.90810324,0.880162471,0.84137862,0.796791015,0.773603982,0.753187633,0.730252882,0.705995039,0.672374232,0.622718911,0.588070379,0.601697025,0.649768001,0.638252129,0.622080037,0.605802437,0.588726502,0.575187512,0.559633376,0.543254884,0.525601994,0.507307704,0.494056871,0.490883603,0.490309553,0.491390984,0.493393019,0.495676503,0.498410268,0.502130715,0.505245044,0.508456102,0.513307495,0.519195353,0.524779968,0.529749482,0.535169757,0.541498669,0.548721074,0.555140058,0.561275465,0.566855653,0.571728252
CML91,CS,2012,WS,CS12_WS,58.5,60.5,246.4,96.55,5736,9.9,133.35,6738.889043,161.3839025,1016.38,85,12.5,2.065,16,1.295480601,1.270682022,1.24622527,1.223734393,1.199875467,1.176987243,1.162154514,1.157130812,1.158104862,1.160959998,1.137839497,1.122511486,1.103828833,1.080395227,1.036334062,1.052068069,1.070067695,1.092465756,1.073217181,1.060174208,1.048965108,1.034247177,1.020429749,1.011689927,1.006237503,1.004546566,1.007983588,1.01805591,1.034532961,1.056350524,1.077469908,1.107539492,1.089099255,1.066872677,1.042246908,1.024759882,1.004210286,0.981831438,0.961205861,0.934709356,0.912653663,0.896294203,0.876675086,0.854304115,0.840296654,0.826914752,0.84101604,0.863032273,0.858622365,0.805643462,0.825104966,0.859203224,0.87529662,0.896011136,0.906798303,0.894908265,0.87271042,0.851021627,0.821041259,0.780294575,0.734967478,0.711938111,0.692238141,0.670034706,0.646939095,0.614977268,0.568444644,0.536632667,0.549942627,0.594542624,0.583538648,0.568596058,0.55355623,0.537967854,0.525399326,0.510865953,0.495739769,0.479531389,0.462829068,0.450658151,0.447757272,0.447232089,0.448167502,0.449965267,0.45209781,0.454592242,0.45797561,0.460827104,0.463723545,0.468189788,0.473481149,0.478661406,0.48317651,0.488296473,0.494080891,0.5007639,0.506761651,0.512621332,0.517766185,0.522399854
CML92,CS,2012,WS,CS12_WS,60.5,62.5,255.25,99.1,2049,10,97.8,3027.2646525,57.57688476,645.13,80,20,4.335,16,1.289347345,1.263929037,1.238791127,1.215418139,1.190753792,1.167291729,1.152158551,1.146929848,1.148134712,1.150879264,1.127610392,1.111336132,1.091882864,1.0680137,1.024578305,1.041022287,1.059149695,1.08090071,1.062079144,1.048891135,1.037435542,1.022164275,1.008167255,0.999345769,0.993919591,0.992401271,0.995945927,1.006116026,1.022729891,1.0445972,1.065693392,1.096037315,1.076566741,1.053886892,1.028983227,1.011216114,0.990640796,0.9682406,0.947720056,0.921485704,0.899673978,0.883575607,0.864328715,0.842484189,0.828866878,0.81596786,0.829406492,0.850663223,0.848036828,0.794841906,0.813204565,0.846248316,0.862567787,0.883011165,0.89322614,0.881118654,0.859312473,0.838336145,0.809472844,0.770482964,0.72731752,0.70549089,0.68685977,0.665654497,0.643602758,0.613182417,0.569231573,0.539259074,0.552030448,0.595078512,0.585172915,0.571084942,0.556966675,0.54220784,0.530276992,0.51660591,0.50236245,0.487004709,0.470988028,0.45941663,0.456689122,0.456378687,0.457530274,0.459571292,0.461779153,0.464460162,0.467994041,0.470973456,0.474052566,0.47868437,0.484240755,0.489569196,0.494298791,0.499504151,0.505495405,0.512315745,0.518481055,0.524458717,0.529717573,0.534450928
CO255,CS,2012,WS,CS12_WS,48.5,50,205.75,69.85,907,9.4,87.925,1340.03058275,25.67254231,442.065,77.5,22.5,3.92,16.3333333333333,1.321382698,1.296657234,1.271209214,1.246927062,1.221219355,1.196459246,1.179989631,1.173943403,1.175384368,1.179141077,1.156836354,1.137059166,1.114661017,1.087534385,1.042852885,1.06222395,1.081805459,1.101683445,1.083444091,1.06993325,1.057467188,1.04061457,1.025279721,1.015597529,1.009774166,1.008166432,1.012356236,1.023904682,1.042468167,1.066213072,1.088766963,1.121433779,1.099182955,1.07441341,1.047238611,1.027524912,1.004980162,0.980353892,0.957424131,0.928376237,0.90373707,0.885687671,0.864062289,0.839754046,0.824837824,0.810501045,0.825726866,0.849543758,0.8488524,0.787860048,0.808385782,0.845373953,0.864124529,0.885948482,0.896228781,0.882921992,0.859171825,0.836266526,0.804986879,0.762802915,0.716513967,0.693261173,0.673382445,0.651146428,0.628028681,0.596551424,0.55126742,0.521157283,0.534125449,0.577864221,0.568588916,0.554217805,0.539575894,0.524436045,0.51235292,0.49877967,0.484681957,0.46945046,0.453562395,0.442019397,0.439355973,0.439080471,0.440222223,0.442238413,0.444508596,0.44712131,0.450722617,0.453710718,0.456734679,0.461458733,0.467032846,0.472473813,0.477199258,0.48254838,0.488592373,0.495475539,0.501741824,0.507908784,0.513183888,0.518061689
DE2,CS,2012,WS,CS12_WS,59.5,62.5,243.85,82.55,3460.5,9.75,126.4,3460.7887495,97.58756245,877.325,90,7.5,2.315,16.6666666666667,1.297904412,1.27407449,1.249751313,1.226701593,1.202172476,1.178608064,1.162764512,1.157140109,1.158157815,1.161666122,1.140064969,1.12229921,1.101079451,1.075351417,1.03186859,1.049862376,1.069055412,1.089107824,1.070073089,1.056710944,1.04475957,1.028837507,1.014122198,1.004863934,0.999108208,0.997322861,1.000996197,1.011682159,1.029002025,1.051524378,1.072997657,1.103730807,1.082699223,1.059396592,1.033763916,1.015404552,0.994057106,0.970754417,0.949260499,0.921746437,0.898750051,0.881794349,0.861578371,0.838652901,0.824347525,0.810919163,0.825548375,0.848327204,0.845324185,0.79032891,0.809920262,0.84501459,0.861722149,0.882780888,0.893283698,0.880705013,0.857708138,0.835569446,0.805018002,0.764013788,0.71892564,0.696271621,0.676886446,0.655224908,0.632971892,0.602202628,0.557594303,0.527549627,0.540844541,0.584312407,0.574224225,0.56000789,0.545764774,0.531013583,0.519181366,0.505643659,0.491488897,0.476426268,0.460943987,0.449905998,0.44745168,0.447251514,0.448609306,0.450852856,0.453328074,0.456097778,0.459826169,0.462912614,0.466113194,0.470872893,0.476584107,0.482104699,0.486978031,0.492420237,0.498616724,0.505685906,0.512079102,0.518382944,0.52396678,0.528987937
E2558W,CS,2012,WS,CS12_WS,59.5,63,250.2,92.7,3446,10.5,114.35,5091.1221925,96.297527745,799.205,45,5,3.225,7.33333333333333,1.296048511,1.271478733,1.246898076,1.223829594,1.199441545,1.176024646,1.160780585,1.155375714,1.156306252,1.159093721,1.136200822,1.118709557,1.098516992,1.073762893,1.028522393,1.045023258,1.063615631,1.08607174,1.066960086,1.053781492,1.042270104,1.02701462,1.012890493,1.003986647,0.998492238,0.996938525,1.000717181,1.011323624,1.028558764,1.051336168,1.073412243,1.104582421,1.085126773,1.062090509,1.036594116,1.018356872,0.997125796,0.973864011,0.952365325,0.924820389,0.901795501,0.884767724,0.864353979,0.841090973,0.826621253,0.812725337,0.827148775,0.84977095,0.845823153,0.789974475,0.8099188,0.844816807,0.861159438,0.882043433,0.892911933,0.88082066,0.858282467,0.836382879,0.805927338,0.764565576,0.718430941,0.69509343,0.675225279,0.652661222,0.629097223,0.596993147,0.550820218,0.519387424,0.532543336,0.578429274,0.567196914,0.552227116,0.537480522,0.522159775,0.509669232,0.495402404,0.480555775,0.464720311,0.448469346,0.436729281,0.434021031,0.43356736,0.434788814,0.436856321,0.439150982,0.441784034,0.445408736,0.448344617,0.451345527,0.455926156,0.461454251,0.466790046,0.471459282,0.476751739,0.482611635,0.489459014,0.495642179,0.501579116,0.506969656,0.511766639
F6,CS,2012,WS,CS12_WS,63,65,254,107.95,3479,9.7,117.7,5140.065327,98.11886165,895.835,42.5,11.5,2.9,15,1.33289275,1.310342047,1.288259247,1.268046015,1.246997241,1.226871195,1.214451291,1.210284178,1.210663455,1.21161523,1.190796793,1.177054475,1.160791697,1.140432223,1.100248172,1.112503101,1.127024457,1.144685145,1.12810993,1.116787054,1.107022428,1.094155884,1.082176812,1.074505858,1.069603765,1.067992295,1.070569755,1.07867861,1.092279004,1.110464584,1.128231697,1.153863999,1.137816282,1.118643125,1.097536447,1.082880815,1.065371359,1.046049924,1.028585453,1.005458948,0.986253479,0.971634345,0.953966726,0.933145395,0.919551276,0.906956257,0.920427864,0.940883281,0.937413396,0.883587154,0.901618692,0.932301586,0.945915706,0.963549733,0.972364527,0.961528369,0.941942136,0.922455847,0.894968545,0.856335236,0.811353654,0.787956637,0.767536312,0.743787234,0.71857867,0.683672892,0.63281002,0.597761145,0.612086435,0.662488214,0.650236789,0.633586668,0.616960463,0.599709914,0.58575401,0.569870938,0.553255376,0.535353135,0.516879012,0.503558668,0.500324742,0.499797328,0.500887909,0.502874253,0.505315273,0.508048748,0.511863275,0.515024791,0.518308139,0.523352983,0.529275011,0.535105441,0.540197919,0.545884176,0.552397983,0.559673399,0.566310306,0.572621257,0.57816732,0.583283017
GR3,CS,2012,WS,CS12_WS,57,58.5,227.35,80,2503.5,10,96.95,3698.7242945,70.237624475,516.74,90,10,2.13,14.6666666666667,1.305659717,1.281338808,1.257195394,1.234693809,1.211195416,1.188538253,1.17375289,1.168618907,1.169593018,1.172193812,1.149503369,1.132782625,1.113154039,1.089117914,1.046215069,1.062462051,1.080121803,1.101299565,1.082873173,1.069969917,1.058671165,1.043723829,1.029861887,1.021189359,1.01588615,1.014335936,1.017960041,1.028201019,1.044779403,1.066475281,1.08728944,1.117247317,1.098705549,1.076426208,1.051707021,1.034063514,1.013469772,0.99088486,0.969985458,0.943060805,0.920429193,0.903642741,0.883380053,0.860254523,0.845744831,0.831878156,0.846643462,0.869639295,0.866264006,0.810257714,0.830989575,0.866278744,0.883026044,0.903559678,0.913728078,0.901483988,0.879144257,0.85734586,0.827003389,0.785671857,0.739506967,0.716027724,0.695864332,0.673141535,0.649502649,0.616979601,0.570080087,0.538214905,0.551673886,0.597212607,0.586442589,0.571321145,0.556022336,0.540164482,0.527540459,0.513096861,0.498107547,0.481963559,0.465201536,0.453147593,0.450341816,0.449942814,0.45106332,0.453065931,0.455369746,0.458011776,0.461645073,0.464660308,0.46771353,0.472471329,0.478083839,0.483549471,0.488359937,0.493673923,0.499823066,0.50666378,0.512987657,0.519011348,0.524449727,0.529215044
GT112,CS,2012,WS,CS12_WS,62.5,65.5,273.05,109.2,3610.5,10.2,111.1,5334.071259,101.328832485,940.965,90,9,2.5,15.3333333333333,1.370807399,1.347392773,1.324263065,1.302706234,1.279824981,1.257913253,1.243751648,1.238615021,1.239144257,1.241067521,1.218202148,1.202180614,1.183151224,1.159581244,1.116066694,1.131692328,1.149275621,1.170915218,1.152485087,1.139645373,1.128621771,1.114046574,1.100471211,1.091858739,1.086485852,1.084905599,1.088548394,1.098632457,1.114986364,1.136465122,1.157063341,1.186112579,1.168233679,1.146553683,1.122472552,1.105101888,1.084635436,1.061838578,1.040597181,1.012916086,0.989101366,0.971341312,0.949620425,0.924504322,0.908404908,0.892972617,0.90880623,0.933631161,0.928300167,0.868774237,0.892205059,0.930193838,0.94741311,0.969268364,0.980465076,0.968034191,0.944668891,0.921577299,0.88900769,0.843877228,0.792569231,0.766176733,0.743125115,0.717598328,0.691051234,0.654999676,0.603004396,0.567482431,0.582191342,0.6319285,0.619522331,0.602771547,0.586038311,0.568827704,0.55514853,0.539358187,0.522922934,0.505338057,0.487534862,0.474837833,0.471798966,0.471397998,0.472488469,0.474447404,0.476745908,0.479457095,0.483112392,0.486211357,0.489362628,0.494205213,0.499997151,0.505663002,0.51052335,0.516187723,0.522625586,0.52981383,0.536487748,0.542987505,0.548737671,0.554039523
GTAT709,CS,2012,WS,CS12_WS,62.5,64,215.9,83.8,1004,9.625,94.975,1483.2677088,28.412586675,466.44,80,20,4.89,16.3333333333333,1.272715963,1.249636827,1.226507535,1.204940055,1.182255765,1.160506268,1.146421136,1.141292759,1.142204837,1.144464795,1.123285498,1.107654937,1.089498883,1.067026325,1.026295563,1.041370535,1.057903366,1.076927527,1.059761355,1.047654164,1.036996964,1.022707253,1.009521319,1.001173533,0.995965131,0.994370641,0.997539236,1.006945585,1.022296226,1.042472356,1.061924047,1.089971754,1.072169356,1.051194473,1.028098455,1.011703126,0.992464844,0.971308075,0.951973869,0.926876219,0.905943674,0.890316863,0.871601657,0.850035069,0.836231573,0.823494516,0.836805748,0.857592964,0.854597477,0.801584964,0.820003008,0.852121761,0.867291193,0.886350041,0.896001851,0.884623388,0.863816744,0.843471495,0.815190198,0.77652553,0.733001368,0.710761939,0.691369985,0.669416917,0.64659998,0.615000418,0.568702146,0.536863622,0.549965861,0.594956083,0.584767602,0.569851948,0.554653489,0.538992401,0.526427405,0.512200079,0.497265516,0.481217365,0.464414229,0.452328043,0.449487104,0.449197554,0.450366871,0.452445236,0.454796239,0.457575181,0.461249772,0.464289164,0.467434178,0.47220557,0.47792777,0.483386869,0.488206327,0.493524886,0.499769653,0.506639363,0.513016369,0.51907464,0.524569326,0.529464587
GTAT823,CS,2012,WS,CS12_WS,58.5,59,241.3,96.55,4109,9.7,92.4,5711.6516825,115.8515826,756.545,91.5,5,2.285,18.6666666666667,1.311607678,1.286678836,1.261430206,1.237707678,1.212529523,1.188338131,1.172375705,1.166733188,1.167861611,1.171498601,1.148633658,1.130428395,1.109278834,1.083468996,1.038348974,1.056526207,1.0758308,1.097036398,1.077823909,1.06426605,1.052304413,1.036227821,1.021411229,1.011979045,1.006268106,1.004561002,1.008424756,1.019422938,1.037278832,1.060410615,1.082647861,1.114533864,1.093664315,1.069647556,1.043248482,1.024224807,1.002256533,0.978306008,0.956112877,0.927807783,0.904001142,0.886495557,0.865499679,0.84179263,0.827082346,0.813007142,0.828151624,0.85203786,0.84954862,0.791304323,0.811869625,0.848377103,0.866323739,0.888209086,0.89922678,0.886451264,0.862771797,0.839867325,0.80841994,0.765949321,0.719082506,0.695604982,0.675501352,0.65296125,0.629424654,0.597204661,0.551065449,0.520196668,0.533772254,0.579450112,0.568994387,0.554143169,0.539349993,0.524148241,0.511713285,0.49760592,0.482911427,0.467284777,0.451110198,0.439473571,0.436805406,0.436494703,0.43768694,0.439775905,0.442122412,0.444817081,0.448451239,0.451504996,0.45456194,0.459320753,0.464988712,0.470483219,0.475322435,0.480600681,0.486723391,0.493659593,0.50002811,0.506038874,0.511503577,0.516346983
GTCY2,CS,2012,WS,CS12_WS,60.5,63,226.05,91.45,4047.5,9.6,111.5,5980.066352,114.24068685,638.85,87.5,10.5,2.285,15.6666666666667,1.319457764,1.294725352,1.269936228,1.246646974,1.222150788,1.198550336,1.183263097,1.178042094,1.179128985,1.182223219,1.158720132,1.141635482,1.121307838,1.096269619,1.050444067,1.067336591,1.086392295,1.109566088,1.089711306,1.075988725,1.064165711,1.048511452,1.033939496,1.024690464,1.018942741,1.017083998,1.020748793,1.031300695,1.048583325,1.071381685,1.0934396,1.124804172,1.105380274,1.082169436,1.056547654,1.038251864,1.016834578,0.99328997,0.971681152,0.943808297,0.920636962,0.903408423,0.882815389,0.859306967,0.844445087,0.830668794,0.845810618,0.869286105,0.86556326,0.808507038,0.828726505,0.864617866,0.881497063,0.903157402,0.9143926,0.902068399,0.878860556,0.856253931,0.824811217,0.782127045,0.734705122,0.710718961,0.690256811,0.667105393,0.643147131,0.610086263,0.562419463,0.530470847,0.54428824,0.590530155,0.579283428,0.563976932,0.548829517,0.533128057,0.52036616,0.505833488,0.490715559,0.474700248,0.45820176,0.44624442,0.443461524,0.44301387,0.444116472,0.446106259,0.448423781,0.451094755,0.454687747,0.45773878,0.460862333,0.465616774,0.471210346,0.476769431,0.481560836,0.487033227,0.493196718,0.500341889,0.506740647,0.512975932,0.518647777,0.52360058
GTP50,CS,2012,WS,CS12_WS,58.5,60,233.65,96.55,2402,9.55,116.85,5498.479307,67.838330105,712.05,80,20,4.03,15.3333333333333,1.339074358,1.314398166,1.289972454,1.267037314,1.24300698,1.219979912,1.205316543,1.200351659,1.201196626,1.203981962,1.180874772,1.164980319,1.14632584,1.122830867,1.077497269,1.092830006,1.110526141,1.132263731,1.11345711,1.100574814,1.089542065,1.074862009,1.061259994,1.052631144,1.047253109,1.045720676,1.049312918,1.059597969,1.076242103,1.098349395,1.119876274,1.150316233,1.132085711,1.109731706,1.084883008,1.066876544,1.046172436,1.02352126,1.002488897,0.975674569,0.953080096,0.936454721,0.916369877,0.893433229,0.879112816,0.86520496,0.879567857,0.901747682,0.896729238,0.842261665,0.862435399,0.89681771,0.912526994,0.932812136,0.943476018,0.931596919,0.909389965,0.887543475,0.857081418,0.815219375,0.768151446,0.744058137,0.723140026,0.699995604,0.675634076,0.641918481,0.59257785,0.558788688,0.572738206,0.620312287,0.608607425,0.592725343,0.576708675,0.560122933,0.54678678,0.531546356,0.515529635,0.498380384,0.480781202,0.468031241,0.465017194,0.464458294,0.465514359,0.467576441,0.469862099,0.472482821,0.476112668,0.479141732,0.482170733,0.48688669,0.492421854,0.497810286,0.502563962,0.507981512,0.514041751,0.521048824,0.527262443,0.533246583,0.53876298,0.543599607
H105W,CS,2012,WS,CS12_WS,56.5,60,222.25,87.6,3252.5,9.3,124.625,5639.9644545,92.09507114,567.41,80,20,3.06,15.6666666666667,1.335642767,1.311216012,1.28699929,1.264479525,1.240939364,1.218375117,1.204234442,1.199493581,1.200438465,1.20309753,1.180308984,1.165644169,1.148098756,1.125627999,1.080604934,1.095072397,1.112052676,1.132539285,1.114015302,1.101409749,1.090596824,1.076140854,1.062716288,1.054132036,1.04876317,1.047149187,1.050540029,1.060309723,1.076301937,1.09757018,1.118141372,1.147501815,1.129699506,1.107949754,1.083854941,1.066800255,1.046815949,1.024738875,1.004575472,0.97847517,0.956674105,0.940414363,0.920810386,0.898238069,0.883831943,0.870253216,0.884267573,0.905804447,0.900795354,0.847747758,0.867072698,0.900611874,0.915825416,0.935482764,0.945815031,0.934243681,0.912596256,0.891303837,0.861444709,0.820547077,0.774185827,0.750461239,0.729777894,0.706660772,0.682615994,0.649104632,0.600010034,0.566293524,0.580005591,0.627423893,0.616530766,0.60097351,0.585093282,0.568578495,0.55534981,0.540266499,0.524356781,0.507298415,0.489704748,0.476771267,0.473716135,0.473235971,0.474401932,0.476577786,0.47903165,0.481804894,0.485626915,0.488756681,0.491948459,0.496752627,0.502644123,0.508201348,0.513074995,0.51860502,0.524828046,0.531945154,0.538298964,0.544535564,0.550005567,0.554843872
H49,CS,2012,WS,CS12_WS,56.5,58.5,232.4,87.65,4354,10.05,126.675,6660.425411,122.25866,965.54,90,10,1.79,18.3333333333333,1.304304214,1.279545567,1.254719184,1.231590135,1.207111671,1.183564442,1.168348985,1.163105512,1.164149185,1.167374982,1.144256067,1.127723153,1.108155081,1.08376672,1.038885155,1.05565695,1.074178664,1.096938589,1.078164516,1.06501956,1.053570878,1.038364685,1.024210718,1.015270172,1.009723599,1.008084142,1.011817832,1.022385518,1.039572353,1.062207829,1.08405613,1.115343199,1.096364567,1.073345053,1.047836615,1.029590343,1.008307423,0.984881413,0.963273759,0.935509437,0.912219688,0.894974505,0.874242995,0.850614468,0.835647393,0.821640596,0.836355867,0.85957334,0.855609893,0.799336067,0.819417921,0.854680406,0.871654459,0.893303849,0.90469093,0.892754003,0.869997668,0.84775908,0.816829678,0.774833571,0.728047059,0.704327793,0.683861372,0.660974033,0.63738925,0.605199234,0.558610827,0.527125901,0.540849341,0.585366016,0.574652033,0.559813629,0.544991883,0.52965148,0.517239388,0.503034149,0.488263101,0.472504347,0.456344932,0.444794236,0.442106442,0.441807778,0.442863099,0.444701018,0.446930075,0.449510628,0.452987873,0.455978499,0.458998303,0.463589647,0.469199607,0.474608258,0.479341749,0.484728993,0.490932059,0.497917718,0.504250144,0.510489157,0.5160945,0.521034329
H99,CS,2012,WS,CS12_WS,56.5,56,204.45,76.2,3021,10.45,105.35,4463.575074,84.303887955,725.985,82.5,17.5,2.095,13.3333333333333,1.296395663,1.272069939,1.247923671,1.225535612,1.201992905,1.179715279,1.165596847,1.1607941,1.162048405,1.164729587,1.1424791,1.127246377,1.109240179,1.086882987,1.044605785,1.059939829,1.077283563,1.098831454,1.080376565,1.067584715,1.056530191,1.041900981,1.02829663,1.019628602,1.014216711,1.012329258,1.015321431,1.024578713,1.039893276,1.060465475,1.080490844,1.109396625,1.091985089,1.070598903,1.047046834,1.030277177,1.010852735,0.989647286,0.970276258,0.945439801,0.924892756,0.909724787,0.891577737,0.870883059,0.85787404,0.845664358,0.859157493,0.880237848,0.877786655,0.824813188,0.841218692,0.872082881,0.887353887,0.907315086,0.91767408,0.906316921,0.885393518,0.865165889,0.837145609,0.799134799,0.756486901,0.734755691,0.716116826,0.69462295,0.671894583,0.640472041,0.59490664,0.56395519,0.577628965,0.621876415,0.610587155,0.595665981,0.581060418,0.565978605,0.553379884,0.53897983,0.523873769,0.507578863,0.490845106,0.478776703,0.475902892,0.475411327,0.476376599,0.478203084,0.4803202,0.482822899,0.486184547,0.489136795,0.492060849,0.496632816,0.502092169,0.507451491,0.512199211,0.5175844,0.52371608,0.530590683,0.536971842,0.543148482,0.548603272,0.553408635
I137TN,CS,2012,WS,CS12_WS,57,62.5,248.9,86.35,1949,8.65,109.975,2879.18422,55.573819775,547.17,85,13,2.545,14,1.290240265,1.265534806,1.240771557,1.217797061,1.19364171,1.170716369,1.155898862,1.150828864,1.151820338,1.154534773,1.132482638,1.116902828,1.098225719,1.074842711,1.03201458,1.048140479,1.065918971,1.086593681,1.068332704,1.055589891,1.044459626,1.029682317,1.016107784,1.00751036,1.002186772,1.000499078,1.003804952,1.013575645,1.029582247,1.050774596,1.071343604,1.10102411,1.082556409,1.060498185,1.036277613,1.018752299,0.998586698,0.976763289,0.956435045,0.930790152,0.909163688,0.893354403,0.874353822,0.852926558,0.839713665,0.826842933,0.840459937,0.861984755,0.859924099,0.806367967,0.823093848,0.854785381,0.87137985,0.892247761,0.902866866,0.891371232,0.869983723,0.849280772,0.820716783,0.781857744,0.738514769,0.716423839,0.697411376,0.675977838,0.653332212,0.622282688,0.57753876,0.547578089,0.561367017,0.604844814,0.594474872,0.580032437,0.565742466,0.550938586,0.538855383,0.525062139,0.510675869,0.495192723,0.479252126,0.467650721,0.465041669,0.464763593,0.465895693,0.467835275,0.470054969,0.472497376,0.475872304,0.478743287,0.4817613,0.486183586,0.491676367,0.497069372,0.501792112,0.507084315,0.513178784,0.520166042,0.526522794,0.532503089,0.537864853,0.542660831
K4,CS,2012,WS,CS12_WS,60,62.5,243.85,85.1,2696.5,10.5,86.775,3983.970241,75.203610185,780.115,90,7.5,2.435,16.6666666666667,1.300122619,1.274644216,1.248960162,1.225082649,1.199849098,1.175522855,1.159595788,1.154009938,1.155287346,1.158569568,1.134851018,1.116411608,1.095180881,1.069409864,1.023690216,1.041544048,1.061307997,1.085155597,1.065085669,1.051023149,1.038785874,1.022476209,1.007416519,0.997879798,0.991938804,0.990042003,0.993652846,1.004412472,1.022087149,1.045440168,1.067932541,1.100166572,1.080258757,1.056460502,1.030191635,1.011366425,0.989563192,0.965717174,0.943785268,0.915747423,0.892310117,0.875085859,0.854492372,0.831193785,0.816745344,0.803072304,0.817905507,0.84129895,0.838956335,0.780508832,0.800213701,0.835994091,0.853187864,0.875053331,0.886302315,0.873826826,0.850542366,0.827847432,0.796629509,0.754575253,0.708167961,0.685013285,0.665404039,0.643062,0.619622493,0.587429997,0.541641126,0.511179689,0.524930165,0.570648626,0.559543405,0.544701995,0.530288138,0.515353524,0.502891822,0.488804252,0.474279349,0.458843725,0.442970719,0.431420163,0.428675664,0.428321549,0.42944025,0.431417276,0.433664557,0.436255475,0.439871801,0.442817462,0.445816109,0.45037932,0.455918154,0.461271695,0.46590664,0.471125531,0.477148014,0.483861172,0.49012238,0.496177943,0.501579271,0.506397024
Ki11,CS,2012,WS,CS12_WS,61.5,64,246.4,97.8,3332.5,10.65,125.7,6669.3150685,92.97489646,790.12,87.5,12.5,2.355,15.6666666666667,1.333078671,1.308916495,1.285371231,1.263867775,1.241347039,1.220079052,1.207008529,1.20280793,1.204037196,1.206924442,1.186053101,1.172998962,1.156920068,1.136254713,1.094827705,1.10839529,1.123953395,1.141869499,1.123471734,1.111190227,1.10073482,1.08691392,1.074019235,1.065753039,1.060492353,1.058696919,1.06152459,1.070326108,1.085056353,1.104866661,1.124324732,1.152591135,1.137281126,1.116960591,1.094415327,1.078447255,1.059704508,1.038936613,1.019985516,0.995365983,0.974925446,0.959553969,0.941118648,0.919829805,0.906150913,0.894080787,0.909699156,0.93200973,0.925898814,0.867438029,0.885354387,0.919689827,0.939397645,0.958302596,0.966401893,0.952345438,0.930735881,0.909970068,0.88094664,0.840959415,0.795308983,0.771868172,0.75139035,0.728163227,0.704419466,0.671998201,0.623850077,0.589920056,0.599070906,0.647904411,0.638243424,0.62297642,0.60731506,0.590673142,0.576967267,0.561099374,0.544287325,0.525927531,0.506718422,0.492375526,0.488321591,0.487057607,0.487290099,0.488789866,0.490986916,0.493726679,0.497778593,0.50120288,0.504807785,0.510338777,0.516928441,0.523176603,0.528521963,0.534259854,0.540521858,0.547262308,0.553053006,0.558415548,0.563139016,0.56709168
M14,CS,2012,WS,CS12_WS,58,59,236.2,78.75,3194.5,10.05,101.35,4719.8455875,89.698202945,733.88,77.5,20,3.28,17.3333333333333,1.292145429,1.269275347,1.246613646,1.225645717,1.203583476,1.182819574,1.169373896,1.164586589,1.165309523,1.167190871,1.146760956,1.132191453,1.114641082,1.092944614,1.053596916,1.06765699,1.083333155,1.101058529,1.084088359,1.072393575,1.062250425,1.048740181,1.036229754,1.028293716,1.023320336,1.02171084,1.024694648,1.033582134,1.048012265,1.067162626,1.085699579,1.112230606,1.094034947,1.073908658,1.051780798,1.036143749,1.017961657,0.998000709,0.979741192,0.956168774,0.936393975,0.921623068,0.903804825,0.883247006,0.870044912,0.857704002,0.871182811,0.891656125,0.888141802,0.836851634,0.855588608,0.886748882,0.900582552,0.918293349,0.926806284,0.91533843,0.89491322,0.875066494,0.847295216,0.809069262,0.765547534,0.74310851,0.723434781,0.701269521,0.677695778,0.644734729,0.596401614,0.5632533,0.577038862,0.62453525,0.613280347,0.597469982,0.581538222,0.565059749,0.551877499,0.536888385,0.521134577,0.504188685,0.486682008,0.474103199,0.471215529,0.470869406,0.472142601,0.474338186,0.47676489,0.479593512,0.483425531,0.486543353,0.489795316,0.494663426,0.500557696,0.50624982,0.51115267,0.516713017,0.523086961,0.530066875,0.536620447,0.542674856,0.548142997,0.553065511
MS153,CS,2012,WS,CS12_WS,56,56.5,237.45,94,4147.5,9.25,104.65,6938.708836,117.48545846,893.08,90,10,1.81,16.3333333333333,1.293886411,1.267434167,1.240735885,1.215683203,1.189040515,1.163394299,1.146349879,1.140384151,1.142091442,1.146377197,1.121727212,1.102933434,1.080649775,1.053443444,1.006215239,1.025736498,1.046854986,1.072028699,1.050714018,1.035805519,1.022925466,1.005728051,0.989818617,0.979735859,0.973467019,0.971531613,0.975482615,0.987017852,1.00579917,1.030414473,1.054116082,1.087772228,1.065803537,1.040535792,1.012729113,0.992810874,0.969774308,0.94472185,0.921600445,0.892255697,0.867919837,0.850113628,0.82893056,0.805161632,0.790451053,0.776701035,0.791987276,0.816005717,0.812899457,0.756525684,0.777097996,0.814050089,0.832213786,0.855227828,0.866911515,0.853572831,0.829208692,0.805710761,0.773607564,0.731017325,0.685026811,0.662169694,0.642803722,0.621372115,0.599650066,0.569540608,0.526263689,0.497746705,0.511038666,0.551500114,0.541625518,0.528067584,0.514491625,0.50041613,0.489082352,0.476120841,0.462613324,0.448342722,0.433702284,0.423198366,0.420878281,0.420707626,0.422010371,0.424010594,0.426178249,0.428790966,0.432233691,0.435184051,0.438159509,0.442749467,0.44826065,0.453667805,0.458429167,0.463734194,0.469941302,0.476983701,0.483409823,0.489741621,0.495353358,0.500527275
Mo18W,CS,2012,WS,CS12_WS,59.5,62,245.1,81.3,4013,9.95,119.875,5811.453307,112.809428335,796.88,82.5,15,2.29,16.6666666666667,1.317054301,1.291385117,1.265908251,1.242041779,1.216736918,1.192449081,1.176658449,1.171196104,1.172231506,1.175440861,1.150959866,1.134157971,1.114091965,1.089109282,1.042300768,1.059051858,1.07822463,1.102689946,1.082694112,1.068952854,1.05718119,1.041525348,1.026998008,1.017821378,1.012099696,1.010461625,1.01428339,1.025185681,1.04289376,1.066298048,1.088979257,1.121205055,1.101974959,1.078431285,1.052480768,1.033473135,1.011746428,0.988040092,0.965891557,0.937909723,0.914191965,0.896891139,0.87596637,0.852395966,0.837793866,0.823507762,0.838058299,0.860954577,0.855660442,0.801359479,0.822021401,0.857973637,0.874960073,0.896842652,0.908538324,0.896526662,0.873522362,0.850985375,0.819738263,0.777325211,0.730375877,0.706523364,0.685926636,0.663299485,0.639810567,0.607544294,0.560402425,0.528328721,0.542017782,0.586911788,0.57606024,0.561352432,0.546448151,0.530960466,0.518551702,0.504230114,0.489255338,0.473307669,0.456933881,0.445156524,0.442463226,0.442117072,0.443465745,0.44571742,0.448128701,0.450896457,0.454700381,0.457843037,0.461014845,0.465887036,0.471651958,0.477366591,0.482301151,0.487806415,0.494114465,0.501348957,0.507853153,0.514174939,0.519786826,0.524798715
Mo24W,CS,2012,WS,CS12_WS,59,61,262.9,106.7,3985.5,10,95.75,5887.7324555,111.781954855,753.255,85,12.5,2.27,16,1.284783321,1.25991556,1.235401283,1.212685565,1.188896641,1.166143453,1.151630239,1.146642716,1.147703998,1.150150683,1.127163448,1.11157292,1.092942662,1.069702157,1.025956389,1.041449916,1.059121642,1.081168216,1.06212121,1.049033321,1.037831984,1.023045592,1.009299219,1.000573864,0.99509493,0.993407598,0.99675032,1.006568367,1.022671045,1.043985841,1.064727342,1.094244841,1.076217734,1.054288366,1.029986653,1.012570403,0.992388154,0.970432629,0.949955007,0.923894445,0.901980887,0.885798411,0.866280296,0.844089535,0.830431261,0.816900977,0.831202352,0.853593573,0.849764636,0.796190359,0.816026691,0.850179233,0.865995277,0.886424064,0.8969842,0.884988893,0.862892198,0.841300484,0.811344379,0.770600667,0.725274661,0.7022085,0.682510885,0.660536087,0.637397133,0.605446598,0.559466247,0.528585951,0.542242276,0.587142585,0.576348722,0.561599695,0.546866041,0.531694603,0.51940994,0.505381413,0.490858928,0.475346945,0.459471141,0.448012617,0.445463402,0.445164376,0.446382044,0.44846792,0.450725586,0.453407274,0.456957093,0.45995441,0.463030558,0.467628357,0.473242692,0.478636984,0.483399952,0.488702831,0.494818498,0.501682107,0.508025823,0.514091316,0.519525213,0.524485882
Mo45,CS,2012,WS,CS12_WS,58,60,233.65,95.25,2442.5,8.85,90.2,5549.049742,69.428714935,716.795,90,7.5,2.4,15.6666666666667,1.308353372,1.282116556,1.256185186,1.232037236,1.206774564,1.182595289,1.167219311,1.162017707,1.163153084,1.166085537,1.141333834,1.125032689,1.105472989,1.081100899,1.034657318,1.05099168,1.069872319,1.094196427,1.074198982,1.06052481,1.048829261,1.033345862,1.018968152,1.009851318,1.004174454,1.00242231,1.006145068,1.016747571,1.03414915,1.057237314,1.079607658,1.111455346,1.092280565,1.068953373,1.04323864,1.024637757,1.003286611,0.979866933,0.958335015,0.930927818,0.908020306,0.891173675,0.87096021,0.848059379,0.833766252,0.820248161,0.834641689,0.856758961,0.852029247,0.798409927,0.818487579,0.853584872,0.870224999,0.891460414,0.90256614,0.890444862,0.867743754,0.845565799,0.814917049,0.773439584,0.727528343,0.704327896,0.684262295,0.661975466,0.638936472,0.606931775,0.560334466,0.528703525,0.542231465,0.587450855,0.57673671,0.562065411,0.547356784,0.531957104,0.519511654,0.505271652,0.490316693,0.474408353,0.457938263,0.446048337,0.443315838,0.442999806,0.444471662,0.446732612,0.449199775,0.452049097,0.455807575,0.458909785,0.4620403,0.46671252,0.47250265,0.477977573,0.482920082,0.488235405,0.49439165,0.501340185,0.507755198,0.513715368,0.519209983,0.52396152
Mo47,CS,2012,WS,CS12_WS,56,58.5,217.2,87.65,2779,10.3,107.475,5868.310057,77.83373256,560.94,82.5,17.5,2.055,13.6666666666667,1.347785372,1.325004341,1.301969109,1.280376109,1.257571759,1.235329866,1.220510694,1.21508125,1.21576448,1.218107232,1.196433497,1.179243345,1.159050378,1.134286168,1.091398195,1.108238961,1.126121893,1.145664805,1.12711051,1.114131951,1.102712597,1.087473591,1.073294668,1.064354369,1.058830073,1.057168084,1.060770689,1.070986077,1.087585978,1.109072534,1.129559878,1.158546552,1.138946733,1.116811234,1.092349232,1.074604899,1.05397568,1.030900631,1.009559262,0.98182396,0.958185932,0.940575522,0.919216764,0.894736836,0.879028979,0.864414639,0.880511847,0.905375742,0.90103727,0.841741511,0.86455579,0.90216561,0.919560992,0.940810344,0.951321658,0.938631881,0.915035456,0.891880591,0.859574814,0.815293018,0.765534327,0.740282806,0.718215345,0.693710634,0.668346034,0.633554351,0.583573565,0.549776998,0.564015468,0.613010967,0.601270435,0.585099551,0.568901608,0.552343853,0.539011269,0.523801259,0.507936826,0.490929542,0.473564078,0.461122128,0.458249672,0.457865393,0.459074095,0.461242238,0.463655259,0.466441103,0.470146155,0.473216997,0.476371392,0.481204297,0.486923815,0.492514264,0.497426076,0.502995989,0.509265373,0.516292481,0.522810797,0.528971677,0.534555923,0.539538056
Mp0496,CS,2012,WS,CS12_WS,61.5,63,243.8,87.65,4184.5,9.85,110.25,6397.2047305,117.63239295,1059.535,92.5,3.5,2.175,14,1.284789596,1.260048208,1.236015806,1.213885441,1.190708276,1.16870785,1.154851862,1.150371844,1.15106427,1.153149179,1.130701147,1.116830581,1.099864161,1.078424324,1.036140236,1.049608954,1.065646272,1.086239669,1.06870444,1.056730179,1.046566526,1.033106173,1.020651536,1.012714525,1.007724958,1.006148808,1.00925953,1.018339636,1.033352564,1.053547422,1.073416731,1.102079147,1.086345928,1.065674585,1.042967677,1.026834903,1.008080992,0.987465024,0.968686416,0.944498273,0.924475358,0.90951225,0.891517215,0.870757209,0.857440783,0.84495224,0.857696673,0.877378385,0.873078132,0.824269352,0.841922972,0.87263636,0.887199085,0.905946193,0.915930542,0.905775213,0.886170433,0.866863279,0.839702048,0.802120173,0.759258466,0.737043415,0.71767498,0.695582522,0.672584535,0.640748701,0.59379936,0.560960862,0.574216491,0.619622079,0.608552657,0.59349189,0.578126657,0.562213963,0.549390228,0.534614323,0.519023016,0.502315799,0.484974183,0.472404708,0.469410363,0.468906993,0.469932631,0.471892643,0.474096086,0.476678513,0.480296391,0.483328122,0.486392763,0.491051695,0.496688037,0.502149429,0.506954917,0.512303546,0.518464241,0.525423536,0.531814964,0.537888131,0.543369585,0.548162864
Mp488,CS,2012,WS,CS12_WS,60,62.5,236.25,85.1,2980.5,9.7,92.625,4402.8927145,83.897626,759.755,77.5,20,3.81,14.6666666666667,1.296243082,1.272703773,1.249321786,1.227543384,1.204593885,1.18261542,1.168267286,1.163094502,1.163928653,1.166194525,1.144121913,1.127343998,1.107871396,1.084082234,1.040878962,1.056710626,1.074278999,1.0953429,1.077089502,1.064347793,1.053304319,1.038569104,1.024832663,1.016184347,1.010820629,1.009179891,1.012736526,1.022854548,1.039225297,1.060764894,1.081461134,1.110700657,1.092147047,1.070129894,1.045694694,1.028502941,1.008036981,0.985397029,0.964653659,0.937412603,0.914712875,0.897685171,0.877203536,0.853609125,0.838667606,0.824573076,0.83959734,0.863259326,0.859269611,0.802307445,0.823663297,0.859239143,0.875560818,0.896144163,0.906492212,0.894281521,0.871762635,0.849609016,0.818723914,0.776648981,0.729455141,0.7054861,0.685122797,0.661849534,0.637852396,0.605120065,0.558326182,0.526453565,0.539746532,0.586019109,0.574822428,0.55962022,0.544578622,0.528983129,0.51639964,0.502110066,0.487212715,0.471283718,0.454932041,0.443342369,0.440618848,0.440281082,0.441492665,0.443668209,0.44593438,0.448647316,0.452290241,0.455324484,0.458405025,0.463065849,0.46862632,0.47408473,0.478836089,0.484148082,0.490225216,0.497069408,0.503406656,0.509312229,0.514858883,0.519734559
Mp705,CS,2012,WS,CS12_WS,59,62.5,250.2,102.9,3920,10.15,118.425,5258.9820715,109.9695767,713.24,82.5,15,2.555,17.6666666666667,1.33987027,1.314637274,1.289389955,1.265780328,1.240784914,1.2166583,1.201033097,1.195624912,1.196385095,1.199189482,1.17541828,1.158536253,1.138255179,1.113225725,1.066828343,1.083050522,1.101598216,1.124859932,1.10567654,1.09217215,1.080504657,1.064995152,1.050729697,1.041670879,1.036092075,1.034459365,1.038176043,1.048813775,1.066149302,1.089043785,1.111233156,1.14287955,1.123875336,1.10065469,1.075023823,1.05670374,1.035287272,1.011861492,0.990281058,0.962586801,0.939488505,0.922407676,0.901928722,0.8785543,0.863872139,0.850065034,0.864484613,0.887070692,0.883109267,0.827325648,0.847030986,0.882042627,0.89886522,0.920020317,0.931092011,0.919265648,0.896807554,0.874814953,0.844176722,0.802450571,0.755697502,0.731914503,0.711484939,0.688240792,0.664123018,0.631097852,0.583062525,0.550225226,0.564046057,0.611414399,0.600115686,0.584674725,0.569327233,0.553388367,0.54036717,0.525476749,0.50993107,0.493310438,0.476193523,0.463851687,0.460990324,0.460596702,0.461773768,0.463925657,0.466392111,0.469137989,0.472836365,0.475923083,0.479086513,0.483897698,0.489552679,0.495048243,0.499966067,0.505382175,0.511480593,0.518491678,0.524806321,0.530905715,0.536408504,0.541246889
Mp711,CS,2012,WS,CS12_WS,62,64.5,238.75,100.35,3346.5,9.35,95.95,4783.049706,94.654790545,692.745,85,12.5,2.5,15.6666666666667,1.335089414,1.309468068,1.283907769,1.260110985,1.234909753,1.210578187,1.194722868,1.189284175,1.190373738,1.19385932,1.170408962,1.154262815,1.134342547,1.109106487,1.062858643,1.080980057,1.100944704,1.124965421,1.104923498,1.091006813,1.078898507,1.062756083,1.047639502,1.038043871,1.03198726,1.030062333,1.03370168,1.044495738,1.062171185,1.085450238,1.107911867,1.139927703,1.120257308,1.096371377,1.069824607,1.050628079,1.028325841,1.003877975,0.981133733,0.95217521,0.927721629,0.909772108,0.888153727,0.863777491,0.848615471,0.834279734,0.850193193,0.875606251,0.872664918,0.814093554,0.832853469,0.869034252,0.888727821,0.913081088,0.925743906,0.912970928,0.888662798,0.865027545,0.832378516,0.788132597,0.739220928,0.714518254,0.693232506,0.669628179,0.645183348,0.612015803,0.564787395,0.534090501,0.548809336,0.59159198,0.580388212,0.565505777,0.550728222,0.53550857,0.523155227,0.509024472,0.49426833,0.478531738,0.462319937,0.450421952,0.447664236,0.447193156,0.448041432,0.449589332,0.451485035,0.45372763,0.456899487,0.459577001,0.462504099,0.467006052,0.472526237,0.47813736,0.483139544,0.488827543,0.495456332,0.503114596,0.509963229,0.516554255,0.522453196,0.527627452
Mp714,CS,2012,WS,CS12_WS,60,62,227.3,83.8,3164,8.9,103.025,5348.56313,90.07373362,760.265,92.5,7.5,2.5,15.6666666666667,1.309015202,1.284719562,1.26104334,1.239163377,1.216370231,1.194734534,1.18132184,1.176803966,1.177684254,1.179693507,1.157156631,1.14285534,1.125604814,1.104069573,1.061419869,1.074912718,1.091026562,1.112411897,1.094436946,1.082174001,1.071781934,1.058115146,1.045390731,1.037296313,1.032233991,1.03058197,1.033726855,1.042815288,1.057807337,1.077954316,1.097597316,1.125824287,1.109571134,1.089004069,1.066278588,1.050060943,1.031187089,1.010650247,0.991601784,0.967258307,0.946858375,0.931755584,0.913550974,0.892678402,0.879498777,0.866873987,0.880239048,0.900625598,0.895695123,0.845415821,0.864072651,0.895636994,0.909629406,0.928075452,0.937435104,0.926351616,0.906001729,0.885985398,0.85789575,0.819147517,0.775361707,0.752852531,0.733318406,0.711221319,0.688099694,0.655589796,0.607800444,0.574745048,0.588462717,0.635050102,0.623400512,0.607896477,0.592289904,0.57622422,0.563175116,0.548104675,0.532344535,0.515395051,0.498012428,0.485537174,0.482697652,0.482306706,0.483654859,0.485810357,0.488282373,0.491107242,0.494920085,0.498003487,0.501225823,0.506008143,0.511748892,0.517334817,0.522250274,0.527729672,0.534025985,0.541147358,0.547513269,0.553607442,0.559270514,0.564161114
N192,CS,2012,WS,CS12_WS,57.5,60.5,209.55,64.8,1577.5,9.975,104.1,4930.7164275,44.362719175,373.12,80,20,4.01,14.3333333333333,1.302444407,1.278253492,1.254107212,1.231873589,1.208240211,1.185623105,1.171016375,1.165830667,1.166978212,1.169834942,1.147286369,1.131695579,1.112869137,1.089682838,1.047820053,1.063817035,1.081492725,1.102800459,1.084187513,1.071314135,1.060220965,1.04548274,1.031796049,1.02311506,1.017716963,1.016118877,1.019512727,1.029396321,1.045511404,1.066732109,1.087126944,1.116300909,1.097504605,1.075722139,1.051563842,1.034607749,1.01458613,0.992709524,0.972591221,0.946557906,0.924879059,0.908656942,0.889140753,0.866741801,0.852527172,0.839081609,0.853285662,0.87531436,0.871082506,0.81786616,0.838284513,0.872530776,0.888339916,0.908210646,0.918032829,0.905871747,0.883843145,0.862429377,0.832679056,0.792208769,0.746941538,0.723681899,0.703658068,0.681154757,0.657747148,0.625276699,0.577917602,0.545319123,0.558369338,0.603950696,0.593328739,0.578093027,0.562612274,0.546451372,0.533703006,0.519110894,0.503770242,0.48725863,0.470045684,0.457516192,0.454490366,0.453998577,0.455042048,0.457023432,0.459252315,0.46192082,0.465422868,0.468391889,0.471440737,0.476066621,0.481551385,0.486891504,0.491628604,0.496716098,0.502721096,0.509536673,0.515617534,0.521476614,0.52679761,0.531435264
N28Ht,CS,2012,WS,CS12_WS,59.5,61,236.2,97.8,3724.5,9.75,112.55,5697.108665,104.9420912,959.89,95,2.5,3.085,17.6666666666667,1.298296403,1.272547912,1.246867431,1.222950297,1.197788203,1.173726715,1.158260461,1.153026483,1.154358649,1.157579025,1.133826393,1.116916987,1.096695889,1.071835079,1.02647416,1.043462537,1.062421062,1.085405441,1.065568535,1.051795008,1.039886196,1.024130511,1.00950226,1.000230911,0.99444005,0.992567758,0.996131498,1.006536642,1.023619867,1.046210112,1.068111125,1.099371206,1.079320906,1.056063892,1.030437726,1.012117746,0.990928855,0.968008547,0.946785342,0.919936542,0.897534523,0.881162426,0.861569079,0.839450093,0.825690723,0.812624091,0.826747444,0.84857982,0.845022734,0.791406737,0.810394488,0.844451568,0.860613292,0.881603245,0.892251918,0.879924503,0.857374228,0.835563448,0.805574146,0.765184073,0.720701508,0.698295854,0.679048329,0.657507793,0.635065087,0.603812859,0.55832583,0.52756401,0.541376152,0.585634001,0.574876437,0.560279949,0.545888322,0.53088383,0.518595524,0.504466559,0.489755496,0.474055871,0.457939033,0.446338839,0.443700954,0.443410738,0.44469965,0.446861362,0.449250695,0.4519086,0.455609211,0.458582898,0.46166113,0.466306417,0.471874569,0.477304239,0.48206529,0.487394,0.493549186,0.500429607,0.506736327,0.51282225,0.518345574,0.5232003
N7A,CS,2012,WS,CS12_WS,56.5,59,213.35,74.95,3052,9.9,90.075,4509.121574,85.82572013,582.18,90,7,1,16,1.285283189,1.260714535,1.235745457,1.212385446,1.187424845,1.163386409,1.14744328,1.141687334,1.142883449,1.14658066,1.123992292,1.106345455,1.085538188,1.059603903,1.014791231,1.032848196,1.052323248,1.074571543,1.055243747,1.041692946,1.02975365,1.013842642,0.999110338,0.989852608,0.984191083,0.982574036,0.986542096,0.997587543,1.015424968,1.038719351,1.060989333,1.09266722,1.072157098,1.048438417,1.022238837,1.003674904,0.981932111,0.958061071,0.936049993,0.907734141,0.884072854,0.866529648,0.845566121,0.821652641,0.806649136,0.792526714,0.807403639,0.830992679,0.827082909,0.771526666,0.792487331,0.828996098,0.846610235,0.868160056,0.879153044,0.866601596,0.843368184,0.820761196,0.789546016,0.747355084,0.70073911,0.677171019,0.656982577,0.634419447,0.611315026,0.579619947,0.533959878,0.502854722,0.51578481,0.560137507,0.549894824,0.535395442,0.520807548,0.505685274,0.493568177,0.479651123,0.465165993,0.449731153,0.433902677,0.422533733,0.419917788,0.419660086,0.420970787,0.423164348,0.425533471,0.428249408,0.43194271,0.434996752,0.438098453,0.442853405,0.448440781,0.453925272,0.458644222,0.464058438,0.470159117,0.477101568,0.483445815,0.489592471,0.495148963,0.500030108
NC230,CS,2012,WS,CS12_WS,62,65.5,218.4,81.3,3961,9.8,116.825,5852.846001,111.59689675,620.78,90,10,2.395,16.6666666666667,1.342191786,1.316959639,1.291892307,1.268701478,1.244195315,1.220791684,1.206021164,1.201018398,1.201907514,1.204262458,1.180109034,1.163827174,1.144611669,1.12052256,1.073874817,1.089536998,1.107765495,1.130819567,1.111213958,1.097733293,1.086210218,1.070950746,1.05668347,1.047670239,1.041942943,1.04012715,1.043498478,1.053525437,1.070147796,1.092360029,1.114009065,1.144955432,1.126930442,1.104250666,1.079133141,1.061212617,1.040295018,1.017279732,0.996279972,0.96923759,0.94675402,0.930156303,0.910281242,0.887626672,0.873260738,0.859938887,0.874199531,0.896412886,0.892872766,0.837125481,0.855765156,0.889964711,0.906484006,0.927994358,0.93940042,0.927728766,0.905406883,0.883514482,0.853045235,0.811599061,0.765243037,0.741696498,0.721628271,0.698631061,0.674690031,0.64144725,0.593452976,0.560824575,0.575277371,0.62284633,0.611155412,0.595696082,0.580430777,0.564585322,0.551458813,0.536457563,0.520771038,0.504122135,0.487014584,0.47466396,0.471774461,0.471406192,0.472660289,0.474843486,0.477251668,0.480032117,0.483848819,0.486956733,0.490168078,0.494999623,0.500831868,0.50657456,0.511512644,0.517099818,0.5234392,0.53055554,0.537080841,0.543379782,0.548988844,0.553981012
NC250,CS,2012,WS,CS12_WS,58.5,60,204.45,78.75,2758.5,10.275,105.5,4075.1751755,77.22209196,537.94,82.5,17.5,1.5,14,1.290700774,1.266729107,1.243053644,1.221229118,1.198346294,1.17660561,1.162933993,1.158326385,1.159259576,1.161384548,1.139652221,1.124749593,1.107255514,1.085365005,1.042917714,1.056915184,1.073274039,1.092944675,1.07535427,1.063236403,1.052754945,1.038868835,1.025963682,1.017821616,1.01263975,1.011024416,1.014088263,1.023205153,1.038297918,1.05840295,1.078018961,1.106190712,1.089127364,1.068370869,1.045476785,1.029234755,1.010296399,0.989612434,0.970643393,0.946282523,0.925910666,0.910841086,0.892632409,0.871770492,0.858468376,0.845888236,0.859118404,0.879289052,0.875428164,0.824207353,0.84200791,0.87320232,0.887453347,0.905896388,0.915367361,0.904401863,0.884187679,0.864404865,0.836674141,0.79862399,0.75536314,0.733192252,0.713897883,0.691899233,0.668756075,0.636731283,0.589749803,0.557188725,0.570345308,0.616934315,0.60575787,0.59054366,0.575202354,0.559370032,0.546462705,0.531689734,0.516176733,0.49950073,0.482164405,0.469673682,0.466690061,0.466239476,0.467380314,0.469583118,0.471990426,0.474766023,0.478415784,0.481531523,0.484610239,0.489339998,0.495015477,0.500500289,0.505327001,0.510669275,0.51676304,0.5236713,0.529957962,0.535794224,0.541265317,0.54597268
NC258,CS,2012,WS,CS12_WS,62,64,245.1,93.95,4084,9.8,92.3,6033.8177845,115.0455037,827.185,95,2.5,2.32,16.6666666666667,1.308309877,1.283343604,1.258177688,1.234704815,1.209973354,1.186251198,1.170831178,1.165609238,1.166868271,1.170227608,1.146800662,1.130214913,1.110048498,1.085256819,1.040489082,1.05760546,1.076681803,1.100082413,1.08020113,1.066475959,1.054661533,1.038936777,1.024336325,1.015111603,1.009336528,1.007489648,1.010990373,1.021390036,1.038417063,1.060886037,1.082582616,1.113875635,1.095026362,1.072101614,1.04682676,1.028646177,1.007561658,0.984494258,0.963170333,0.935928654,0.913090221,0.896280256,0.876056585,0.853076961,0.838648156,0.82506992,0.839843233,0.862816876,0.85920507,0.804350162,0.824556879,0.859952008,0.87666811,0.898157547,0.909205291,0.897163785,0.874547153,0.85243773,0.821853925,0.780405495,0.73440533,0.711158476,0.691163733,0.668872433,0.645973403,0.614233196,0.568253826,0.537186976,0.550852101,0.5948695,0.584182771,0.569599202,0.554958207,0.539762053,0.52756473,0.51354122,0.498852723,0.483223921,0.467128874,0.455656791,0.453040984,0.452761362,0.453992134,0.456095093,0.458460435,0.461168889,0.464888937,0.468001642,0.471126296,0.475953638,0.481721143,0.487339397,0.492286424,0.497741407,0.504140309,0.511352111,0.517920992,0.524342441,0.53006277,0.535243814
NC264,CS,2012,WS,CS12_WS,56.5,60.5,226.05,82.55,3460.5,10.75,111.9,5112.40137,96.432243435,800,90,9,1.9,15,1.31990944,1.297183166,1.274851983,1.254034851,1.232112501,1.211014303,1.19733422,1.192440682,1.192840363,1.194679567,1.173725075,1.158137509,1.139714472,1.117046104,1.075836773,1.090411831,1.106911469,1.126066011,1.108492237,1.096446606,1.086050828,1.072285892,1.059515476,1.051367921,1.046286969,1.044769503,1.047996176,1.05739824,1.072651911,1.092813108,1.112285057,1.139907708,1.122688377,1.101915773,1.079099716,1.062732626,1.043481194,1.022249825,1.002563806,0.976982747,0.955350019,0.939229657,0.919653002,0.897005068,0.882593646,0.868799241,0.883430755,0.906157165,0.901464733,0.846630682,0.867574711,0.901829882,0.917118294,0.936542814,0.946356812,0.934619657,0.913051576,0.891861341,0.862039374,0.820716763,0.77365949,0.749447113,0.728323808,0.704603928,0.679632187,0.645232883,0.595231494,0.560772508,0.57504047,0.623859295,0.611439413,0.595040382,0.578648009,0.5618689,0.548211087,0.53266013,0.516262221,0.498690317,0.480688085,0.467896534,0.464791883,0.464220119,0.46523748,0.467198299,0.469383263,0.472061585,0.475630486,0.478588654,0.48169776,0.486328103,0.49198301,0.497410456,0.502214704,0.507528647,0.513664136,0.520573257,0.526794033,0.532859311,0.538288154,0.543125617
NC268,CS,2012,WS,CS12_WS,62.5,63.5,224.8,104.15,2145,9.95,79.35,3829.6382365,60.320633165,537.31,95,4,2.5,13.3333333333333,1.260340087,1.233635154,1.206746697,1.181358786,1.154490826,1.128562709,1.11162625,1.105621861,1.107368371,1.111588177,1.087056475,1.068199546,1.045978813,1.018899571,0.971301641,0.990461358,1.011154216,1.035882072,1.015209214,1.000631246,0.98776179,0.970600802,0.954764543,0.944859858,0.93882137,0.937027314,0.941166073,0.952775879,0.971765065,0.996478171,1.020356062,1.054541804,1.033317152,1.008138192,0.980276549,0.960290735,0.937222891,0.9122273,0.889108555,0.859953208,0.835621242,0.817974615,0.796944211,0.773484957,0.759119698,0.745499568,0.759834991,0.782679743,0.780421153,0.724783732,0.743732741,0.779748646,0.797958284,0.820421854,0.831984982,0.81938287,0.795858348,0.773208698,0.742324542,0.701390461,0.657183035,0.635348475,0.617023965,0.596473052,0.575702133,0.546976691,0.50608461,0.479056805,0.491351227,0.530513469,0.521719358,0.509008885,0.496294289,0.483045551,0.472232608,0.460023713,0.447357452,0.433930475,0.420065731,0.409951072,0.407611497,0.407414597,0.408581062,0.410511291,0.412713974,0.415244027,0.4185939,0.421417943,0.424353222,0.428818143,0.434023582,0.439170615,0.443592675,0.448724051,0.454468884,0.461075491,0.46705409,0.472962101,0.47834149,0.48304237
NC292,CS,2012,WS,CS12_WS,61.5,63,209.55,87.65,2226.5,9.4,94.85,3288.890027,62.948746275,622.63,85,15,3.105,17,1.298437509,1.273231297,1.248177601,1.224898898,1.200623511,1.177511217,1.162949582,1.158103075,1.159335154,1.162224596,1.139245986,1.124169179,1.105880793,1.082908506,1.038886061,1.054140008,1.071633575,1.093160758,1.074331422,1.061325274,1.050127657,1.035307304,1.021524875,1.012734684,1.007207228,1.005406272,1.008618692,1.018264072,1.034151857,1.055402091,1.076131358,1.105802156,1.087375571,1.065389794,1.041192964,1.024109257,1.00411784,0.982522813,0.962702907,0.937307464,0.916276203,0.900724822,0.882032827,0.860714322,0.847376624,0.834559504,0.848007736,0.868844387,0.865353064,0.813738336,0.831816344,0.864089358,0.879331668,0.898886248,0.909001638,0.897332283,0.876016101,0.855306865,0.826661619,0.787682561,0.744221814,0.722039655,0.702957204,0.681324917,0.658772778,0.627202395,0.581163339,0.549564216,0.562773777,0.607526711,0.597124493,0.58233059,0.567317208,0.551763208,0.539228953,0.524833217,0.509831289,0.493724979,0.476881346,0.464585808,0.461729879,0.461316248,0.462495256,0.464546865,0.466952293,0.469689152,0.473339836,0.476399532,0.479477443,0.484269183,0.489936447,0.495411699,0.500229864,0.505592259,0.511737422,0.518696037,0.524990005,0.531098311,0.536533812,0.541358396
NC310,CS,2012,WS,CS12_WS,61,62,224.8,91.45,1829.5,10.95,78.05,4190.2457345,50.894796195,454.8,90,10,3.515,17.3333333333333,1.269685712,1.245434235,1.221902531,1.2002398,1.177670475,1.15642937,1.143016935,1.138592239,1.139404371,1.141276784,1.119409126,1.105700356,1.088951272,1.067920223,1.026917562,1.040099166,1.055768852,1.075062797,1.057466122,1.045477395,1.035313043,1.021938326,1.009533719,1.001657253,0.996673633,0.995008408,0.997876729,1.006544924,1.020880746,1.040171955,1.059174509,1.086314264,1.069834626,1.049817886,1.027948595,1.012254757,0.994209631,0.974608836,0.956582534,0.93367148,0.914586614,0.900517687,0.883501704,0.864054312,0.851884449,0.840056793,0.85243051,0.871004672,0.866807288,0.819323395,0.83625692,0.865802803,0.879156425,0.896683391,0.905519242,0.894751674,0.875402737,0.856539021,0.830242774,0.79402686,0.753051401,0.731939734,0.713387885,0.692643785,0.670355594,0.639206388,0.593059827,0.561089689,0.574166741,0.619855813,0.608999675,0.594025,0.579016953,0.56340187,0.550621022,0.536056271,0.520705175,0.504236193,0.487179189,0.474721022,0.471794718,0.471407243,0.472611717,0.474794269,0.477251328,0.479971863,0.483704846,0.486744209,0.489816232,0.494582396,0.500248537,0.505705414,0.510385321,0.515739788,0.521721513,0.52846752,0.534588287,0.540450598,0.545609191,0.550247714
NC318,CS,2012,WS,CS12_WS,61,63.5,240,100.35,5068.5,10.35,104.675,7488.7807515,141.87738325,798.195,90,10,2.27,14.3333333333333,1.324452652,1.301476175,1.27937626,1.258922935,1.237532862,1.217042944,1.204021455,1.199452304,1.199855532,1.200855543,1.179283061,1.164700019,1.147615569,1.126509198,1.085570616,1.098579394,1.113950668,1.133532618,1.116228745,1.104522974,1.094646086,1.081661354,1.06970328,1.062050843,1.057301983,1.05591438,1.059026146,1.067859055,1.082255187,1.101605282,1.120493941,1.147227694,1.130946275,1.111062213,1.089089765,1.073445889,1.055138796,1.034936477,1.016401275,0.99242788,0.972306251,0.957254026,0.939055875,0.917974269,0.90444874,0.891568186,0.904970097,0.9256017,0.920587291,0.868527768,0.887502713,0.918864472,0.93252288,0.950448268,0.959595789,0.948515304,0.928444726,0.908582273,0.880700638,0.841735277,0.797114099,0.773985773,0.753841715,0.73090327,0.706387624,0.672458115,0.623113169,0.588488939,0.602173314,0.651799879,0.639141748,0.622723681,0.606590876,0.589949024,0.57612278,0.560247751,0.543607938,0.525682737,0.507275247,0.494006389,0.490903611,0.49022983,0.491354204,0.493532314,0.495947437,0.498723446,0.502339506,0.505449438,0.508500665,0.513312232,0.518918825,0.524426705,0.52913956,0.534624075,0.540644973,0.547525615,0.553719953,0.559517474,0.564906286,0.569619665
NC320,CS,2012,WS,CS12_WS,62,65,247.65,107.95,4014,9.65,90.55,5930.478456,113.14735364,696.005,87.5,10,2.31,16,1.279264358,1.255462678,1.231986467,1.210384351,1.187465621,1.165518201,1.151273064,1.14623322,1.147021546,1.14925655,1.127647846,1.111282191,1.092207433,1.068806006,1.027024403,1.042583503,1.059826089,1.080294169,1.061932648,1.049298139,1.038327091,1.023675554,1.010179738,1.00155808,0.996153149,0.994432302,0.997644848,1.007161084,1.022831712,1.043498538,1.063483078,1.092023664,1.073873843,1.052365018,1.028550369,1.011673586,0.991867569,0.970143758,0.950160833,0.924368944,0.902838162,0.886791998,0.867569066,0.845611092,0.831801608,0.818688801,0.833178137,0.855709517,0.852604618,0.797603266,0.817436937,0.851297772,0.866776376,0.886544831,0.896499316,0.884425421,0.862477037,0.841039635,0.811301782,0.770941027,0.725867518,0.702989066,0.683470493,0.661234378,0.637964651,0.605709069,0.559302595,0.527934187,0.541695616,0.587641571,0.576425642,0.561231666,0.546188796,0.530718253,0.518115963,0.503796139,0.488822617,0.472851756,0.456486817,0.444810593,0.442133985,0.441817748,0.443001632,0.445049602,0.44735493,0.450042142,0.453685205,0.456790136,0.459890547,0.464597414,0.470215071,0.475724687,0.48061883,0.485976241,0.492164682,0.498971569,0.50538075,0.511515,0.517014663,0.521887864
NC322,CS,2012,WS,CS12_WS,61,64.5,231.15,102.85,4933.5,10.35,114.55,6334.331212,138.18272545,849.15,92.5,5,2.33,14.6666666666667,1.320522441,1.297502144,1.275083155,1.254372177,1.23258151,1.211756048,1.198508738,1.193860872,1.194378674,1.195707189,1.173974572,1.159307135,1.141994083,1.12052295,1.078926898,1.092650437,1.108679109,1.128765292,1.11105936,1.099078268,1.088927131,1.075489484,1.063081768,1.055155679,1.050268888,1.04875639,1.051946521,1.061046998,1.075881304,1.095640154,1.114873645,1.142060324,1.125580563,1.10528672,1.08278874,1.066767369,1.04788677,1.026999598,1.007842356,0.982788453,0.961806321,0.946064927,0.927036603,0.904914989,0.890776973,0.877305058,0.891481069,0.913461839,0.90836574,0.8550319,0.875019599,0.90793753,0.922518219,0.941632218,0.95144737,0.939989101,0.918904228,0.898088087,0.868681272,0.82806694,0.781632413,0.757655422,0.736829022,0.713220281,0.68840158,0.654210477,0.604406882,0.569899616,0.58396093,0.632792006,0.620106471,0.603731049,0.587438448,0.570700595,0.556986862,0.541349302,0.524882804,0.507284449,0.489295874,0.476470862,0.473388384,0.472874182,0.473903912,0.475889864,0.478173682,0.480786711,0.484425017,0.48747222,0.490548462,0.49530684,0.500942734,0.506483869,0.511306648,0.516761092,0.523034676,0.530048253,0.536408469,0.54269082,0.548185163,0.553062343
NC328,CS,2012,WS,CS12_WS,62,64,217.15,83.8,1848.5,9.725,85.2,2730.7029525,52.128900425,430.795,85,14,2.5,16.3333333333333,1.253987299,1.229347604,1.205353434,1.183182025,1.160083805,1.138232078,1.124571081,1.119978301,1.121015301,1.123201755,1.101036139,1.087257181,1.070391313,1.049352116,1.007530876,1.020949397,1.037169328,1.057938464,1.039710581,1.027380516,1.01702296,1.003327825,0.990648787,0.982501776,0.977386383,0.975682736,0.97855099,0.98731691,1.001931736,1.021708454,1.041119608,1.068673615,1.051277663,1.030900989,1.008647264,0.992624756,0.974388138,0.954688253,0.936589409,0.913834738,0.894949134,0.881116836,0.864543176,0.845700068,0.833986046,0.822721609,0.834611767,0.852540143,0.848111661,0.802618684,0.818900999,0.847629271,0.860316919,0.87760523,0.886676642,0.875751751,0.856267989,0.83746084,0.811423198,0.77589286,0.736258023,0.715977861,0.698263313,0.678485146,0.657422003,0.627561419,0.583101094,0.552250965,0.564915056,0.608688778,0.598264258,0.583987206,0.569469404,0.554397086,0.54214357,0.527989549,0.51307848,0.497117912,0.480473504,0.468287619,0.465485583,0.465218011,0.466570129,0.468996642,0.471519673,0.474395376,0.478121274,0.481180646,0.484264226,0.489019393,0.494642213,0.499951692,0.504757899,0.510093475,0.516055151,0.522668568,0.528813835,0.534455779,0.53969862,0.544200801
NC332,CS,2012,WS,CS12_WS,60.5,61.5,246.4,99.05,4515,10.65,99.975,6670.2738445,125.9065001,906.435,90,7.5,2.45,15.6666666666667,1.323119203,1.299954821,1.277329165,1.256346663,1.234296828,1.213107255,1.199490705,1.194708046,1.19518572,1.196722322,1.174735822,1.159353332,1.141294625,1.119026562,1.077098522,1.091256279,1.10771537,1.128121089,1.110206337,1.098007863,1.087656309,1.073963178,1.061328845,1.053311059,1.048365317,1.046924869,1.050252159,1.059648715,1.074908478,1.09519611,1.114850315,1.142747189,1.125739123,1.104932986,1.081915746,1.065527325,1.046246776,1.024910013,1.005319632,0.979857674,0.958475809,0.942433446,0.923136956,0.900741843,0.886393082,0.872750323,0.887034091,0.909233263,0.904394525,0.849981295,0.870187314,0.90368893,0.91872288,0.938016444,0.94790325,0.936200923,0.914938231,0.893969413,0.864573283,0.82389176,0.777379261,0.753423892,0.732650549,0.70901986,0.68413565,0.650037156,0.600597277,0.566281212,0.580331553,0.629122816,0.616754379,0.600480457,0.584420629,0.567885542,0.554291154,0.53878118,0.522394926,0.504932155,0.48708025,0.47434553,0.471360274,0.470884409,0.471963527,0.474000045,0.476390458,0.479097954,0.482819938,0.485857071,0.489071021,0.49397472,0.499715023,0.505414855,0.510331238,0.515907698,0.52223874,0.529403983,0.5359144,0.542145597,0.547681294,0.552713285
NC342,CS,2012,WS,CS12_WS,59,60,237.5,83.8,4530,10.2,108.075,6693.160742,126.6860249,978.625,90,8,1.63,16,1.315847122,1.291364166,1.267432014,1.245149238,1.221961813,1.199800354,1.185662204,1.181153166,1.181919387,1.184360286,1.162036123,1.147733896,1.129953077,1.107090277,1.063434117,1.078272237,1.095410216,1.116191315,1.09749372,1.084757994,1.073909156,1.059525592,1.046021194,1.037479949,1.032040351,1.030200974,1.033236835,1.042622753,1.058083011,1.078717779,1.098893271,1.127834161,1.110638145,1.089281113,1.065701482,1.048585645,1.028901418,1.007357217,0.987455894,0.962051561,0.940669968,0.924901879,0.905868433,0.884212695,0.87055648,0.857642288,0.871856212,0.893785873,0.890098207,0.836371157,0.854313172,0.886798034,0.902401127,0.922509836,0.932843734,0.921351545,0.899851728,0.878803807,0.849509331,0.809220143,0.763995222,0.740865472,0.720727341,0.698167545,0.674282176,0.641291699,0.593203667,0.560817078,0.575202752,0.621326991,0.609468929,0.5938471,0.578450607,0.562499409,0.549472292,0.534583298,0.518975118,0.50229222,0.485154428,0.472808173,0.469860317,0.469380773,0.470380886,0.472244771,0.474388103,0.476941967,0.480345881,0.483366052,0.486400366,0.491090419,0.496766781,0.502326445,0.507195097,0.512746308,0.519106464,0.5263601,0.533025671,0.539304419,0.544984651,0.549906793
NC344,CS,2012,WS,CS12_WS,61,63,246.4,94,2672.5,9.3,74.05,3948.162599,75.825464035,676.5,89,10,2.7,15.6666666666667,1.284762619,1.260442914,1.2362479,1.21402424,1.190589398,1.16829163,1.154087522,1.149164515,1.150026136,1.152295726,1.129599205,1.11448419,1.09609876,1.073404855,1.030441271,1.045441706,1.062767973,1.084421706,1.065901235,1.053161312,1.042295088,1.027955164,1.014758162,1.006386144,1.00119733,0.999624021,1.002975115,1.012589968,1.028375189,1.049305713,1.069628579,1.098706768,1.081306307,1.059944219,1.036273298,1.019535804,0.999861201,0.978350688,0.958539891,0.933036288,0.911692411,0.895853152,0.876737438,0.854815461,0.840833032,0.827741728,0.841532933,0.863225859,0.859296187,0.807194041,0.826564385,0.859649681,0.875205531,0.895122549,0.905506011,0.894141611,0.873005359,0.85226379,0.823312743,0.783625438,0.73888519,0.715961362,0.696184441,0.673805319,0.650683108,0.618549304,0.572076751,0.540270087,0.553985004,0.599482768,0.588371681,0.573427473,0.558432184,0.542948394,0.530370943,0.516004301,0.500897266,0.484823931,0.46838145,0.456654879,0.453989833,0.453642832,0.454901634,0.456985223,0.459284941,0.462061881,0.46558889,0.468673571,0.471859391,0.476550695,0.482249341,0.487782221,0.492691817,0.498152528,0.504346984,0.511501688,0.517863926,0.52399153,0.529512483,0.534594858
NC358,CS,2012,WS,CS12_WS,58.5,60.5,228.6,93.95,3028,9.75,93.6,4473.7580965,85.401480495,635.355,87.5,12.5,2.46,16,1.304522992,1.279445817,1.254700448,1.231857884,1.208107796,1.185581123,1.171367196,1.166782608,1.167693956,1.17023922,1.147870881,1.133252387,1.115430524,1.093131237,1.049776544,1.064199405,1.08142864,1.102771318,1.084115235,1.071559784,1.060904817,1.046981803,1.033937696,1.025656916,1.020367236,1.018621325,1.021628046,1.030897263,1.046203761,1.066922443,1.087227187,1.116175447,1.098451931,1.077171673,1.053885482,1.037213264,1.017993432,0.997265829,0.978135829,0.953949469,0.933874964,0.919028939,0.901241904,0.880878934,0.868040594,0.855846019,0.86888648,0.889029397,0.885074483,0.835630044,0.852867499,0.883366452,0.897436104,0.91640823,0.926463934,0.915617026,0.895244253,0.875402744,0.847750569,0.809901244,0.767082335,0.745094184,0.725918904,0.70427013,0.681376791,0.649347522,0.602204936,0.569429872,0.583162957,0.629083192,0.617265993,0.601884209,0.586465281,0.570495388,0.557460091,0.542371705,0.526598466,0.509447423,0.491879026,0.479102778,0.475988233,0.475359853,0.476399644,0.478255516,0.480457515,0.483013285,0.486438086,0.48940526,0.492320017,0.496893418,0.50230939,0.507563052,0.512220828,0.517427045,0.523334721,0.53023314,0.53621074,0.542015486,0.547317502,0.551987871
NC388,CS,2012,WS,CS12_WS,59.5,61,240.05,104.15,3923,10.75,120.175,3165.405275,109.376370665,811.205,92.5,5,2.49,15.6666666666667,1.285538454,1.25902581,1.233160763,1.209247521,1.184167378,1.160495722,1.145631028,1.140969001,1.142369512,1.145642123,1.12189493,1.106879926,1.088490778,1.065253866,1.019909336,1.035223527,1.053298351,1.076879287,1.057492149,1.044277667,1.033045075,1.018255524,1.004503099,0.995674717,0.990109765,0.988375232,0.991745172,1.001636328,1.017908837,1.039889715,1.061304093,1.091935656,1.073590823,1.051276026,1.026648401,1.009208648,0.988991938,0.967115105,0.947026088,0.921605508,0.900492526,0.885001402,0.866492925,0.845378355,0.832174948,0.819672535,0.832996331,0.85352986,0.849110293,0.799241917,0.817443433,0.849606492,0.864535447,0.884282753,0.894596343,0.883030844,0.861755953,0.841192547,0.812719526,0.774119305,0.731199782,0.709379285,0.690547488,0.669289979,0.647130649,0.616130121,0.570605008,0.539176527,0.552396009,0.596790032,0.586104048,0.571550588,0.556932627,0.541698535,0.529307748,0.514990291,0.499994152,0.483868674,0.467148996,0.455139119,0.452380615,0.45214916,0.453480592,0.45572552,0.458229818,0.461030713,0.464920734,0.467984849,0.471181075,0.475969712,0.481817506,0.487447551,0.492358537,0.497779301,0.504003412,0.511100783,0.51749101,0.523456147,0.529107855,0.533980903
Oh40B,CS,2012,WS,CS12_WS,57.5,60,246.4,82.55,2942.5,9.95,117.325,4347.793655,82.740226245,740.605,92,5.5,1.885,14.6666666666667,1.285589781,1.260495982,1.235232698,1.211424132,1.186331145,1.162207019,1.146301928,1.140578854,1.14178084,1.145179855,1.122084233,1.104706148,1.083838873,1.058143097,1.013231815,1.031075388,1.050234371,1.072250963,1.053137745,1.0397373,1.027947958,1.01222737,0.997797262,0.988755457,0.983356724,0.981903067,0.985983878,0.99705389,1.014834295,1.037982768,1.060211757,1.091998197,1.071976275,1.048305065,1.022194102,1.003339856,0.981575021,0.957840655,0.935789208,0.907782785,0.884132527,0.866806277,0.845947164,0.822458042,0.807959416,0.793875647,0.808516642,0.8317423,0.828901712,0.773010122,0.793499663,0.829473152,0.847147887,0.868562926,0.879261861,0.866595462,0.843492192,0.821102776,0.790382732,0.749004403,0.703455694,0.680485569,0.660917929,0.639031981,0.616320709,0.585292741,0.540936073,0.511102784,0.523960974,0.567782444,0.55792091,0.543773821,0.529612623,0.515022057,0.503134838,0.489655429,0.475586979,0.46052602,0.445000732,0.433797734,0.431264138,0.431019115,0.432343882,0.434472869,0.436835272,0.439521288,0.443186157,0.446220381,0.449318089,0.453936469,0.459553153,0.465009262,0.469715609,0.47499148,0.481050887,0.487838306,0.494079822,0.499986565,0.505364237,0.510162637
Oh43,CS,2012,WS,CS12_WS,56.5,59,227.35,86.35,2363.5,9.45,82.875,3491.996315,66.851530915,528.77,90,10,2.375,16.3333333333333,1.266724091,1.241721373,1.216397683,1.192755289,1.167449895,1.143320245,1.127366176,1.121736658,1.123116725,1.12699728,1.104253833,1.086609532,1.065455376,1.039549368,0.994954867,1.013463625,1.033322004,1.056153464,1.036492684,1.022683864,1.010515195,0.994421997,0.979532513,0.970201685,0.964440617,0.962859848,0.966827735,0.97795672,0.995835892,1.019165577,1.041469654,1.073244613,1.051920868,1.02795019,1.001521318,0.983009065,0.96115476,0.937314564,0.915539065,0.887357716,0.864154083,0.846943413,0.826408321,0.803042459,0.788360923,0.774774567,0.789455455,0.81290764,0.810165539,0.755099178,0.775256235,0.811025868,0.828442019,0.850212136,0.86118907,0.848362147,0.825090047,0.802679079,0.771985266,0.730998596,0.6860776,0.663498307,0.644477818,0.622932143,0.601066307,0.571031574,0.528151267,0.49906048,0.511758613,0.553208259,0.543519651,0.529960991,0.516274,0.502128581,0.490717089,0.477678474,0.464037843,0.449524801,0.434551053,0.423899494,0.421526788,0.421346317,0.422616769,0.424746676,0.427081525,0.429672862,0.433287353,0.436292908,0.43929095,0.443966671,0.449513678,0.454929961,0.4596724,0.464984768,0.471051119,0.478105402,0.48440762,0.490573337,0.496155792,0.501234387
Oh603,CS,2012,WS,CS12_WS,58.5,59,245.1,99.05,2718.5,9.25,104.85,4016.9373045,77.01498712,784.285,80,18.5,3.05,15.3333333333333,1.326222779,1.302824004,1.279778695,1.25830953,1.235728178,1.214087,1.200225576,1.195525374,1.196551156,1.199111283,1.177199256,1.161777619,1.143516513,1.120465874,1.077211819,1.091837909,1.108404561,1.127716667,1.109704936,1.09737818,1.086644738,1.072421108,1.059195894,1.05082569,1.04567983,1.044152051,1.047679739,1.057527381,1.073559071,1.094691933,1.114956624,1.143850976,1.126122994,1.104765365,1.081074452,1.064247252,1.044518901,1.022580978,1.002492377,0.976307468,0.954243068,0.937676338,0.917770285,0.894670966,0.879813193,0.86584588,0.880109595,0.902283845,0.897529279,0.84362929,0.865558476,0.900359082,0.914390318,0.933935477,0.944313759,0.933216228,0.91136774,0.889802528,0.859482944,0.817510516,0.770007885,0.745622606,0.724313717,0.700488985,0.675504319,0.640659255,0.590146994,0.555642235,0.571386719,0.619287049,0.606888108,0.59052776,0.574071031,0.55723607,0.543841721,0.528556269,0.512662898,0.495598421,0.47831095,0.466071564,0.463335836,0.463180949,0.464541429,0.466655508,0.468929877,0.471467667,0.474908534,0.477850402,0.480797318,0.4854926,0.491070514,0.496665288,0.501631986,0.507249844,0.513880631,0.521442254,0.528347368,0.534999647,0.540911475,0.546289801
Oh7B,CS,2012,WS,CS12_WS,60.5,62.5,247.65,90.15,3368,10.3,127.45,4577.856139,94.407510345,798.8,92.5,7.5,2.455,16,1.32468522,1.300822724,1.276901259,1.254529351,1.231071599,1.208542989,1.19392237,1.188809029,1.189576141,1.192275158,1.170198208,1.153597788,1.134318431,1.110585672,1.066571254,1.081986813,1.099652977,1.120394817,1.101419043,1.088621057,1.077661839,1.062987614,1.049412061,1.040636436,1.035148992,1.033418119,1.036707851,1.046475562,1.062558164,1.083993654,1.104734067,1.134317461,1.116360494,1.094514678,1.070478384,1.052998262,1.032911443,1.010915106,0.990418335,0.964433181,0.942372915,0.926174017,0.906611184,0.884331654,0.870501131,0.856837052,0.871196666,0.893423512,0.888914356,0.834850083,0.854735955,0.888680224,0.903856269,0.923688216,0.934160015,0.922663037,0.900899586,0.879582245,0.849781258,0.808867352,0.762961207,0.73950954,0.718976003,0.696417275,0.672346743,0.639250252,0.590680536,0.557413222,0.571300177,0.618855093,0.607123656,0.591493996,0.575787291,0.559608277,0.546499079,0.531444653,0.515638468,0.498692666,0.481281503,0.468789036,0.465791431,0.465433123,0.466671191,0.468919397,0.471296374,0.474159803,0.477846373,0.480946244,0.484132772,0.488897262,0.494626166,0.500146184,0.505105896,0.510547501,0.516710418,0.52384895,0.530189087,0.536292048,0.541872545,0.546708741
Pa91,CS,2012,WS,CS12_WS,59,61.5,246.4,88.9,3925.5,10.05,112.6,5799.9970645,110.2292376,662.12,72.5,27.5,3.27,17,1.305512659,1.281296334,1.257360607,1.234962923,1.211382756,1.188820774,1.174246023,1.168920426,1.169724909,1.172521782,1.151213537,1.135606102,1.117002041,1.093795893,1.052169392,1.068494861,1.086343063,1.106574625,1.088406295,1.075768489,1.064701521,1.050017928,1.036385612,1.027638152,1.022155427,1.020267659,1.023287055,1.032745117,1.048292102,1.068863349,1.088769052,1.117440703,1.098424028,1.076680086,1.052677592,1.035596974,1.015642814,0.993927585,0.973838854,0.94810236,0.92657286,0.910618775,0.891461334,0.869652688,0.855997467,0.843007747,0.857566923,0.880733369,0.8790509,0.823212411,0.840083266,0.872137384,0.8894027,0.911000807,0.922021054,0.910253218,0.888220882,0.866914832,0.837422409,0.797193128,0.752142216,0.729148599,0.709262745,0.686767999,0.662998857,0.630698639,0.584258113,0.553462091,0.568127685,0.612295883,0.601302717,0.586362453,0.571487209,0.556211203,0.543769426,0.529533077,0.514659089,0.498667929,0.482206251,0.47036302,0.467700393,0.467408581,0.468474363,0.470318598,0.47240922,0.474827289,0.478251328,0.481106973,0.484018614,0.488680521,0.494397184,0.500029861,0.5050466,0.510831026,0.517330279,0.524784339,0.531645862,0.538117875,0.543795275,0.548921633
SC212M,CS,2012,WS,CS12_WS,60.5,62,238.75,97.8,4839.5,10.4,103.25,6694.714735,135.3746566,909.37,92.5,5,2.09,14.3333333333333,1.331638883,1.307976367,1.284897806,1.263597684,1.241185364,1.219606028,1.205766988,1.200698355,1.201125484,1.202722788,1.180629458,1.165189948,1.146977143,1.124446789,1.082385152,1.096845516,1.113412186,1.133708083,1.115727509,1.103439734,1.092911049,1.07907539,1.066198561,1.058125412,1.05310029,1.051610242,1.054894861,1.064397774,1.079774837,1.100205122,1.119876409,1.147882005,1.130471734,1.109537193,1.086524021,1.07008979,1.050735663,1.0294028,1.00976074,0.98425493,0.96278372,0.94669579,0.9272604,0.904752235,0.890319799,0.876650744,0.890855904,0.91300627,0.90824305,0.853939236,0.87424314,0.907820367,0.923010447,0.942563439,0.952533777,0.940888519,0.919513207,0.898509175,0.869053494,0.828236599,0.781796926,0.757905085,0.736978396,0.713363466,0.688569668,0.654583437,0.605165626,0.570786426,0.584883691,0.633822166,0.621702885,0.605621606,0.589568213,0.573075149,0.559671496,0.544175948,0.527927977,0.510555687,0.492779554,0.480122046,0.477203788,0.476839469,0.478080248,0.480282047,0.482756198,0.485585921,0.489444724,0.492537836,0.495777359,0.500605446,0.506474841,0.512234657,0.517173125,0.522731262,0.529084361,0.536196119,0.542630446,0.548731015,0.554356953,0.559215466
SC229,CS,2012,WS,CS12_WS,61,63.5,243.8,105.4,3321.5,10.55,91.975,4907.285636,92.61771053,708.795,90,6.5,2.46,16,1.343513569,1.316626448,1.290377427,1.266268397,1.241198394,1.217711048,1.203295691,1.198674669,1.199859174,1.202822135,1.179095226,1.164912966,1.147936712,1.126260109,1.080786555,1.095406526,1.113355625,1.137498781,1.117566112,1.104281316,1.093224582,1.078715856,1.065032889,1.056142976,1.050428523,1.048334011,1.051111985,1.060305276,1.075698712,1.096756829,1.117561196,1.147485731,1.130100571,1.108253505,1.084410227,1.06736279,1.047783215,1.026296571,1.00682823,0.982045243,0.961508264,0.946367607,0.928166304,0.907228132,0.893787898,0.881546494,0.895371335,0.916706967,0.912652039,0.861366855,0.878032853,0.908841811,0.924036159,0.944976263,0.956402713,0.945013097,0.923573387,0.902782935,0.873794901,0.834197043,0.789505568,0.766505055,0.746316111,0.723624155,0.699926759,0.667043238,0.618778147,0.585867466,0.600611543,0.645459934,0.633433464,0.617995378,0.602689998,0.586654257,0.573703375,0.558634055,0.54281862,0.525909229,0.508548856,0.496078805,0.49314539,0.492722417,0.493729857,0.495507811,0.497645936,0.500189962,0.50357925,0.506642236,0.509713796,0.514396659,0.520218049,0.525851923,0.530889282,0.536591828,0.543220465,0.550736584,0.557481335,0.564008303,0.569944114,0.575060495
SC55,CS,2012,WS,CS12_WS,62.5,64.5,256.55,111.75,3532.5,10.05,91.975,5219.0020805,99.49652353,663.5,87.5,12.5,2.22,16.3333333333333,1.320038664,1.29694581,1.274310821,1.253416692,1.231507185,1.21036625,1.196853421,1.192132259,1.19265817,1.194305711,1.172704789,1.157889108,1.140371929,1.118252116,1.076386838,1.090788176,1.107140667,1.126938757,1.109320374,1.097200505,1.086693115,1.072759027,1.059798213,1.051559873,1.046358178,1.044720444,1.047795125,1.056991097,1.072037774,1.091992949,1.11130381,1.138965611,1.122110388,1.101524035,1.078787172,1.062441883,1.043297256,1.022115427,1.002567829,0.977226537,0.955775477,0.93973114,0.920297997,0.897821622,0.883424191,0.86976509,0.884187697,0.906681482,0.902952491,0.847329736,0.866998755,0.900828501,0.916641402,0.936889852,0.94733066,0.935925403,0.914262393,0.893067466,0.863227131,0.821964583,0.77489176,0.750659918,0.729523974,0.705676719,0.680601335,0.646288373,0.596467204,0.562472998,0.576776274,0.624746173,0.612920196,0.59671062,0.580566579,0.563916099,0.550469986,0.535161657,0.51918817,0.502107698,0.484523227,0.47177213,0.4686804,0.468024694,0.468923668,0.470596342,0.472693718,0.475184901,0.47864586,0.481610693,0.484674953,0.489342773,0.494951425,0.500415789,0.505249518,0.510565137,0.516769153,0.523760926,0.53015227,0.536308339,0.541782119,0.546710167
SD40,CS,2012,WS,CS12_WS,59,60,233.7,106.7,3300,9.35,112.225,4875.849559,93.464824805,601.335,85,15,2.025,15.6666666666667,1.334568451,1.30995274,1.285457879,1.262760976,1.23870162,1.21574836,1.200890834,1.195692496,1.196638007,1.199285758,1.176637198,1.160198052,1.140842107,1.117124613,1.072778584,1.088507969,1.106810899,1.129243783,1.109498673,1.096221377,1.084908216,1.069986952,1.056161626,1.047353082,1.041802457,1.040057294,1.043340614,1.053157294,1.069324781,1.090929396,1.111878374,1.141441593,1.121644908,1.099380128,1.074922027,1.057622896,1.037507636,1.015410836,0.995287911,0.969358955,0.94794772,0.932034915,0.912996766,0.891132776,0.877167347,0.864341226,0.878477655,0.900508091,0.896397605,0.843008122,0.862148784,0.895344488,0.910187725,0.930250077,0.940844962,0.928695069,0.906519799,0.885032886,0.855236988,0.814706208,0.769289883,0.746290445,0.726412219,0.703755367,0.680261926,0.647448225,0.599601732,0.566605566,0.580544469,0.627684801,0.61564114,0.600050976,0.584409896,0.568308602,0.555072842,0.539919105,0.523943678,0.506991494,0.489556116,0.477095812,0.474094584,0.473640337,0.474811118,0.476865412,0.479223515,0.481971138,0.485559365,0.488591494,0.491674384,0.496476174,0.502090385,0.507598079,0.512536431,0.517932909,0.524123269,0.531178875,0.537465798,0.543573455,0.549129685,0.553999521
SD44,CS,2012,WS,CS12_WS,56,56.5,229.9,81.3,2023,9.5,86.65,2988.660932,57.14616346,687.04,82.5,17.5,2.455,16.6666666666667,1.262057774,1.236999052,1.211427261,1.187438871,1.161750169,1.13717821,1.120624966,1.114534715,1.116063229,1.12018667,1.09715328,1.07804142,1.055796187,1.028895008,0.985027904,1.004665655,1.024803995,1.047473436,1.028215593,1.014349242,1.001870463,0.985241716,0.970018044,0.96058549,0.954903249,0.953371564,0.957620525,0.96914854,0.987739582,1.011620282,1.034374432,1.06714002,1.045486706,1.020810912,0.993693745,0.974430589,0.951937805,0.927434504,0.904813306,0.875807379,0.851657254,0.833825674,0.812614298,0.788624833,0.773716913,0.759691669,0.774643519,0.79845997,0.796529021,0.739190405,0.759925418,0.796819668,0.815530362,0.837878524,0.848801128,0.83567133,0.81190745,0.789072212,0.75796788,0.716333261,0.671004431,0.648337666,0.629146792,0.60772393,0.585843428,0.556168021,0.514045338,0.485767761,0.498018438,0.538540923,0.529242651,0.515825381,0.50237199,0.488451827,0.477290369,0.464596553,0.451379721,0.437253147,0.422696872,0.412293234,0.409958921,0.409748791,0.410883444,0.412753787,0.414929708,0.417383778,0.420767516,0.423613477,0.426508984,0.431011764,0.436241762,0.441456771,0.445993649,0.451128594,0.457048596,0.463718457,0.469837209,0.475740571,0.481213032,0.486064994
Sg1533,CS,2012,WS,CS12_WS,57,59,222.25,91.45,1186,9.825,89.9,2780.8383895,33.40124745,469.265,74,26,4.54,15,1.366038697,1.340924901,1.316478163,1.294061395,1.270628921,1.248408107,1.234709169,1.230410359,1.231271008,1.233213237,1.209618072,1.195683979,1.179057894,1.15753401,1.112718713,1.126177238,1.142525355,1.163845707,1.145380034,1.132838726,1.122168785,1.10808796,1.094942339,1.086439452,1.08102852,1.079185877,1.08227211,1.091451345,1.106618088,1.127041673,1.147093747,1.175830517,1.159257121,1.138232751,1.115041598,1.098293006,1.078922998,1.057631346,1.038006292,1.012872304,0.991676506,0.976003077,0.95693266,0.935024354,0.921021246,0.907637366,0.921619379,0.942721041,0.937623679,0.884300756,0.903188225,0.936034635,0.950730405,0.970288994,0.980559891,0.969020909,0.947623331,0.926530268,0.896884827,0.85585362,0.8091293,0.785076801,0.76389422,0.740376123,0.715455093,0.680823108,0.629675075,0.59444481,0.608683424,0.657779188,0.645930801,0.62965955,0.613156076,0.596025628,0.582125563,0.566183874,0.549505254,0.53162446,0.513005076,0.499449636,0.496201091,0.495752302,0.496978396,0.499162891,0.501720533,0.5046116,0.508524978,0.511920477,0.515250397,0.520286556,0.526493839,0.532299762,0.537501378,0.543294832,0.549825323,0.557285891,0.563987018,0.570429549,0.576238223,0.581324136
Sg18,CS,2012,WS,CS12_WS,58,61,246.4,111.8,2478,11.2,87.775,3714.489059,68.705673425,488.855,85,15,4.125,18,1.369711178,1.345143343,1.32118067,1.299190591,1.276198562,1.254355619,1.241203494,1.236882194,1.237575633,1.239130863,1.215971445,1.202167239,1.186277749,1.165725542,1.121016063,1.133459817,1.149143639,1.169985305,1.151997582,1.13984517,1.129637349,1.116146929,1.10351052,1.095255315,1.090013901,1.088197415,1.091075143,1.099839162,1.114517517,1.13439756,1.153958928,1.182059155,1.166369921,1.145946661,1.123442152,1.107202622,1.088387329,1.067560309,1.048526605,1.024040228,1.00341304,0.988075525,0.969571144,0.948173008,0.934300362,0.921387383,0.934914056,0.95547856,0.950370624,0.898007921,0.9157341,0.947161431,0.961234804,0.980730643,0.991382229,0.980589395,0.959841712,0.939349155,0.910175364,0.869797599,0.823540213,0.79961866,0.778411866,0.754805949,0.729907962,0.695249266,0.643855194,0.608348009,0.623211005,0.672715706,0.660440875,0.644044332,0.627581925,0.610486712,0.596477113,0.580332851,0.563396447,0.545293895,0.526705497,0.513158199,0.509916578,0.509416411,0.510601753,0.512875588,0.515406356,0.518283422,0.522239341,0.525549679,0.528844568,0.533963828,0.540058484,0.54594794,0.551108191,0.556967649,0.563503917,0.571099681,0.577824128,0.584345146,0.59023868,0.595430687
SynHam2281,CS,2012,WS,CS12_WS,60,61,246.4,109.2,3282,9.4,116.625,4849.023172,92.841049135,619.465,80,20,3.67,14.6666666666667,1.335189279,1.310623942,1.286374583,1.263762186,1.239999239,1.217153457,1.202359133,1.197200796,1.198090787,1.200897031,1.178487247,1.161962497,1.142520715,1.118631129,1.074541083,1.090421333,1.108659034,1.130996242,1.111184336,1.097825156,1.086441633,1.07134396,1.057241588,1.048311807,1.042601185,1.040679901,1.043874048,1.05359905,1.069703688,1.091191734,1.111998278,1.141490612,1.121871179,1.099672816,1.075236693,1.057887292,1.037648932,1.015510027,0.995312928,0.969285674,0.94769432,0.931610189,0.912418649,0.890360258,0.876393725,0.863327936,0.877826862,0.900508741,0.896398665,0.841999127,0.861701164,0.895502588,0.910350053,0.930582345,0.941113969,0.928792256,0.906212074,0.884306726,0.853860123,0.812538245,0.766372752,0.742897489,0.722819989,0.699976346,0.676168068,0.642702345,0.594096703,0.560812635,0.575140554,0.622786896,0.610566575,0.594681942,0.578932101,0.56261612,0.549324044,0.534012359,0.518030969,0.501013954,0.483603781,0.471243453,0.468336867,0.46797062,0.469212839,0.471404027,0.473804122,0.476593972,0.480380229,0.483582397,0.486713603,0.491609232,0.497423759,0.503152704,0.508086309,0.513686738,0.520076078,0.527106984,0.533846935,0.540126585,0.545922587,0.551011044
T173,CS,2012,WS,CS12_WS,59,59.5,232.4,88.9,4327.5,9.95,130.9,6393.54502,121.68015835,993.555,95,1.5,1.94,12.6666666666667,1.306239454,1.279453887,1.252622469,1.227557045,1.201209329,1.175977768,1.159567615,1.153843879,1.154930616,1.158487099,1.133696582,1.115563859,1.09435031,1.06834242,1.021976289,1.039865613,1.059920522,1.084514591,1.063951995,1.049688526,1.037365459,1.020986542,1.005874072,0.996314487,0.990341107,0.988503498,0.992225014,1.003163465,1.021154146,1.045057476,1.068193788,1.101365126,1.080924984,1.056670149,1.029955148,1.010718648,0.988619587,0.964698564,0.942575185,0.914644363,0.891312059,0.8743198,0.854001791,0.831165599,0.816997746,0.803534272,0.817831872,0.840322318,0.83674154,0.782039613,0.801461097,0.836334077,0.853410803,0.875553327,0.887260326,0.875111851,0.852196656,0.829966584,0.799437898,0.758362251,0.713198138,0.690499683,0.671152758,0.649444473,0.62704095,0.5959941,0.551032627,0.520632599,0.534292349,0.577581435,0.566724312,0.552396599,0.538104515,0.52333582,0.511231899,0.497394263,0.482871457,0.467302241,0.451500338,0.440101041,0.437501987,0.437264759,0.43838517,0.44037641,0.442663453,0.445316088,0.4488809,0.451841355,0.454804064,0.459478106,0.46501208,0.470362926,0.475074303,0.480395319,0.486500479,0.493394021,0.499664435,0.505858514,0.511298918,0.516229262
T8,CS,2012,WS,CS12_WS,61,62,241.3,109.2,3068.5,10.6,110.225,4533.1476555,85.77006802,539.475,85,12.5,2.84,14,1.319954454,1.296148743,1.273060721,1.252081403,1.2303405,1.209790008,1.19724037,1.193261087,1.193845197,1.195353275,1.174023498,1.161235049,1.145790193,1.125747169,1.084185196,1.096106887,1.110942288,1.129818053,1.112841175,1.101438243,1.091882517,1.079205496,1.067308679,1.059668761,1.054795132,1.053120208,1.055867269,1.064166518,1.077887326,1.096551691,1.115004249,1.141309669,1.125721186,1.106388207,1.085076135,1.070187268,1.052675493,1.033206148,1.01574185,0.992790133,0.97382737,0.959491031,0.94215766,0.921861949,0.90862482,0.896357559,0.90923852,0.928643699,0.923190276,0.874184621,0.892025802,0.921749434,0.934278241,0.951390673,0.960416823,0.950055706,0.930739255,0.911743932,0.884803495,0.847094741,0.80361106,0.780963381,0.760973536,0.738293026,0.714371893,0.68093325,0.631458274,0.596397817,0.610135467,0.659120048,0.646971773,0.6308424,0.614497681,0.597643563,0.583912355,0.568115441,0.551396785,0.533369686,0.51476296,0.501297677,0.498102781,0.497592532,0.498853063,0.501141776,0.503620671,0.506518619,0.510326613,0.513548901,0.516832113,0.521723312,0.527652833,0.533242354,0.538204081,0.543737884,0.550012036,0.557081993,0.563451679,0.569514624,0.575029347,0.579769702
Tx202,CS,2012,WS,CS12_WS,60,60.5,212.05,88.9,4763.5,9.9,123.925,7037.7559905,134.0029194,715.18,89,11,2.25,16,1.339343333,1.315132981,1.291002843,1.268362432,1.244664523,1.221922964,1.20724861,1.202071532,1.202888788,1.205412301,1.182885923,1.166433657,1.147218433,1.123628233,1.080124551,1.09566314,1.113380587,1.134613479,1.115690716,1.102778234,1.09152926,1.076545608,1.062749624,1.053981526,1.048473786,1.046701479,1.049908847,1.059681259,1.075750935,1.097096812,1.117703336,1.147276165,1.128442491,1.106333498,1.082012615,1.064820076,1.044624642,1.022443597,1.002256947,0.9760919,0.954341079,0.938136531,0.918726564,0.896388518,0.882040361,0.868887527,0.883082089,0.90524929,0.901616679,0.846490474,0.86545084,0.899049796,0.914783625,0.935083337,0.945539911,0.933541389,0.911500622,0.890035476,0.860142958,0.819359361,0.773416014,0.749965506,0.72978394,0.706705503,0.682539134,0.649096192,0.60060013,0.567399754,0.581376784,0.629055232,0.617459757,0.601631668,0.585967256,0.56970623,0.556462683,0.541171322,0.525358784,0.508408625,0.49090926,0.478322826,0.475292848,0.474895473,0.476040139,0.478131339,0.480468855,0.483236769,0.48703018,0.490152547,0.49336284,0.498306774,0.504129277,0.509931879,0.514826694,0.52055591,0.526962683,0.534178146,0.540901328,0.54729391,0.553051592,0.558063492
Tx204,CS,2012,WS,CS12_WS,61,62,248.95,96.5,3675.5,9.55,106.05,5430.9807885,103.84971313,770.69,80,20,4.275,17.6666666666667,1.300245085,1.275287726,1.250192785,1.226742394,1.202174249,1.178685269,1.163576729,1.158380576,1.159560838,1.162646072,1.139428206,1.122919203,1.103407728,1.079200458,1.033901683,1.04996778,1.068201554,1.09070125,1.071588053,1.058427892,1.047113021,1.032056132,1.018102881,1.009310211,1.003906261,1.00229826,1.005993998,1.016394724,1.03337653,1.055797043,1.077557181,1.10848805,1.089015996,1.06611065,1.040827797,1.023019239,1.002148977,0.979336228,0.958477925,0.931702195,0.909529417,0.893091065,0.873502548,0.851088368,0.836826093,0.823696021,0.837874206,0.859739556,0.855481211,0.802810927,0.822322495,0.85634852,0.872216767,0.892528077,0.90293106,0.890930406,0.868896351,0.847496412,0.817706638,0.77733326,0.732366527,0.709517417,0.689825508,0.667691812,0.644961003,0.613383322,0.567186917,0.535386303,0.548848469,0.593963057,0.583250162,0.568511873,0.553595524,0.53809246,0.525567261,0.511209951,0.496118614,0.479981313,0.463372738,0.451478247,0.448829931,0.448576663,0.449908028,0.452248589,0.454767504,0.45759616,0.461451814,0.464517639,0.467724942,0.4725977,0.4783267,0.48402454,0.489039334,0.494560091,0.500855736,0.508117361,0.514552278,0.52081459,0.526451758,0.53148554
Tx205,CS,2012,WS,CS12_WS,60.5,62,248.95,87.6,3444.5,9.3,106.9,5089.172867,97.556762655,893.14,90,10,2.94,19,1.29662002,1.270960869,1.244670067,1.219857883,1.193540321,1.168261884,1.151615951,1.14586721,1.147331911,1.151489081,1.127742934,1.109106439,1.087201351,1.060174644,1.013036037,1.03208779,1.052446944,1.075971747,1.055911996,1.041686997,1.029099773,1.012229811,0.996596793,0.986746638,0.980700321,0.978919878,0.982977751,0.994574728,1.013302765,1.037805639,1.061314267,1.09484676,1.073247312,1.04824717,1.020753834,1.00087564,0.977975064,0.953026376,0.929934754,0.900610197,0.876045733,0.858082327,0.836595737,0.81243595,0.797529728,0.783325822,0.798367136,0.822168314,0.819256951,0.761515985,0.781962754,0.819088629,0.837465716,0.860185971,0.871745434,0.858738188,0.834608502,0.811347178,0.779414266,0.736684069,0.689994601,0.666668894,0.646782872,0.624777964,0.602152573,0.571097252,0.526590738,0.496767413,0.509763635,0.552402113,0.542413779,0.528343602,0.514270994,0.499710609,0.48787082,0.474453946,0.460362544,0.445467744,0.430090124,0.418976565,0.416376006,0.416062034,0.417209779,0.419180051,0.421414059,0.423990167,0.427447868,0.4303899,0.433402929,0.437833549,0.443230094,0.448540013,0.453139125,0.458310528,0.464238173,0.471055028,0.477151953,0.483132828,0.488605746,0.493445157
Tx303,CS,2012,WS,CS12_WS,62,64.5,250.15,110.5,4405,9.95,107.775,6508.3605585,123.96368225,873.955,92.5,7.5,2.125,15,1.26519937,1.240395937,1.216175737,1.193744794,1.170132062,1.147624312,1.132966606,1.127871968,1.128753473,1.1312854,1.108373596,1.092824044,1.074127655,1.051151638,1.009459711,1.025385509,1.04314284,1.065284474,1.046446617,1.033548576,1.022491184,1.007974433,0.994551893,0.986029448,0.980794509,0.979189403,0.982646993,0.992458784,1.008512505,1.029709585,1.050216643,1.079589387,1.061907262,1.040255044,1.016226722,0.99911437,0.979126919,0.957201312,0.936986706,0.910998955,0.889210453,0.873063436,0.853614651,0.83139376,0.817462494,0.804097308,0.818303439,0.840670291,0.836316589,0.784282135,0.803699953,0.837229943,0.854199118,0.87523895,0.886070159,0.874608516,0.853076044,0.831987421,0.802721118,0.762659427,0.717810862,0.69490551,0.675075584,0.653006748,0.630092058,0.598766544,0.553691584,0.523312498,0.536700432,0.579049981,0.568009512,0.553487378,0.539014696,0.524159309,0.512173654,0.498423801,0.483908499,0.46845543,0.452645387,0.441307239,0.43865061,0.438302342,0.439200967,0.440941609,0.442917373,0.445210751,0.448377094,0.451080441,0.453840491,0.458116774,0.463362531,0.468534324,0.473102805,0.478356875,0.484415759,0.49133791,0.497644294,0.5036607,0.509115827,0.513919487
Tx601,CS,2012,WS,CS12_WS,60,62,254,95.25,3554,11.25,101,5250.858752,98.22156948,871.035,92.5,3.5,2.455,16.3333333333333,1.307833366,1.283229268,1.259009144,1.236559225,1.21277239,1.190049126,1.175211358,1.169993078,1.170789776,1.173203509,1.150486609,1.134038734,1.114518612,1.090731368,1.048079059,1.063861195,1.081448783,1.102201753,1.083891085,1.071057793,1.059955302,1.04522663,1.031679279,1.023157371,1.017951845,1.016414838,1.019972117,1.029994552,1.046254833,1.067664446,1.088323749,1.117987299,1.099408604,1.07730936,1.052871757,1.035594581,1.015362013,0.993168937,0.972717524,0.946328516,0.924301259,0.907862344,0.888063865,0.865358406,0.850981951,0.837288598,0.851438083,0.873735118,0.869780553,0.815245073,0.835413863,0.869600159,0.885624272,0.905716427,0.915831617,0.903949411,0.882145661,0.860917792,0.831381959,0.791000991,0.74548043,0.72218946,0.702062554,0.67927318,0.655486726,0.622868093,0.575786013,0.543372667,0.556746065,0.603126414,0.591961159,0.576640758,0.561343172,0.545591635,0.532714681,0.518040177,0.502633586,0.486122016,0.469136273,0.457029572,0.454201787,0.453826349,0.454972175,0.457009646,0.459349732,0.462081535,0.465654962,0.468691158,0.47188125,0.476614665,0.482373899,0.487844972,0.492801631,0.498128915,0.504335771,0.511415318,0.517766173,0.523862195,0.529421385,0.534380788
Tzi10,CS,2012,WS,CS12_WS,62,65.5,255.25,106.65,3513,10.75,129.5,5189.7236685,97.87988548,641.415,85,15,2.515,16.6666666666667,1.346829614,1.320861583,1.296039804,1.2733821,1.249995438,1.227778933,1.21408422,1.209431474,1.209961603,1.212344117,1.192550119,1.181758161,1.167050832,1.147722616,1.110478509,1.12788983,1.147508533,1.172108824,1.151741061,1.138366582,1.12725975,1.112636358,1.098770172,1.089546452,1.083117137,1.080042974,1.080929775,1.087479639,1.099562925,1.11654203,1.133733078,1.159133609,1.140743388,1.120382333,1.098178853,1.082472331,1.064267644,1.044350701,1.026296665,1.003084705,0.983888552,0.96957919,0.952399628,0.932604844,0.920082123,0.909304029,0.926923485,0.956436108,0.965209247,0.901245223,0.905581569,0.9305025,0.953421401,0.983550664,1.00022689,0.987584413,0.963629609,0.941521756,0.911262013,0.869949069,0.823000138,0.798552077,0.776956659,0.752320211,0.725658563,0.690911994,0.643355639,0.61784684,0.639977072,0.671147378,0.65741526,0.641829635,0.627009823,0.612166501,0.60028946,0.586735979,0.572516152,0.557177807,0.541192771,0.529981245,0.5275847,0.526837323,0.525824628,0.524544853,0.52391492,0.524007446,0.524798098,0.526252033,0.52813038,0.531816462,0.537273787,0.543407759,0.549401146,0.556696441,0.565561076,0.576169749,0.585849243,0.59499583,0.602727202,0.608784239
Tzi16,CS,2012,WS,CS12_WS,61.5,62.5,267.95,111.75,2378.5,9.55,67.4,3514.232207,67.161759875,444.03,87.5,10,3.635,19.3333333333333,1.278510581,1.253787252,1.228936816,1.20572416,1.181026947,1.157360291,1.1416993,1.136091435,1.137261691,1.140415882,1.117887971,1.100225928,1.079253232,1.054187981,1.011577823,1.029067456,1.047673309,1.068689823,1.049738786,1.036389764,1.024612902,1.008946857,0.994568017,0.985502056,0.980016326,0.978417947,0.982101059,0.992523319,1.009506972,1.031637386,1.052930034,1.083405737,1.062825126,1.03975904,1.014373106,0.996287087,0.975399135,0.952621647,0.931580476,0.904683568,0.882155366,0.865548334,0.845600999,0.82298383,0.808907895,0.79547505,0.809951437,0.832645478,0.830250508,0.77458509,0.794585225,0.829464124,0.8461761,0.866607447,0.876571865,0.863921197,0.841356647,0.819561084,0.789619043,0.749233572,0.704511858,0.681922999,0.662683498,0.640951327,0.618271836,0.586999459,0.542285556,0.512217211,0.525287644,0.569330338,0.559359737,0.544900316,0.530472548,0.515547555,0.503416478,0.48977679,0.47562622,0.460406542,0.444733246,0.433437664,0.43090513,0.430583221,0.431753833,0.433673507,0.435943433,0.438501836,0.441981776,0.444983538,0.448086994,0.45269941,0.45813619,0.463572436,0.468134378,0.473451175,0.479297862,0.48609645,0.492265438,0.498113114,0.503422718,0.508060645
Va22,CS,2012,WS,CS12_WS,59,61,241.3,88.9,3955.5,10.05,128.45,6376.8898925,111.15691145,923.315,92.5,5,1.89,15.6666666666667,1.325888425,1.301541211,1.277669583,1.255762517,1.232958176,1.211436485,1.198259537,1.193950051,1.19473325,1.196850698,1.175924421,1.162355322,1.145951224,1.125180036,1.083180201,1.096485851,1.112441351,1.131276205,1.113527665,1.10169398,1.091569579,1.078171769,1.065625351,1.057565148,1.052420953,1.050613095,1.053289613,1.06172851,1.075721057,1.094807137,1.113606021,1.140662235,1.123064645,1.102640659,1.080388348,1.065003122,1.04693336,1.027002504,1.009257577,0.986162806,0.967356195,0.95319294,0.936348694,0.916723942,0.903982167,0.892579426,0.905673769,0.925729388,0.923138148,0.872581851,0.88747432,0.915752779,0.92978927,0.948410711,0.958021256,0.94729871,0.92750895,0.908390746,0.881574695,0.844771793,0.802632408,0.780811114,0.761868451,0.739746635,0.716527603,0.684097362,0.636638776,0.604085859,0.618596701,0.664577206,0.652830458,0.637208081,0.621566765,0.605265644,0.592112709,0.576920242,0.560931155,0.543656983,0.525724623,0.512842081,0.509823189,0.509262503,0.510271737,0.512185746,0.514319759,0.516872911,0.520370982,0.523282254,0.526500622,0.531220051,0.53706514,0.542772258,0.547955349,0.553675949,0.560323969,0.567756658,0.574609853,0.581073623,0.586883075,0.591897561
Va35,CS,2012,WS,CS12_WS,59.5,60,242.55,83.85,3193,9.8,115.65,4718.1073905,89.963400715,703.22,82.5,17.5,2.475,14.6666666666667,1.321897487,1.297463195,1.273209842,1.250843741,1.22735287,1.20507453,1.191073447,1.186463068,1.187332679,1.189839004,1.168107234,1.15302618,1.135139845,1.112589099,1.069381056,1.083988681,1.100966148,1.121178717,1.103026117,1.09058625,1.079834225,1.065598975,1.052463195,1.043959599,1.038565794,1.036780219,1.039851927,1.049105516,1.064430933,1.084981976,1.105025687,1.133922773,1.116078403,1.094807986,1.07127445,1.054607028,1.035345285,1.014287108,0.994968742,0.970256721,0.94966683,0.934410287,0.916108139,0.895081531,0.881792374,0.869215272,0.882952433,0.903982348,0.900481273,0.848323396,0.866498294,0.898317619,0.91284838,0.931975242,0.941893631,0.930440609,0.909421805,0.88895747,0.860349949,0.821234835,0.776978689,0.754291549,0.734630458,0.712285009,0.688680169,0.655688591,0.607275585,0.573935465,0.588013498,0.635951477,0.624074225,0.608275963,0.592418967,0.575932758,0.562646798,0.547331224,0.531258032,0.514071642,0.496301,0.483466955,0.480470682,0.48002345,0.48131362,0.483547006,0.485988145,0.488863537,0.492667285,0.495861609,0.49902612,0.503971853,0.509860653,0.515554354,0.520577869,0.526101311,0.532486775,0.539687576,0.546149037,0.552378263,0.557988128,0.562921739
W22,CS,2012,WS,CS12_WS,58.5,60,219.75,76.2,3138.5,9.95,120.9,4637.070096,88.263830955,770.84,80,20,2.855,15.3333333333333,1.314013074,1.289619107,1.265350192,1.242586479,1.218703784,1.195765232,1.180987474,1.176035608,1.17699383,1.179556542,1.157117837,1.141306418,1.122373301,1.098591026,1.054177093,1.070108546,1.088046563,1.108673427,1.089808013,1.076780405,1.065448921,1.050377528,1.0364042,1.0274986,1.021894027,1.020061028,1.023426774,1.033374623,1.049733283,1.071328073,1.092235468,1.121839092,1.102169138,1.079775101,1.055228567,1.037746176,1.017324855,0.995030882,0.97456931,0.948257126,0.926383103,0.910150255,0.890806071,0.868626828,0.85459608,0.841563404,0.855721988,0.877664811,0.874123779,0.820336526,0.838860649,0.872340134,0.888086114,0.908674704,0.919229455,0.907017892,0.88473377,0.863136119,0.833140327,0.792523218,0.747174341,0.724196884,0.704420017,0.68213336,0.65896399,0.626762087,0.579804725,0.547967237,0.561862492,0.60753138,0.596593975,0.581694161,0.566753628,0.55123618,0.538585315,0.524142219,0.509008788,0.493020053,0.476474563,0.464610197,0.461846392,0.461551825,0.462898163,0.465137942,0.46765485,0.470425695,0.474180908,0.477344312,0.480552516,0.485346788,0.491236184,0.496794876,0.501810338,0.507370656,0.513620025,0.520731113,0.527318053,0.533540728,0.539120923,0.54408765
X4226,CS,2012,WS,CS12_WS,57.5,60,232.4,91.45,2161,9.6,103.525,3192.335143,60.962680815,498.31,70,30,3.86,14.3333333333333,1.314700397,1.290083676,1.265850581,1.243478052,1.220041315,1.197849596,1.184034191,1.179303444,1.180055994,1.182111278,1.159739541,1.144827,1.127483566,1.105606137,1.061944621,1.075708926,1.092272708,1.11250631,1.094124448,1.081766691,1.071219228,1.057266284,1.044333596,1.036064934,1.030864609,1.029127468,1.032209368,1.041376172,1.056512214,1.076946277,1.09702531,1.125465257,1.107311066,1.086074578,1.062759375,1.046279456,1.027114243,1.006207317,0.987121103,0.962554161,0.94221579,0.927081919,0.908869671,0.887844483,0.874548987,0.861891267,0.875159327,0.895499354,0.890925514,0.83941367,0.857076588,0.887962558,0.901831271,0.920402655,0.930168778,0.918958908,0.89839632,0.878277615,0.850054708,0.811216654,0.767194391,0.744490675,0.724792355,0.702435787,0.678864003,0.646077312,0.597955816,0.564916203,0.578987313,0.626096352,0.614655755,0.599187833,0.583654159,0.567446256,0.554351766,0.539360966,0.523576478,0.506830486,0.489546302,0.477032101,0.474080797,0.473717561,0.474938523,0.477133933,0.479453545,0.482238216,0.485971375,0.489088729,0.492178463,0.496998026,0.502785905,0.508339313,0.513228075,0.518653966,0.524990046,0.532034472,0.53845243,0.544547341,0.549987659,0.554865013
Yu796NS,CS,2012,WS,CS12_WS,58.5,58.5,237.45,85.1,2984.5,9.5,118.125,5789.8376125,84.37635852,809.465,90,9,1.925,13.6666666666667,1.333389783,1.309296081,1.284872936,1.261631769,1.236925593,1.21296829,1.19704519,1.191282472,1.192349214,1.195838246,1.173157519,1.154727294,1.133250161,1.107154822,1.062157399,1.080568745,1.100016127,1.121649933,1.102486454,1.088850485,1.07668107,1.060430386,1.045364608,1.035918692,1.030132186,1.028439487,1.032485797,1.04365444,1.0617098,1.085116154,1.10730686,1.139029912,1.118060535,1.094138534,1.067655226,1.048540738,1.026365751,1.001911346,0.979233296,0.950074996,0.925508645,0.90731241,0.885451451,0.860591948,0.845033588,0.830259933,0.845708347,0.870193057,0.866909394,0.807225534,0.828692704,0.866376491,0.884672275,0.907067525,0.918280742,0.905087129,0.880899371,0.857437768,0.825022634,0.781182633,0.732582469,0.70803008,0.687036287,0.663475696,0.639261896,0.606164017,0.558669588,0.526658552,0.54019748,0.585851595,0.575163365,0.560025952,0.544839879,0.529115497,0.516471665,0.502074963,0.487104704,0.471195677,0.454732057,0.442891408,0.44016065,0.439763278,0.44083966,0.442774104,0.44495361,0.447549477,0.451068732,0.454027612,0.457059715,0.461644902,0.467196067,0.472510874,0.477249973,0.482445263,0.488572117,0.495511355,0.501800078,0.507838161,0.513380747,0.518285419
A188,CS,2012,WW,CS12_WW,51,51.5,213.35,80,3579.5,12.65,140.05,5288.665458,97.96,801.37,85,12.5,4.205,13,1.304838799,1.280547217,1.256459649,1.233990074,1.210113797,1.186964627,1.171818317,1.166446908,1.167248312,1.170312633,1.14764953,1.131023197,1.11167307,1.087761179,1.043696401,1.060043091,1.078498636,1.100934938,1.082052749,1.068951454,1.057658285,1.042698433,1.028839383,1.020048346,1.014564065,1.012922876,1.016507648,1.026805754,1.043608475,1.065944371,1.087513914,1.118173671,1.099449422,1.076888349,1.051922723,1.033944628,1.013165044,0.990474758,0.96936302,0.942484067,0.919864758,0.903257706,0.883330895,0.86069265,0.846535206,0.832914948,0.847016104,0.869187889,0.864690214,0.810990382,0.830597891,0.86463005,0.880505337,0.901262302,0.912247236,0.900492779,0.878225009,0.856557104,0.826497878,0.785587071,0.740081858,0.716923506,0.696993579,0.674757472,0.651330763,0.619291513,0.572730498,0.540908587,0.554972224,0.600913186,0.589584107,0.574701814,0.559966688,0.544691044,0.53209566,0.517605026,0.502366945,0.486180935,0.469602754,0.457880768,0.455112771,0.454835898,0.456144355,0.458398096,0.46075044,0.463531368,0.467195869,0.470217649,0.47322965,0.47793476,0.483554566,0.489052711,0.49386058,0.499171339,0.505347387,0.512308932,0.518563836,0.524598285,0.5301942,0.535003203
A632,CS,2012,WW,CS12_WW,57.5,59.5,246.4,100.3,4323,13.55,125.2,6387.1653575,116.716,1163.87,96.5,3.82,2.5,15.6666666666667,1.347482876,1.322131927,1.296441048,1.272234032,1.246492533,1.221526822,1.204946953,1.199228672,1.200461464,1.204496019,1.180755372,1.163085923,1.14179719,1.115294672,1.068432713,1.086726343,1.106509916,1.129416306,1.109597913,1.095602582,1.083277602,1.066898636,1.051651266,1.042157821,1.036292188,1.034649149,1.038725614,1.050123187,1.068504632,1.092502144,1.115540733,1.148514583,1.127320805,1.102821768,1.075862841,1.056284083,1.033832886,1.009377839,0.986500203,0.95772252,0.933272789,0.915455093,0.893932029,0.869715455,0.854650288,0.840123296,0.855110065,0.878555353,0.874405637,0.817249223,0.838508294,0.875606384,0.89353305,0.915422468,0.926491606,0.91348531,0.88955767,0.866405378,0.83447203,0.791224407,0.743369634,0.719126961,0.698009468,0.674825635,0.650601728,0.617352344,0.568932129,0.535974469,0.549469339,0.596476011,0.585979806,0.57077862,0.555360205,0.539318332,0.52643021,0.511760013,0.496359137,0.47990658,0.46286042,0.450446772,0.447646911,0.447297498,0.448694778,0.4511048,0.453626693,0.456625187,0.460472758,0.463699423,0.46701011,0.471995013,0.477935636,0.483685458,0.48881983,0.494355128,0.50088953,0.508159398,0.514763931,0.520985317,0.526763633,0.53176398
A679,CS,2012,WW,CS12_WW,59,58.5,231.15,105.4,3927,12.85,115.875,5802.2309445,106.8975,960.735,92.5,2.5,3.425,16.6666666666667,1.315977426,1.29180629,1.267550079,1.24481452,1.220660368,1.19748148,1.182127093,1.176609603,1.17746105,1.180516503,1.158258803,1.140636092,1.119921687,1.09500392,1.051155107,1.067975912,1.086683738,1.108761397,1.089440821,1.076082641,1.064497404,1.049118232,1.034909969,1.025930129,1.020336893,1.018628017,1.022216613,1.032551443,1.049422683,1.07177144,1.093402883,1.123907394,1.10387536,1.080983989,1.055801265,1.037939834,1.0170531,0.994142463,0.973115105,0.946063537,0.923575916,0.906880658,0.886976764,0.864218704,0.849711215,0.836322992,0.850956434,0.873769861,0.869317192,0.814419181,0.834863797,0.869464346,0.884971572,0.905362624,0.915878416,0.903661888,0.881017828,0.85901489,0.828425265,0.786846664,0.740520115,0.716980743,0.696787796,0.674082414,0.650239107,0.617350018,0.569684971,0.536967143,0.551111142,0.598420633,0.586365715,0.570771393,0.555349316,0.539512307,0.526572713,0.5116209,0.496022259,0.479408962,0.462562424,0.450549859,0.447919329,0.447646655,0.449113462,0.451409447,0.453922803,0.456826977,0.460572818,0.463704476,0.466844523,0.471612655,0.477341703,0.48292867,0.487826665,0.493357265,0.499648904,0.506816951,0.51330565,0.519410016,0.525152864,0.530273129
A680,CS,2012,WW,CS12_WW,61.5,61.5,238.75,120.65,2487.5,12.8,103.525,3674.979578,67.6095,704.785,93,2.5,5,17,1.297309061,1.272270528,1.247361317,1.224164811,1.199615841,1.176073137,1.160913227,1.155557508,1.156762107,1.159838277,1.136943468,1.120282044,1.100459757,1.075968712,1.031326527,1.047887931,1.066547468,1.089199531,1.069701634,1.056173591,1.044518546,1.029010798,1.014613771,1.005497622,0.999805845,0.997986056,1.001398413,1.0115947,1.028346403,1.050610856,1.072194998,1.10288271,1.083493261,1.060711013,1.035584875,1.017619921,0.996757949,0.974065736,0.953128805,0.926419665,0.90411814,0.887745378,0.868069488,0.845762463,0.831885275,0.818604153,0.832736913,0.854847848,0.851099064,0.797146749,0.816277913,0.850173601,0.866092638,0.886744888,0.897472863,0.885424199,0.862960765,0.841230471,0.811257277,0.770629578,0.725618482,0.702867917,0.683352754,0.66143033,0.63854274,0.606904003,0.561108928,0.53008295,0.543731749,0.588715557,0.577981048,0.563270744,0.548773187,0.533679913,0.521404031,0.507259853,0.492618155,0.476994995,0.460952414,0.449437486,0.446856321,0.446620915,0.44803392,0.450265656,0.45267676,0.455502712,0.459205697,0.462266579,0.465382237,0.470140195,0.475841425,0.481397247,0.486284942,0.491733037,0.497914438,0.505006494,0.511475412,0.51756653,0.523217944,0.528218019
AAP102,CS,2012,WW,CS12_WW,57,56.5,245.1,110.45,4373.5,14.7,130.425,6461.8514105,116.309,1221.225,92.5,5,3.795,14.3333333333333,1.365701258,1.341997107,1.31862572,1.296974068,1.274316025,1.252432752,1.238479002,1.233869444,1.234139986,1.236364,1.214558339,1.199915673,1.18214485,1.159853073,1.116591003,1.130626967,1.147409124,1.168294805,1.150117313,1.137791294,1.127369322,1.113509238,1.100764531,1.092671996,1.08759584,1.086116918,1.089383448,1.098726745,1.114115926,1.134572018,1.154545969,1.182870197,1.165061849,1.143876149,1.120576472,1.103972013,1.084569196,1.063164769,1.043569918,1.018338216,0.99703575,0.981221936,0.962099118,0.939985604,0.925824707,0.912537847,0.926907032,0.949277113,0.944740811,0.890828955,0.909841457,0.942607976,0.95783307,0.977641193,0.988053954,0.976302464,0.954748701,0.933546243,0.903771322,0.862482263,0.815458576,0.791190053,0.769908673,0.745906912,0.720577965,0.685553111,0.634361618,0.599035339,0.614139174,0.664616966,0.652044432,0.635452532,0.618844431,0.601689391,0.587708364,0.571555397,0.554657462,0.536491101,0.517874353,0.504641848,0.501657114,0.501359173,0.502786909,0.505190321,0.507755897,0.510786295,0.514723831,0.51808563,0.521426143,0.526615496,0.532847102,0.538921526,0.544228815,0.5502542,0.55700851,0.564689639,0.571645901,0.578202499,0.584141795,0.589314295
AAP112,CS,2012,WW,CS12_WW,56.5,57,262.9,115.6,4328,13,136.55,6394.1651125,117.6055,1155,95,3.94,3.835,13.3333333333333,1.360830632,1.336360641,1.31231712,1.290135014,1.267017501,1.244957801,1.231209007,1.22676102,1.227915843,1.231078622,1.209426826,1.195624108,1.178545489,1.156766859,1.113075802,1.127688532,1.14481171,1.165619298,1.146057265,1.133064264,1.122293798,1.108014215,1.09463745,1.086053394,1.080616667,1.078770857,1.081770987,1.091041696,1.106494967,1.127517364,1.148160511,1.177693067,1.161486112,1.140320757,1.116895613,1.100065076,1.080515121,1.059046922,1.039230272,1.013944928,0.992714762,0.977027095,0.958054753,0.936390434,0.922673461,0.909812643,0.924993113,0.947575284,0.941216018,0.885115161,0.903411497,0.937250564,0.955070042,0.975171217,0.984926072,0.971612756,0.949576742,0.928296822,0.898488994,0.857311378,0.810489093,0.786310063,0.76517106,0.741744845,0.717104367,0.683245508,0.633261518,0.598418105,0.610401465,0.659665443,0.6479044,0.631958801,0.615918081,0.599099376,0.585256344,0.569130959,0.551971086,0.533591572,0.514768664,0.500948528,0.497255152,0.496266346,0.496827176,0.498576583,0.500884015,0.503648502,0.507617007,0.5110293,0.514460421,0.519958687,0.526507104,0.53271073,0.538095838,0.544046334,0.550635037,0.557923076,0.564202285,0.570147781,0.57543014,0.58000723
AAP119,CS,2012,WW,CS12_WW,62,62.5,283.2,137.15,6622,12.05,139.85,9783.3502245,181.9815,1283.06,95.5,5.35,2.94,18.3333333333333,1.338934813,1.314692666,1.290080573,1.266683545,1.24190383,1.217595679,1.201187316,1.195233284,1.195933763,1.199827761,1.177411992,1.158966057,1.137172369,1.110672243,1.065228654,1.083485606,1.103250245,1.125893977,1.10624679,1.092509496,1.080480461,1.064519458,1.049736315,1.0404586,1.034830332,1.033247192,1.037303045,1.048558654,1.066689255,1.090283661,1.112912246,1.144931614,1.122722229,1.098492612,1.071841015,1.052952285,1.030845766,1.006697368,0.984384336,0.955672835,0.931660349,0.913853527,0.892467254,0.868103645,0.852605509,0.838190576,0.853699211,0.878374221,0.874125269,0.816241955,0.838314675,0.875382438,0.892708277,0.914457826,0.925549645,0.912420902,0.888323122,0.865071509,0.832905143,0.789423757,0.741159559,0.716671354,0.695699199,0.672016443,0.647565475,0.614156315,0.566213235,0.533350969,0.54748983,0.595363307,0.583732513,0.568190043,0.552773207,0.536912401,0.524002513,0.509134856,0.493660884,0.47713512,0.460298082,0.448461615,0.445921046,0.445730082,0.447235996,0.449661255,0.452137956,0.455078783,0.459004363,0.462236736,0.465454095,0.470417483,0.476354945,0.482238028,0.487175718,0.492965884,0.49949499,0.50682624,0.513520063,0.519869918,0.525771344,0.530902115
AAP212,CS,2012,WW,CS12_WW,58,57,247.65,111.75,3713.5,14.7,138.475,5486.4279195,98.917,1241.4,96.5,4.275,3.815,13.6666666666667,1.370051338,1.347500815,1.325166459,1.304357821,1.282579592,1.261644613,1.248249186,1.243663274,1.243927508,1.245675526,1.224827348,1.209956148,1.192464189,1.170577822,1.12805138,1.141722389,1.157909366,1.178313939,1.160800479,1.148900946,1.138813836,1.125398709,1.112938126,1.104928509,1.099924047,1.098357994,1.101503982,1.110595702,1.125567736,1.145535639,1.165084621,1.192713033,1.175455986,1.154968048,1.132489819,1.116337822,1.097547938,1.076657686,1.05745796,1.032584351,1.011560841,0.995823379,0.976703805,0.954540141,0.940046653,0.926669278,0.941462602,0.964279427,0.959480422,0.90505251,0.925298983,0.958383736,0.972654635,0.991839255,1.002015428,0.990712297,0.969374205,0.948257151,0.918346633,0.876535979,0.828432665,0.803494699,0.781480899,0.756878197,0.730832516,0.694785082,0.642081387,0.605647039,0.621119707,0.673197704,0.659847346,0.642491983,0.625212407,0.607469586,0.593143903,0.576624214,0.559285831,0.540734351,0.521960139,0.508679919,0.505658755,0.505295608,0.506732601,0.509061292,0.51163901,0.514631563,0.518705809,0.522024442,0.525471001,0.530681085,0.536948056,0.543051714,0.548350018,0.554314657,0.56116784,0.568804444,0.575862879,0.582440995,0.588615974,0.59378348
AAP235,CS,2012,WW,CS12_WW,60.5,61,274.3,121.95,5335,13.45,142.875,7881.5874605,144.198,914.38,95,2.5,3.29,13.3333333333333,1.352023445,1.329403073,1.307036042,1.286387027,1.264728864,1.243731573,1.230443618,1.225760883,1.22604825,1.227746649,1.206595312,1.19249722,1.175703708,1.154377232,1.11220071,1.125692879,1.141697629,1.161818982,1.1447006,1.132951528,1.122887168,1.109564795,1.097134598,1.089143552,1.08416521,1.082613639,1.085688656,1.094708525,1.109569974,1.129488899,1.148817893,1.176416233,1.159774441,1.139453246,1.116978577,1.100874431,1.082100241,1.06130474,1.042055102,1.017252993,0.996193138,0.980468392,0.961383697,0.939283158,0.925088576,0.911446867,0.92516964,0.946945741,0.942309607,0.888198564,0.90722352,0.939674617,0.95431929,0.973890316,0.984362205,0.973411787,0.952332934,0.931500616,0.902146461,0.861230463,0.81416355,0.789762608,0.768261673,0.744091087,0.718385328,0.683151473,0.631512376,0.595456385,0.610347038,0.661021961,0.648502446,0.631745572,0.615020873,0.597765618,0.583644454,0.567460538,0.550373447,0.53208031,0.513467844,0.500123858,0.497009055,0.496515359,0.497657892,0.499914118,0.50235056,0.505214108,0.509122396,0.512364974,0.515689633,0.520762374,0.526860361,0.532715638,0.537794539,0.54358628,0.550114252,0.557532312,0.564206042,0.57067651,0.576390667,0.581540878
AAP236,CS,2012,WW,CS12_WW,59,59,264.15,121.9,6211.5,15.25,142.55,9177.7571575,164.731,1079.55,90,3.5,2.915,14.3333333333333,1.378844625,1.355686227,1.333202028,1.312569684,1.291049927,1.270545343,1.257898677,1.253717603,1.253979847,1.255322698,1.233845601,1.22079187,1.204765268,1.184190098,1.141571797,1.154155391,1.169638642,1.189668938,1.172145653,1.160439675,1.150569655,1.137562491,1.125367779,1.117514195,1.112474991,1.110781408,1.113541402,1.122037298,1.136064609,1.155183172,1.17390842,1.200469179,1.184586612,1.164898391,1.143176243,1.1276567,1.109472709,1.089334884,1.07073906,1.046635122,1.026281807,1.010966388,0.992396588,0.970702502,0.956596888,0.943311424,0.957546193,0.979460704,0.974329489,0.920470121,0.938947658,0.970487394,0.984932157,1.004372843,1.014611385,1.003740704,0.98306454,0.96257448,0.933359992,0.892285739,0.844617858,0.819807173,0.797905543,0.773102409,0.746830538,0.71057976,0.657692459,0.62117605,0.636798422,0.688443338,0.674725491,0.657374347,0.640161231,0.622503493,0.608055818,0.591453909,0.573902524,0.55524393,0.536251393,0.522820477,0.519645095,0.519189429,0.520389875,0.522473094,0.524837575,0.527661197,0.531375323,0.534540514,0.537767974,0.542846143,0.548951598,0.554887192,0.560182139,0.566117146,0.572895001,0.58064636,0.587590133,0.59427325,0.600311916,0.605583053
AAP239,CS,2012,WW,CS12_WW,61.5,61.5,260.35,113,5619,13.25,125.175,8301.083344,152.248,1198.315,95,3.42,3.065,14.3333333333333,1.370548982,1.34556085,1.320736582,1.297638446,1.27295453,1.249230107,1.233693258,1.22829749,1.229118615,1.232145707,1.208375091,1.191411246,1.171375043,1.146478457,1.100060586,1.116842484,1.136030088,1.160102486,1.140190828,1.126469914,1.114752403,1.099139438,1.084701095,1.075453253,1.069767143,1.068057202,1.071760203,1.082360628,1.099744412,1.122709792,1.144959156,1.176801769,1.158103534,1.135018921,1.109358523,1.09097309,1.069371329,1.045635385,1.023696307,0.995389306,0.971625167,0.953968524,0.93273833,0.908354352,0.89281659,0.878298869,0.893805571,0.918046225,0.913154852,0.856259047,0.877802439,0.914787969,0.932327347,0.954941756,0.967096409,0.95511984,0.931662227,0.908657248,0.876530345,0.83245319,0.782984556,0.757778474,0.735841539,0.71142566,0.686133926,0.651621085,0.601574191,0.567397229,0.58220801,0.630815554,0.618641376,0.602538985,0.586563814,0.570183666,0.556793344,0.541320492,0.525185793,0.507970203,0.490450641,0.478002118,0.475132414,0.474753084,0.475975577,0.478130047,0.480555677,0.48338867,0.487226915,0.490380485,0.493667763,0.498649006,0.504592096,0.510326669,0.515496324,0.521190005,0.527832243,0.535305653,0.542147446,0.54869919,0.554652442,0.55987458
AAP240,CS,2012,WW,CS12_WW,61,61,265.45,115.55,6439.5,16.05,150.975,9513.858391,168.8455,1395.49,96.5,3.74,3.31,13.6666666666667,1.356958255,1.332399553,1.307978938,1.285293091,1.261134377,1.237753713,1.222595356,1.217374573,1.218176307,1.221037853,1.197882236,1.181158306,1.161392576,1.13676264,1.090855533,1.107148604,1.125958287,1.149192836,1.129501329,1.115953999,1.104395491,1.089024252,1.074670397,1.065555507,1.059805269,1.058002956,1.061546038,1.071951183,1.08896332,1.111471661,1.133197522,1.164144204,1.145581983,1.122816099,1.097603046,1.079265985,1.058084977,1.034815479,1.013106576,0.985352158,0.961821518,0.944448123,0.923471581,0.89952172,0.884511544,0.869946904,0.885303267,0.909527189,0.904615272,0.847740277,0.869259446,0.90582141,0.922653167,0.944664015,0.956342198,0.944179747,0.920788015,0.89782936,0.86576398,0.821890175,0.772705163,0.747562896,0.725807488,0.701793226,0.676558506,0.641921514,0.591749521,0.55765582,0.572362826,0.621155278,0.609026716,0.592906212,0.576870404,0.560388172,0.547046214,0.531747092,0.515645568,0.498642567,0.481322468,0.468916891,0.466107346,0.465823694,0.467122138,0.469468429,0.471825342,0.474665567,0.478593525,0.481801353,0.48497741,0.489936449,0.495915709,0.501652224,0.506731381,0.512415418,0.518945788,0.526323225,0.533020235,0.539402576,0.545356535,0.550558979
AAP241,CS,2012,WW,CS12_WW,59.5,58.5,267.95,124.45,6966,13.85,124.1,10292.0970585,187.025,1409.68,95,3.3,2.36,14.6666666666667,1.368449525,1.344023702,1.320225514,1.29818882,1.274991896,1.252678786,1.238526636,1.233767472,1.234218769,1.236345698,1.214255924,1.199455232,1.18114737,1.157900989,1.112993035,1.128385481,1.146298739,1.168088718,1.148852981,1.135811353,1.124673311,1.109950475,1.09621379,1.087417642,1.081869173,1.080022918,1.0831098,1.092607777,1.108316596,1.129260172,1.149728707,1.178609889,1.159708436,1.137700536,1.11347546,1.096200818,1.075937588,1.053577463,1.032999584,1.006376751,0.984034218,0.967382618,0.947273912,0.924120552,0.90925831,0.895724159,0.911978531,0.937232525,0.934541084,0.875747485,0.89415218,0.928364248,0.946204725,0.968611336,0.980224637,0.967670177,0.944353895,0.9216824,0.88994266,0.846413588,0.797115974,0.771976153,0.750290474,0.725552939,0.699556828,0.664146603,0.613917932,0.58088681,0.596884027,0.645105578,0.631826384,0.61524844,0.599174237,0.582739761,0.569215464,0.553749609,0.537576072,0.520405705,0.502974049,0.490580715,0.487810406,0.487445765,0.488532011,0.490463749,0.492573229,0.495133242,0.498703843,0.501621234,0.504820757,0.509650261,0.515652356,0.521638984,0.526956313,0.533063947,0.540024797,0.547982216,0.555221976,0.562171131,0.568361142,0.573718761
AAP242,CS,2012,WW,CS12_WW,61.5,61,270.5,123.2,6931.5,13.8,136.1,10240.80452,186.532,1300.12,95,5,2.73,15.3333333333333,1.411597775,1.386860857,1.36258202,1.340082464,1.316514542,1.293731159,1.279213922,1.274272805,1.274823127,1.277140564,1.254834225,1.240534291,1.22293335,1.20054068,1.156654679,1.172215607,1.190449407,1.213469351,1.194096616,1.181019864,1.169970349,1.155313499,1.141519963,1.132627714,1.126848355,1.124761319,1.127586758,1.136716859,1.152112668,1.17288219,1.193111247,1.222178917,1.203942325,1.182126352,1.158110027,1.140701914,1.120460922,1.098120185,1.077447939,1.050892836,1.028413003,1.011728811,0.991512577,0.968201766,0.953303217,0.939593425,0.956197144,0.98200603,0.979112708,0.920188782,0.936673839,0.96967312,0.988860627,1.013087801,1.025824524,1.013958575,0.990747615,0.968095694,0.936111702,0.891841294,0.841293705,0.815204247,0.792137245,0.766393561,0.739143844,0.702509063,0.650362127,0.616744617,0.634060333,0.68082555,0.667216701,0.650379054,0.633935655,0.617149418,0.603490622,0.587711283,0.571250756,0.55353236,0.535394876,0.522444617,0.519503078,0.519039357,0.519942025,0.521484698,0.523269064,0.525493189,0.52861825,0.531443017,0.534464836,0.539230173,0.545324817,0.551532064,0.557279826,0.563769576,0.571487727,0.580164078,0.588056163,0.595438718,0.602092405,0.607654386
AAP244,CS,2012,WW,CS12_WW,60.5,59,256.55,110.5,6610.5,13.63,132.075,9766.5532695,178.26,1450.86,96.5,2.615,2.48,16.6666666666667,1.369648824,1.346751465,1.324087147,1.303034605,1.281080378,1.25984588,1.246332962,1.241742414,1.241995266,1.243781453,1.222036775,1.207833002,1.19109141,1.169549905,1.125944626,1.13908946,1.155098345,1.175691837,1.15805905,1.146138456,1.136191638,1.122880493,1.110486053,1.102543661,1.097499007,1.096008381,1.099182905,1.108321535,1.123416514,1.143658382,1.163421223,1.191464625,1.175562802,1.155209757,1.132703999,1.116308093,1.097325577,1.076299048,1.056698093,1.031546001,1.010050607,0.99416445,0.974690944,0.952249114,0.937740238,0.923873428,0.938157868,0.960447035,0.954457451,0.901157942,0.921185631,0.954517899,0.969221035,0.988955012,0.999702324,0.988958043,0.967808159,0.94677737,0.916881022,0.874908325,0.826654368,0.801572343,0.779278236,0.754631851,0.728474425,0.692522978,0.639555648,0.602669784,0.617780735,0.669481309,0.656296149,0.639161243,0.622034496,0.604413615,0.590038924,0.573497194,0.556026067,0.537396224,0.518445251,0.504842091,0.501647527,0.501222164,0.502456807,0.504803316,0.507301755,0.510277952,0.514226131,0.517523657,0.520891784,0.526063059,0.532248109,0.538177053,0.543333326,0.549223459,0.556025239,0.563561723,0.57036048,0.57690214,0.582940053,0.588217996
AAP245,CS,2012,WW,CS12_WW,59,59,265.45,106.7,5159,13.3,134.65,7621.9111585,139.7025,1248.91,90,5,3.51,13.6666666666667,1.417985253,1.393978733,1.370264124,1.348123568,1.325047258,1.30257591,1.288209113,1.28297018,1.283374931,1.285475542,1.263404253,1.246929044,1.227811141,1.204239884,1.159561876,1.174661772,1.192197382,1.213185544,1.194147436,1.18119962,1.170108042,1.155475655,1.141745988,1.133057147,1.127619917,1.12588051,1.12917054,1.13897565,1.154937999,1.176276731,1.196850555,1.226036305,1.206641355,1.184539086,1.160342701,1.14250714,1.122255685,1.099919068,1.079080165,1.052521282,1.02973538,1.012939887,0.992499959,0.969029413,0.954075944,0.939712921,0.95520201,0.979260565,0.974945908,0.915347921,0.93648633,0.971872035,0.987523595,1.008318247,1.019225493,1.006393704,0.982881428,0.960013095,0.927971902,0.883699239,0.833380843,0.807545512,0.784739059,0.759513107,0.732495665,0.695207755,0.640980646,0.60387327,0.619580954,0.672742248,0.65936989,0.641601789,0.623970266,0.605884241,0.591097611,0.57418778,0.556444677,0.537562908,0.518258442,0.504382879,0.501094006,0.500609699,0.50183846,0.504033894,0.506525953,0.509486549,0.513340061,0.516624611,0.520016769,0.525192619,0.531297133,0.537396556,0.542570184,0.548470781,0.555287138,0.562923424,0.569771839,0.576551425,0.582427349,0.587624051
AAP258,CS,2012,WW,CS12_WW,60,61.5,288.3,124.45,5958.5,14.05,147.875,8803.489986,160.047,1597.335,96.5,3.655,3.515,17,1.377587417,1.353582886,1.329910223,1.307959676,1.285016706,1.262753442,1.248763833,1.244073191,1.244626519,1.246531763,1.223657631,1.209295358,1.191569474,1.168952546,1.123928947,1.137924241,1.154896829,1.176597262,1.157999501,1.145406967,1.134772992,1.120804329,1.107697222,1.099442483,1.094203941,1.092522465,1.095742327,1.10526642,1.1208577,1.141831065,1.162348294,1.191511078,1.174653283,1.153427221,1.129810845,1.113101585,1.093409221,1.071545826,1.051532118,1.025448532,1.003557218,0.987157148,0.967392516,0.944334482,0.929478422,0.915513883,0.929832842,0.952170234,0.946794143,0.891843734,0.91118288,0.944764603,0.959986753,0.980426181,0.991336984,0.980118088,0.958591538,0.937219535,0.906961668,0.86480658,0.81637314,0.791309251,0.769506797,0.744650971,0.718759281,0.683137041,0.631079067,0.595000947,0.610375656,0.661277903,0.648336291,0.631460619,0.614721349,0.597441597,0.583303933,0.566988705,0.549869835,0.531595117,0.513000714,0.499759859,0.496667557,0.496210973,0.497415619,0.499605528,0.502065289,0.504883086,0.508718015,0.511904678,0.515163811,0.520090182,0.526073614,0.531950477,0.536959483,0.542734178,0.549276836,0.556795288,0.563541126,0.570014226,0.57592822,0.581123068
AAP261,CS,2012,WW,CS12_WW,59.5,58.5,271.75,133.35,6081.5,13.7,157.85,8984.664164,163.802,1327.605,96.5,3.505,3.4,15.3333333333333,1.392007853,1.367239469,1.34197439,1.318091724,1.292607825,1.268076575,1.251741509,1.245817783,1.246717383,1.250305142,1.226965083,1.208284761,1.186734693,1.160206849,1.113984869,1.132016592,1.151523325,1.173956704,1.154475045,1.140719227,1.128549948,1.112391949,1.097490731,1.08803248,1.082306389,1.080718102,1.08475752,1.096098306,1.114380009,1.138267281,1.161116626,1.193778236,1.17231863,1.147853531,1.121070047,1.101741471,1.079398491,1.054883101,1.032215851,1.003120486,0.978583236,0.960479341,0.938648455,0.913813969,0.898051985,0.883189522,0.898780993,0.923384686,0.91915668,0.85989965,0.88203432,0.919697471,0.937592075,0.959767062,0.970995487,0.957984352,0.933898156,0.910441906,0.877852568,0.833455193,0.783734194,0.758343597,0.736333286,0.711790726,0.6862451,0.651166543,0.600221373,0.565256516,0.580136522,0.629606813,0.617877413,0.601606744,0.585118809,0.56810792,0.554474349,0.538884221,0.522398236,0.504880662,0.486877519,0.473991313,0.471137472,0.470864103,0.47229529,0.474692358,0.47730695,0.480289232,0.484337324,0.487702662,0.491088953,0.496240704,0.502546383,0.508622186,0.513959172,0.519925281,0.526794229,0.534487298,0.541394241,0.548116685,0.554203278,0.559525903
AAP266,CS,2012,WW,CS12_WW,59.5,60.5,281.95,135.9,5374,14.05,130.7,7940.019681,144.1785,1176.19,95,2,2.68,14.3333333333333,1.413548004,1.389393963,1.365301426,1.34284867,1.319168248,1.296144416,1.281454944,1.276559454,1.276901963,1.279170692,1.256113509,1.2405051,1.222077918,1.198595904,1.151955277,1.166688079,1.184345173,1.207105749,1.188167088,1.175267918,1.164253995,1.149665106,1.13604541,1.127364146,1.121949347,1.120177281,1.123608371,1.133501452,1.149836403,1.17173843,1.192988343,1.223310796,1.205619423,1.18346168,1.158998718,1.141201043,1.120707026,1.09802721,1.077044306,1.050218352,1.02747266,1.010671702,0.990295069,0.966880878,0.951943047,0.937705318,0.952218066,0.975144993,0.97023156,0.913242795,0.932711537,0.967160913,0.983192808,1.004566065,1.016295886,1.004907659,0.98250076,0.960354592,0.929150873,0.885893428,0.836345817,0.810852291,0.788365472,0.763294019,0.736783585,0.700405661,0.647033701,0.610189661,0.625936531,0.678153414,0.664975846,0.647761565,0.630659688,0.613015012,0.59849025,0.581726138,0.564108992,0.545383053,0.526313921,0.512589415,0.509406645,0.5089529,0.510103135,0.512315438,0.514717887,0.517636078,0.521550509,0.524829351,0.528192105,0.533337711,0.539475183,0.545476139,0.550697169,0.556618486,0.563312094,0.57089954,0.577721819,0.584439594,0.590328032,0.59553442
AAP267,CS,2012,WW,CS12_WW,60.5,61,284.5,133.35,5869.5,12.95,140.375,8671.945156,159.565,861.93,82.5,15,3.145,12.3333333333333,1.401435815,1.377318514,1.353426891,1.331360794,1.308279958,1.286168986,1.272587284,1.268132524,1.268720025,1.270361562,1.247296532,1.232266115,1.215041209,1.193055007,1.14683774,1.159975593,1.176374626,1.198373129,1.18001464,1.167356685,1.156630174,1.142458484,1.129102419,1.120569264,1.115188104,1.113406876,1.116437819,1.125634857,1.141034667,1.161881074,1.182291626,1.211611925,1.194788549,1.173457837,1.149957486,1.132979621,1.11338305,1.091720509,1.071870956,1.04646999,1.025072474,1.009335833,0.990281102,0.968422541,0.954326579,0.9413502,0.954941471,0.975878584,0.972057939,0.916070789,0.933234087,0.965227426,0.980046405,1.000025709,1.011049095,0.999976051,0.978754486,0.957712445,0.928204078,0.887233381,0.840506722,0.816518609,0.79555446,0.771551829,0.746104561,0.7109428,0.659313021,0.62363927,0.638740301,0.690057386,0.677453393,0.660758236,0.644216688,0.626880466,0.612611898,0.596272043,0.579163199,0.560795744,0.542057383,0.528287686,0.524984713,0.524460365,0.525626882,0.527885631,0.530389807,0.53340388,0.53735499,0.540677654,0.543989845,0.549163002,0.555355014,0.561366524,0.566615229,0.572431988,0.57909809,0.586640777,0.593473921,0.599937617,0.605905582,0.611152868
AAP275,CS,2012,WW,CS12_WW,60,60.5,271.75,101.6,6477.5,16.25,135.55,9570.6806075,169.458,1077.88,92.5,2.5,1.5,15,1.413532315,1.387801597,1.362794493,1.339725257,1.315735666,1.292639492,1.278536746,1.274174047,1.274706214,1.277207549,1.254145414,1.241586651,1.22528078,1.203752212,1.158316912,1.172450349,1.189915913,1.212752607,1.193403507,1.180466636,1.169752051,1.155639129,1.142108281,1.133360125,1.127581057,1.125383175,1.127925183,1.136796089,1.151761797,1.172361521,1.19286218,1.222294337,1.205211186,1.183592954,1.159772727,1.14286979,1.123081212,1.101067489,1.081103827,1.055285372,1.033794768,1.017752704,0.99842967,0.976028445,0.961421846,0.948432673,0.963951759,0.988020494,0.984402144,0.9277988,0.942746739,0.973828284,0.991955246,1.015168377,1.027357986,1.015949584,0.993723119,0.972167564,0.941430632,0.898818,0.849745767,0.824277096,0.801475573,0.775781047,0.748763365,0.71198268,0.65856111,0.62327731,0.640438535,0.687532256,0.67393909,0.656797262,0.639636743,0.622060001,0.607838842,0.591423406,0.574067349,0.555355407,0.536111312,0.522101639,0.518789301,0.518166384,0.518934539,0.520357385,0.522123406,0.524430349,0.527483051,0.530283328,0.533266894,0.537960216,0.543936207,0.549998709,0.555540003,0.561895466,0.56937439,0.577878195,0.585709827,0.592911317,0.599472094,0.605084994
AAP281,CS,2012,WW,CS12_WW,58.5,58,252.75,118.1,7420,15,147.9,10962.18617,197.014,1182.84,95,2.5,3.355,14.6666666666667,1.375184433,1.35265531,1.330313411,1.309502637,1.287604128,1.26626949,1.252343658,1.247268199,1.247441939,1.249455871,1.228390236,1.212957725,1.194736016,1.17217139,1.130371499,1.145355584,1.162453105,1.182948274,1.164744226,1.152309304,1.141650171,1.127478114,1.11421541,1.105761944,1.10049253,1.098803462,1.101977347,1.111334935,1.126727066,1.147006367,1.166623185,1.194190802,1.17581407,1.154663164,1.131323871,1.114567102,1.094928468,1.073059367,1.052843268,1.02650702,1.00418614,0.987452339,0.967110501,0.943647528,0.928475198,0.914264611,0.930207844,0.954963029,0.950384745,0.892209973,0.912855897,0.947638588,0.964281055,0.98559478,0.996633033,0.984401061,0.961518688,0.938959261,0.907312591,0.863410379,0.813322397,0.787493156,0.76487773,0.739577484,0.712748893,0.676364342,0.623843851,0.58865705,0.604491635,0.654347372,0.640903781,0.623755947,0.606824224,0.589599943,0.575573722,0.559476157,0.542598985,0.524593929,0.506364046,0.493462675,0.490469279,0.490104825,0.491207446,0.493164904,0.495382648,0.497972929,0.501623834,0.504717653,0.507873344,0.512717091,0.518919851,0.524845798,0.530161059,0.536190479,0.54315447,0.551130796,0.558356581,0.565221754,0.57147571,0.576763003
AAP297,CS,2012,WW,CS12_WW,60.5,61,270.55,125.75,4591,13.95,144.775,6782.6177605,123.2915,1265.97,90,5,4.76,17,1.376888246,1.352378365,1.328620129,1.306991877,1.284481047,1.263059241,1.2502209,1.246269602,1.246641915,1.247690265,1.225151787,1.212499391,1.197051177,1.176784007,1.131885321,1.143323047,1.158281324,1.178567025,1.161514464,1.149870441,1.140211904,1.127321817,1.115306108,1.107565232,1.102579095,1.100884575,1.103715029,1.112239993,1.126424634,1.145987933,1.165369798,1.193215478,1.178317344,1.158289791,1.136194696,1.120587076,1.102253571,1.081994217,1.063695779,1.039875225,1.020225842,1.005444128,0.987673358,0.966839594,0.953255224,0.940649104,0.953400424,0.973009613,0.967954557,0.917091472,0.933494059,0.962881255,0.976071234,0.994524206,1.004683077,0.994580573,0.974972148,0.9556263,0.927944098,0.889066054,0.843851808,0.820141767,0.7991529,0.775194616,0.750025086,0.714941328,0.662930015,0.626442954,0.64159295,0.691955736,0.679369874,0.662609197,0.645725381,0.628276249,0.614184523,0.597733247,0.580493907,0.562016686,0.543115719,0.529501034,0.526360162,0.525913389,0.527189445,0.52951611,0.531998439,0.535017088,0.539009204,0.54232819,0.545765373,0.551011072,0.557190113,0.563308718,0.568543619,0.574494182,0.581250829,0.588877446,0.595894914,0.602507941,0.608613533,0.613780382
AAP298,CS,2012,WW,CS12_WW,61,60.5,279.4,134.6,5406,12.6,135.275,7987.2270645,147.23,1221.75,91,7.5,3.315,14.3333333333333,1.320938571,1.297780704,1.274274669,1.252299455,1.228824337,1.206180851,1.191100911,1.18565203,1.186354321,1.189460865,1.168455555,1.151639776,1.131579191,1.106992125,1.065300227,1.082228675,1.100389071,1.12071212,1.102389801,1.089488493,1.078181046,1.063137738,1.049134452,1.040352653,1.034909303,1.033221319,1.036644778,1.04665338,1.063004577,1.084331797,1.104793952,1.134109584,1.114382166,1.092180287,1.06794534,1.050299874,1.030006034,1.0079406,0.987260595,0.960994662,0.938632693,0.922186029,0.902247555,0.879593642,0.865459341,0.851616527,0.866288669,0.889476546,0.886268578,0.830654831,0.851253354,0.886142573,0.902623315,0.923344481,0.933804305,0.921540183,0.898865019,0.876877499,0.846414111,0.804904168,0.758338623,0.734593179,0.713799549,0.690822367,0.66646957,0.632904632,0.584019807,0.550797624,0.565180216,0.612801499,0.601451519,0.585628399,0.569730328,0.553373608,0.540262511,0.525219487,0.50948729,0.492639155,0.475339429,0.463005943,0.460306125,0.459935499,0.461204824,0.463353189,0.465726641,0.468515982,0.472302716,0.475418939,0.47862783,0.483628346,0.489546445,0.495365181,0.500398079,0.506024116,0.512444146,0.519855042,0.526516131,0.53289586,0.538625496,0.543649794
AAP68,CS,2012,WW,CS12_WW,57,57.5,254,123.2,5982.5,13.9,132.975,8838.679717,161.153,1151.685,95,2.95,2.5,14.6666666666667,1.344156515,1.320380381,1.297165001,1.275791062,1.253422749,1.232114055,1.218904514,1.214571996,1.215292989,1.217159846,1.195060133,1.181346735,1.164548211,1.143551533,1.100916574,1.11406869,1.130169624,1.151595883,1.133750881,1.121619857,1.111458365,1.098067262,1.085608577,1.077591467,1.072524555,1.07088092,1.073861721,1.082664325,1.097356737,1.117247638,1.136738402,1.164506056,1.147816741,1.127398605,1.105006872,1.08903886,1.070488983,1.050109513,1.031502901,1.007481354,0.98751378,0.972620831,0.954644964,0.933821774,0.920385517,0.907763763,0.920909463,0.941196004,0.936352729,0.884650753,0.902261901,0.932758285,0.94611535,0.96460438,0.974469309,0.963417994,0.943041552,0.92305201,0.894872516,0.85590289,0.811078564,0.787794966,0.767339475,0.744073981,0.71927696,0.684706181,0.633887426,0.598182566,0.612812106,0.662931731,0.649964903,0.633185749,0.616487715,0.59931265,0.585188385,0.568913978,0.551847482,0.533395276,0.514578121,0.501070862,0.497919835,0.497454837,0.498650783,0.500841781,0.503368433,0.506301519,0.510182884,0.513442059,0.51673643,0.521900701,0.527934033,0.533860006,0.53900294,0.544881838,0.551582344,0.559086216,0.566002722,0.572450953,0.578371645,0.583596201
AAP91,CS,2012,WW,CS12_WW,56,58,251.45,113,4209.5,14.95,123.325,6218.819439,111.632,1072.605,95,3.49,3.655,16,1.376651293,1.35215197,1.328439899,1.306644501,1.283995325,1.26237348,1.249222392,1.245104236,1.245624928,1.247252378,1.224118355,1.210861879,1.195042001,1.174431688,1.129697968,1.141708421,1.157246102,1.178797953,1.16092109,1.148842694,1.138935029,1.125836211,1.11358232,1.105636991,1.100616267,1.098976913,1.101912082,1.110768956,1.125403921,1.145408115,1.165206211,1.193500996,1.178626055,1.158455948,1.136232579,1.120127974,1.101589121,1.081053081,1.062225483,1.038000355,1.017637415,1.002447646,0.983982554,0.962574457,0.948762542,0.935491761,0.948747745,0.968957629,0.962445158,0.911653868,0.930343839,0.961770944,0.975307633,0.993828066,1.003935893,0.993528592,0.973482296,0.953496271,0.924896055,0.884598671,0.837921303,0.813451946,0.791829041,0.76765262,0.741905452,0.706130836,0.652988227,0.615614116,0.630612131,0.682437469,0.669403166,0.652323844,0.635149329,0.617280035,0.602789798,0.586079288,0.568419096,0.549508289,0.530223815,0.516294438,0.513000425,0.512528487,0.513837443,0.516252862,0.518775014,0.521818097,0.52587812,0.529223992,0.532561896,0.537807543,0.543995166,0.549936885,0.555206624,0.5608946,0.567717409,0.575211086,0.581983492,0.588428955,0.594396984,0.599600155
AM407004,CS,2012,WW,CS12_WW,60,60,261.6,109.2,5412,12.78,129.1,7995.842241,147.6395,583.48,95,2.5,2.455,15,1.381485031,1.356447072,1.331971154,1.309370434,1.285849876,1.263365348,1.249490876,1.245055664,1.245762202,1.247786103,1.224596234,1.209565569,1.192111058,1.169971395,1.123519811,1.13703475,1.153969448,1.176768783,1.157776381,1.144978315,1.134317383,1.120300314,1.107231117,1.098820934,1.093562743,1.091862508,1.095079345,1.104503586,1.12007914,1.141244156,1.162045514,1.191515434,1.174416126,1.152911127,1.129184135,1.112061556,1.092328394,1.070675277,1.050761979,1.025360623,1.00402496,0.988312919,0.969348439,0.947584844,0.933687373,0.920712302,0.934903469,0.956654051,0.951622373,0.898122282,0.916666789,0.948764269,0.962659194,0.982275067,0.99308856,0.981813305,0.960343485,0.939190166,0.909459623,0.868254703,0.821459328,0.797482792,0.776446172,0.7529673,0.728067746,0.693457354,0.642497074,0.607383275,0.62307317,0.673861493,0.660690621,0.644157188,0.62785739,0.61090719,0.596999114,0.580845603,0.563843253,0.545836224,0.527638064,0.514729854,0.511817728,0.511597739,0.513112866,0.515649291,0.51832775,0.521383062,0.525510315,0.528875521,0.532212872,0.537426054,0.543537063,0.549631805,0.554841298,0.560751697,0.567420432,0.574931557,0.581746333,0.58825025,0.594136749,0.599415794
AMY07219,CS,2012,WW,CS12_WW,60.5,61.5,274.3,121.95,5516.5,13.75,137.175,8149.8157885,148.4455,1145.825,94,5,4,17,1.328895297,1.30567489,1.283177969,1.262566877,1.241155299,1.220760551,1.208101282,1.20403809,1.204427396,1.205657229,1.184560181,1.17210881,1.156316372,1.1361552,1.094911144,1.10723799,1.122545842,1.14222749,1.125025953,1.113417877,1.103796937,1.091033386,1.079196988,1.07149084,1.066636643,1.064980502,1.067632718,1.075789508,1.089537433,1.108262447,1.126680552,1.152963942,1.137537148,1.11831878,1.097006451,1.082016365,1.064293669,1.044975212,1.027132628,1.004121857,0.984938805,0.97055913,0.953210058,0.932954291,0.919967224,0.907756214,0.92077443,0.940846499,0.936586436,0.88658119,0.903018065,0.932375279,0.945884698,0.964226401,0.974009115,0.963758409,0.944265795,0.925078716,0.897798782,0.859722838,0.815839176,0.792982692,0.773030841,0.750176858,0.725919099,0.692243538,0.642941139,0.608690836,0.62337356,0.671997097,0.659400043,0.64316026,0.627117522,0.610587951,0.596987783,0.581184048,0.564645911,0.546881985,0.528800288,0.515838393,0.512915751,0.512493786,0.513752334,0.515920223,0.518343954,0.521164245,0.524936985,0.528079255,0.531323593,0.536319945,0.542273353,0.547981059,0.553218494,0.558923056,0.565499217,0.5730149,0.579824917,0.586247357,0.592197815,0.597251811
AMY07220,CS,2012,WW,CS12_WW,60,60.5,266.7,110.5,6263.5,14.6,152.5,9253.497766,167.032,1659.25,90,5,3.735,15.6666666666667,1.385873688,1.361155356,1.336450508,1.313324401,1.289334795,1.266155775,1.251453484,1.246703874,1.247565481,1.250303766,1.227036629,1.212358079,1.194100587,1.17067072,1.125295645,1.140641192,1.158515575,1.180584581,1.161587357,1.148490299,1.137374058,1.122598481,1.108813837,1.100020392,1.094479714,1.092657624,1.096050407,1.106125095,1.122527503,1.144346369,1.165661094,1.195923743,1.17744396,1.155216569,1.130641885,1.112907726,1.092449234,1.069864346,1.049004164,1.02235486,0.999756644,0.983053646,0.962785199,0.939540364,0.924666242,0.910502811,0.925279198,0.947991485,0.942706345,0.888031847,0.908668257,0.943646425,0.959675785,0.980689969,0.991493695,0.979385512,0.956752574,0.934598065,0.903453645,0.860487273,0.811690514,0.786468564,0.76425046,0.73969459,0.714077091,0.678388278,0.625933967,0.589742732,0.604698014,0.654243629,0.642006444,0.625238527,0.608145035,0.590422074,0.576414763,0.560198825,0.54316052,0.525007032,0.506281953,0.492910602,0.489727358,0.489282062,0.490400772,0.492403779,0.494828932,0.497653683,0.501385645,0.504586686,0.507837478,0.512773035,0.518850961,0.524604512,0.529715609,0.535480784,0.542012072,0.54953016,0.556220918,0.562724031,0.568566607,0.573684655
AMY07221,CS,2012,WW,CS12_WW,59,60,269.25,114.3,5990.5,15.1,144.275,8850.3502945,158.7975,1052.99,91,3.5,3.385,15.6666666666667,1.375278907,1.352104968,1.329302833,1.308040812,1.28579681,1.264472692,1.25101585,1.246297102,1.246428912,1.24804318,1.226688888,1.211744814,1.194275855,1.172209321,1.12878063,1.142129456,1.158139944,1.177542154,1.160402361,1.148666385,1.138654313,1.125205595,1.112757728,1.10479034,1.099790383,1.09824386,1.101510129,1.110843387,1.126064332,1.146367721,1.166164954,1.194286813,1.176723936,1.155823134,1.132784759,1.116588152,1.097385646,1.076035793,1.056658069,1.031159836,1.00987189,0.993757617,0.974323675,0.951516132,0.936523134,0.922763112,0.936910794,0.959085309,0.954184342,0.898859048,0.918725292,0.951858234,0.966446965,0.985564073,0.995590971,0.984306422,0.963027947,0.94205834,0.91237535,0.870844052,0.822826254,0.797756093,0.77588717,0.75071492,0.724365374,0.688065381,0.635136872,0.59802784,0.613032951,0.665498954,0.652596864,0.6352265,0.617787832,0.599803362,0.585235418,0.568610108,0.551031632,0.532179459,0.512830118,0.498937881,0.495696746,0.495189811,0.496374014,0.498509204,0.500900988,0.503870894,0.507738667,0.511045392,0.514383317,0.519470121,0.525563111,0.531562688,0.53673121,0.542558367,0.549259579,0.556835115,0.56361369,0.570178946,0.575996093,0.581211319
AMY07225,CS,2012,WW,CS12_WW,59.5,60.5,256.55,102.85,5697.5,11.75,150.225,8417.836,156.618,1504.135,95,2.5,3.735,14,1.367394688,1.342212647,1.316550599,1.2924133,1.266577114,1.241468037,1.224746174,1.218762733,1.21986622,1.223609338,1.199665927,1.181139765,1.159366212,1.132484383,1.085343958,1.103922815,1.124363011,1.148969063,1.128537181,1.114186349,1.101719189,1.085153918,1.069820304,1.06019306,1.054210371,1.052422912,1.056391004,1.06772475,1.086264618,1.110637682,1.134117422,1.167508303,1.146318549,1.121566125,1.094279179,1.074747144,1.05208828,1.027153465,1.004169833,0.974708359,0.950059839,0.931903328,0.910105664,0.885308178,0.869723195,0.855024406,0.87032912,0.894892829,0.8907599,0.832339431,0.853522845,0.890937309,0.909047486,0.932155505,0.944345232,0.931580791,0.907319474,0.88372374,0.85104617,0.806917828,0.757918003,0.733095322,0.711787816,0.687878248,0.663242603,0.62946653,0.580725802,0.54737281,0.561870369,0.609412945,0.597655172,0.58200544,0.566518752,0.550479215,0.537371635,0.522192829,0.506333676,0.489538661,0.472274843,0.459998139,0.457250902,0.456929086,0.458216233,0.460548004,0.462967944,0.465894585,0.469750206,0.472943058,0.476196291,0.481201105,0.487135302,0.492938577,0.49809795,0.503829146,0.510291781,0.517746933,0.524505457,0.531034556,0.53696706,0.542228851
B104,CS,2012,WW,CS12_WW,58,59.5,219.75,104.15,4773,14.3,136.45,7052.023307,127.8315,1010.6,92.5,4.46,2.765,14.6666666666667,1.356687549,1.331949441,1.307347836,1.284390102,1.260261163,1.236828174,1.22158062,1.216285072,1.217050389,1.220175011,1.197140968,1.180724232,1.161215868,1.136652749,1.091005625,1.107569815,1.126397253,1.149472756,1.129850768,1.116363072,1.104839522,1.089569074,1.075261502,1.06613336,1.060438621,1.05865024,1.06219778,1.072559914,1.089523717,1.112004377,1.133736012,1.164526523,1.145089857,1.122093549,1.09686983,1.078638682,1.057421091,1.034182809,1.012565195,0.984901828,0.961539274,0.94429512,0.923482125,0.899606161,0.884574789,0.870185771,0.885546609,0.909503669,0.904096482,0.847715956,0.868778108,0.904619292,0.921018221,0.942605294,0.954151162,0.941716634,0.918115107,0.895196885,0.863175277,0.819409305,0.770507487,0.745540142,0.723739191,0.699730614,0.674681183,0.640257202,0.589993268,0.555716912,0.570622428,0.618874727,0.606796023,0.590819497,0.574714046,0.55825939,0.544875552,0.529470715,0.513316507,0.496159825,0.478718304,0.466305499,0.463548198,0.46329758,0.464753641,0.467191983,0.469774879,0.4727754,0.476795244,0.480147436,0.483434015,0.488629112,0.494794179,0.500607411,0.506041432,0.512020532,0.518814061,0.526480463,0.533427887,0.540114172,0.546256554,0.551630329
B105,CS,2012,WW,CS12_WW,57.5,57.5,246.35,96.5,4874.5,13.95,118.575,7201.661307,130.9705,1064.255,95,2.5,2.81,16.3333333333333,1.309395964,1.28413383,1.258848242,1.235219719,1.209893941,1.185552554,1.169375319,1.163561178,1.164603821,1.168017491,1.144726383,1.126441888,1.105290893,1.079689917,1.034224574,1.051956786,1.071536468,1.094767856,1.074798825,1.060943163,1.049005042,1.033036935,1.018359,1.009105434,1.003476537,1.001831919,1.0056908,1.016569122,1.034296869,1.057558066,1.080103471,1.11188292,1.090708335,1.066786616,1.040544261,1.021449197,0.999689863,0.97597927,0.95397796,0.926213171,0.902816375,0.885801152,0.865330657,0.842310918,0.827985561,0.814396679,0.829126371,0.852258666,0.848556844,0.793101492,0.813306304,0.848633775,0.865432077,0.886967795,0.898227053,0.885638201,0.862188244,0.83968758,0.80864065,0.766828043,0.72091281,0.697849304,0.677921049,0.65587696,0.63287966,0.601018591,0.554874368,0.523830763,0.538226588,0.583966318,0.573128536,0.55841714,0.543896831,0.52884538,0.516542557,0.502323784,0.487577983,0.471864524,0.455875909,0.444426995,0.442046043,0.441950394,0.443566532,0.446042688,0.448655015,0.451638607,0.4555911,0.458853966,0.462181369,0.467217788,0.473195997,0.479019059,0.484160248,0.489890795,0.496389239,0.503683314,0.510380872,0.516809236,0.522667469,0.527791341
B52,CS,2012,WW,CS12_WW,58.5,58.5,264.15,125.75,4168.5,12.85,124.725,6159.354555,113.5385,1050.5,85,6.5,4.685,17.6666666666667,1.343946954,1.318734638,1.293584217,1.269970262,1.245010663,1.220931731,1.205314061,1.199887497,1.200777266,1.203619814,1.179910054,1.162791231,1.142412005,1.117246243,1.070135603,1.087019557,1.106465663,1.130270772,1.110215556,1.096480216,1.084649885,1.069007405,1.054518915,1.045219036,1.039450529,1.037678023,1.0414232,1.052172607,1.0697638,1.093229389,1.115889129,1.147915504,1.12804966,1.104384045,1.078247782,1.059462397,1.037701538,1.013728256,0.991684591,0.963407279,0.939902414,0.922522238,0.901745103,0.878026264,0.863099418,0.849088194,0.863721057,0.886872243,0.882013251,0.826035951,0.845849911,0.88108218,0.897518272,0.919471406,0.931382382,0.919306091,0.896141032,0.873473407,0.841982649,0.799085174,0.751333108,0.727154651,0.706340785,0.682964579,0.658901952,0.625766681,0.577560217,0.544557155,0.559258939,0.606042877,0.59406955,0.578725591,0.563553485,0.547837087,0.534875359,0.519854047,0.504122574,0.487604844,0.470788626,0.45883759,0.456154173,0.455845352,0.457230075,0.459501464,0.461955962,0.464837049,0.468551867,0.471702972,0.474898103,0.479756256,0.485523932,0.491190068,0.496179862,0.501674709,0.508190472,0.515379834,0.522031196,0.528439607,0.534185726,0.539413455
B68,CS,2012,WW,CS12_WW,61,62,259.05,118.1,4049,12.35,123.475,5982.063931,110.7065,1059.775,92.5,4.18,3.86,15.6666666666667,1.34568791,1.319165421,1.292371842,1.26725852,1.240735352,1.215349946,1.198866622,1.193419463,1.194775296,1.198628045,1.174101621,1.157183558,1.136706185,1.110998023,1.063397749,1.080711434,1.100355021,1.124580283,1.104437022,1.090397847,1.078259921,1.062196214,1.047306225,1.037953848,1.032154252,1.030396208,1.034285196,1.045297119,1.063311391,1.087214535,1.110426449,1.14368557,1.123455339,1.099164912,1.072404399,1.05319735,1.031148537,1.007166334,0.9850351,0.957008879,0.93365765,0.916521773,0.89597,0.872692848,0.858147909,0.844086645,0.858097992,0.880250777,0.875449162,0.821723746,0.841226239,0.875942896,0.892337942,0.913746764,0.924936718,0.912779441,0.890004159,0.867845905,0.837264748,0.795701211,0.749596087,0.725980251,0.705551783,0.682915282,0.659451521,0.626959649,0.579093149,0.545914432,0.55936706,0.604520207,0.593941688,0.578961829,0.563642027,0.547591928,0.534886224,0.520128682,0.504714998,0.488070498,0.470916493,0.458536209,0.455713163,0.455372779,0.456696444,0.458910979,0.461394696,0.464281699,0.46808374,0.471288218,0.474518737,0.47941697,0.485333605,0.491053193,0.496080978,0.501675003,0.508127988,0.51544566,0.522051568,0.52838624,0.534169728,0.539325371
B73,CS,2012,WW,CS12_WW,60.5,61.5,232.4,101.6,2344,15.25,107.675,3463.409315,62.0615,922.19,90,5,3.595,17,1.300668375,1.275283067,1.249999706,1.22656272,1.201770333,1.178056531,1.1627895,1.157574916,1.158630056,1.161890819,1.139118229,1.123194719,1.104062228,1.080230884,1.035354795,1.051697016,1.07026266,1.092577073,1.073196029,1.059800296,1.048223742,1.032840188,1.018572465,1.009457729,1.003807055,1.001894162,1.00522218,1.015213481,1.031686899,1.053663905,1.075089839,1.105691032,1.086360477,1.063708597,1.038805289,1.020982872,1.000409377,0.978143279,0.957594136,0.931593676,0.909916431,0.894070189,0.875052397,0.853565938,0.840213471,0.827454916,0.840950341,0.862114321,0.859049101,0.806887809,0.824313122,0.856526442,0.871947745,0.892505744,0.903471089,0.891715842,0.8697558,0.848647431,0.81953543,0.780310196,0.736871215,0.714816829,0.69583414,0.674586236,0.652374915,0.62149632,0.576312612,0.545610779,0.559320861,0.603029844,0.592586548,0.578235112,0.563842226,0.548864503,0.536675507,0.522636928,0.507951245,0.492281852,0.476118714,0.464412675,0.461724029,0.461473388,0.462775449,0.464870888,0.467282659,0.470100677,0.473797167,0.476864086,0.480080558,0.4849101,0.490704016,0.496352056,0.501326796,0.506778862,0.513173032,0.520319096,0.526899483,0.533218724,0.538915829,0.54397472
B73Htrhm,CS,2012,WW,CS12_WW,61.5,62,227.35,105.4,2959.5,13.65,106.125,4372.7587985,79.799,793.79,85,10,3.28,17,1.305372086,1.280571129,1.255788385,1.232745725,1.20851944,1.185161713,1.17019039,1.164779962,1.165697545,1.16854508,1.14592458,1.129593002,1.110560006,1.086966022,1.042301171,1.058023405,1.075957715,1.097958525,1.079245367,1.066325659,1.055103672,1.040259423,1.026503088,1.017809508,1.01244221,1.010800626,1.014344349,1.024481128,1.041036146,1.06312748,1.084479623,1.11486203,1.095648876,1.073168776,1.0483838,1.030737293,1.010241024,0.987879335,0.967332875,0.940981811,0.91905314,0.902846413,0.883458971,0.861282908,0.847327137,0.834191723,0.848021669,0.869718938,0.865569159,0.813026853,0.831766602,0.864794327,0.880213734,0.900258403,0.910921957,0.899324492,0.877513262,0.856275444,0.826810834,0.786743683,0.74193051,0.719125405,0.699410809,0.677231868,0.654126187,0.622174577,0.575500197,0.543412513,0.557093036,0.603084043,0.592345061,0.577392089,0.562342895,0.546729017,0.534060776,0.519552235,0.504399735,0.488144625,0.47143635,0.459359377,0.456724165,0.456495862,0.457952398,0.46042697,0.462981697,0.465884088,0.469815911,0.473059756,0.476283457,0.481241754,0.487148692,0.49280421,0.497923247,0.503512201,0.509902181,0.517149263,0.523708065,0.5299018,0.5356257,0.54059728
B75,CS,2012,WW,CS12_WW,56.5,57,259.1,106.7,4906,15.15,124.4,7247.772731,130.013,1596.685,90,5,3.965,17.3333333333333,1.333582766,1.309900129,1.286038352,1.263705184,1.240198366,1.217548321,1.202721381,1.197309577,1.198209132,1.200824088,1.17890931,1.161436716,1.141060845,1.116516833,1.072676995,1.089329004,1.107700102,1.128771419,1.110137851,1.097157139,1.085846018,1.070736007,1.056828069,1.048057032,1.042709067,1.041137183,1.044876853,1.055231462,1.072069903,1.094068474,1.115385369,1.145501644,1.125891366,1.103214926,1.078246808,1.060125355,1.039312621,1.016450393,0.99522493,0.968138114,0.945228071,0.928299267,0.907963569,0.884843285,0.870233953,0.856430401,0.871245777,0.894714292,0.891451968,0.834118311,0.854416887,0.889570393,0.906083313,0.926874334,0.937410235,0.925016347,0.902231756,0.880102489,0.849474662,0.807454903,0.760542112,0.736658089,0.716002483,0.692834075,0.668410572,0.634947136,0.586712152,0.553699625,0.567970041,0.61616517,0.604258247,0.588506029,0.572988761,0.557098879,0.543955282,0.528885036,0.513130059,0.496284591,0.479157589,0.467010702,0.464385147,0.464111735,0.465471019,0.467827473,0.470304316,0.473248167,0.477103441,0.480345876,0.483678747,0.488629997,0.494617709,0.500420528,0.505542998,0.511303563,0.517860952,0.525311531,0.532017979,0.538611885,0.544369092,0.549748306
B76,CS,2012,WW,CS12_WW,59.5,59,240.05,105.4,3282,12.975,138.75,4848.8720595,89.086,1256.66,85,10,3.88,15.3333333333333,1.349750812,1.324645144,1.299671192,1.276482606,1.251988207,1.228470981,1.21353353,1.208488093,1.209405213,1.212078703,1.188629899,1.172889596,1.15401276,1.130303283,1.083779311,1.099331739,1.11775319,1.140157257,1.120593966,1.107379234,1.096076876,1.081088055,1.067158901,1.058224328,1.052641494,1.050841624,1.054382254,1.064576778,1.081333754,1.103750007,1.125575551,1.156504123,1.137491848,1.114718112,1.089598981,1.071580586,1.050740161,1.027829348,1.006658182,0.979782184,0.957196358,0.940517439,0.920465669,0.897598671,0.883072149,0.869379433,0.883516468,0.905810037,0.901029244,0.847301065,0.866195431,0.900342599,0.916382917,0.93765197,0.948913699,0.937104192,0.914581671,0.892668535,0.862017188,0.820043473,0.773020066,0.749011311,0.728072931,0.704713215,0.680590142,0.647005643,0.597890585,0.564194876,0.578675366,0.625710871,0.613995324,0.598410272,0.582818039,0.566600723,0.553438217,0.538148374,0.522206031,0.505173494,0.487819134,0.475252525,0.472357546,0.471909314,0.473123347,0.47531901,0.477673633,0.480429728,0.484152826,0.487303426,0.490479639,0.495360159,0.501229182,0.506855882,0.51184975,0.51748339,0.5238649,0.531231918,0.537833201,0.54418479,0.549952502,0.555096731
B97,CS,2012,WW,CS12_WW,57,58,259.1,107.95,5947,13.75,134.55,8785.9791945,160.1425,982.205,95,2.5,2.515,16.3333333333333,1.308346623,1.284033128,1.259482962,1.236469177,1.212244081,1.188632714,1.173096844,1.167553364,1.168254862,1.171502376,1.149188886,1.131526526,1.111141821,1.085987031,1.040961459,1.058108714,1.077100776,1.099379109,1.080037562,1.066688641,1.055129299,1.039688324,1.025483961,1.016471301,1.010886284,1.009261743,1.012982587,1.023578279,1.040739933,1.063390084,1.085246442,1.116196688,1.095714553,1.072444513,1.046842577,1.028445903,1.007169636,0.983930871,0.96246009,0.935125116,0.912176919,0.895323138,0.875086986,0.852178213,0.837807458,0.824213489,0.838599394,0.861572747,0.858106857,0.802241275,0.8213287,0.855611454,0.871742219,0.892758793,0.903797693,0.891516826,0.868591196,0.846492832,0.816027461,0.774840045,0.729133509,0.706099983,0.686279078,0.66389729,0.64059424,0.608738525,0.562742483,0.531433615,0.545377998,0.591108661,0.579920125,0.565084698,0.550543387,0.53554023,0.523070748,0.50873453,0.49369881,0.477794881,0.461601362,0.450060409,0.447514744,0.447377337,0.448782554,0.451050113,0.453468986,0.456405142,0.460133461,0.463322377,0.466515534,0.471387674,0.477201398,0.482902271,0.487913391,0.493495213,0.499919263,0.507116803,0.513734573,0.520040197,0.525881536,0.530892475
CI28A,CS,2012,WW,CS12_WW,57,57.5,237.5,92.75,3230,13.95,122.4,4772.423807,86.801,1272.955,91.5,5,3.92,16,1.322124982,1.296300437,1.269588841,1.244204693,1.217170011,1.191008012,1.173316209,1.166821916,1.168291222,1.172873056,1.14884044,1.129030213,1.106223262,1.078358087,1.031334205,1.051407094,1.07242576,1.096112144,1.076125528,1.061665228,1.04876493,1.031479066,1.015626645,1.005724344,0.999777141,0.998214995,1.002695467,1.014843634,1.034347263,1.059578928,1.083666389,1.118272096,1.095314317,1.069348471,1.040931049,1.020248436,0.996723215,0.971104287,0.947138268,0.917111268,0.891623131,0.873115261,0.85089668,0.826078167,0.810745683,0.796054994,0.811178879,0.835443596,0.832214215,0.773865287,0.794899747,0.832548618,0.851446127,0.874487124,0.886233981,0.872909648,0.848274299,0.824639897,0.792228289,0.748940887,0.70164093,0.677984958,0.657604157,0.63531992,0.612416534,0.58120409,0.536257883,0.505997497,0.519225357,0.562060202,0.5524703,0.53845724,0.524327124,0.509604521,0.497881503,0.484316389,0.470307703,0.455305547,0.439827531,0.42868707,0.426230664,0.42613099,0.427577591,0.429862609,0.432316685,0.435150691,0.438895016,0.44201715,0.445210321,0.450071248,0.455883597,0.461553994,0.466514584,0.472040434,0.478405308,0.485578864,0.492147503,0.498417887,0.50417248,0.509306844
CI3A,CS,2012,WW,CS12_WW,60,61,279.4,114.3,4620,14.55,122.05,6825.947498,123.288,1036.75,87.5,8.5,3.155,17.3333333333333,1.31729652,1.291222022,1.265359407,1.24162465,1.216484771,1.192454643,1.177233582,1.172086099,1.173217708,1.175973205,1.151326608,1.135218297,1.116071273,1.092204302,1.046312124,1.06246851,1.081292433,1.105822283,1.085773637,1.072046566,1.060419715,1.045196506,1.031016589,1.022064695,1.016430888,1.014653663,1.018077589,1.028268448,1.045080763,1.067660217,1.08976171,1.121430245,1.103080262,1.080205736,1.054904805,1.036910318,1.016011404,0.993218211,0.972332669,0.945689134,0.923733461,0.907555956,0.888283686,0.866375912,0.852546906,0.839672038,0.853190775,0.874361077,0.870163983,0.818555994,0.836382061,0.869049453,0.884893094,0.90606115,0.91732372,0.905911953,0.884237309,0.863030736,0.833650468,0.793793965,0.749480052,0.726977636,0.707645348,0.685766717,0.663296734,0.6318514,0.58600257,0.554541034,0.56850015,0.61245095,0.601225224,0.586560537,0.572007416,0.556870341,0.54442644,0.530032529,0.514910948,0.498856516,0.482400767,0.470542929,0.467826122,0.467519639,0.468720097,0.470800652,0.473155132,0.475822964,0.479494455,0.48253378,0.485716245,0.490402719,0.496102973,0.50168899,0.506583939,0.512057786,0.518381934,0.525666834,0.532166997,0.53853696,0.544246114,0.549435268
CI64,CS,2012,WW,CS12_WW,59,58,250.2,111.75,5798.5,12.65,126.875,8566.7704535,158.2465,1010.735,82.5,10,2.5,17,1.326180986,1.303223423,1.279792228,1.257650643,1.234384516,1.211846009,1.197108614,1.191646144,1.192161055,1.194861659,1.173573468,1.156950095,1.137765228,1.11417971,1.071304401,1.086701814,1.104079116,1.123473897,1.105553593,1.093067734,1.082096326,1.067442851,1.053968447,1.045402919,1.040078843,1.038450889,1.041819542,1.05158767,1.06755489,1.088647431,1.10902164,1.138034475,1.118623432,1.096807395,1.072842082,1.055579736,1.035715557,1.013862306,0.99366191,0.967766559,0.946003847,0.929856089,0.910446749,0.88818824,0.874083113,0.860676746,0.874421857,0.89609026,0.891863132,0.838384339,0.857731888,0.890797827,0.90582927,0.925439651,0.935644023,0.924123105,0.902638652,0.881598123,0.852288924,0.812047721,0.766767318,0.74352942,0.723239832,0.700650007,0.676985772,0.644330802,0.596403876,0.563242299,0.577670534,0.625197778,0.614038716,0.598752369,0.583346466,0.567355443,0.55440588,0.539494212,0.523818067,0.507022784,0.489886466,0.477667192,0.475001385,0.474847461,0.476384948,0.478927128,0.481520804,0.484520393,0.48858755,0.491852469,0.49512403,0.50015205,0.506152944,0.511915326,0.517029203,0.522580734,0.529096058,0.536381879,0.543018792,0.54920261,0.555004659,0.560103187
CML10,CS,2012,WW,CS12_WW,62,62.5,280.7,124.45,8121.5,15.35,151.025,11998.88755,214.3565,1371.97,94,2.5,3.165,14,1.346543185,1.322126544,1.298149992,1.275975868,1.252761608,1.230397153,1.21633546,1.211636139,1.212361857,1.214411823,1.191402192,1.176494364,1.158907784,1.13663494,1.092412812,1.106097973,1.122589684,1.143876424,1.125439051,1.112909001,1.102350449,1.088399727,1.075509413,1.067219477,1.062145398,1.060626009,1.063961095,1.073482425,1.089053655,1.110129757,1.130642382,1.160056988,1.143214171,1.12192625,1.098442094,1.081665876,1.062144463,1.040685973,1.021023673,0.995746812,0.974589529,0.958881741,0.939992495,0.918264478,0.904390389,0.891289524,0.904849477,0.925652072,0.920453939,0.867617347,0.886104609,0.918724938,0.934272087,0.953864995,0.964006391,0.952811348,0.931958835,0.911477799,0.882623691,0.842702733,0.797099479,0.773601824,0.752958455,0.729640747,0.705044125,0.67107769,0.620971643,0.586014843,0.599695004,0.649155194,0.637210594,0.620980141,0.604775036,0.587810028,0.573995702,0.558053258,0.541306676,0.523308322,0.504790665,0.491383325,0.48812021,0.487437678,0.488582785,0.490621592,0.493003534,0.495808,0.499587752,0.502807457,0.506064986,0.511089268,0.517073759,0.52284148,0.527890958,0.533594132,0.540084539,0.547252802,0.5538091,0.559918418,0.565567273,0.570470269
CML107,CS,2012,WW,CS12_WW,59.5,59.5,266.7,123.15,5148.5,13.4,148.025,7606.170439,139.1265,1233.72,95,2.5,3.79,14.6666666666667,1.356492228,1.332844237,1.309412243,1.287598856,1.264577828,1.242421213,1.228180947,1.223010692,1.223491929,1.225908639,1.20444986,1.188328817,1.16951052,1.146325781,1.102927886,1.117991835,1.135307886,1.155564156,1.137242061,1.12466573,1.113816543,1.099423631,1.086089098,1.077586518,1.072232882,1.070579333,1.07386912,1.083488012,1.099249899,1.120247958,1.140553894,1.169410582,1.150282582,1.128615294,1.104767462,1.087495872,1.067686915,1.045958915,1.025809932,1.00009955,0.978355373,0.962298011,0.942866814,0.920680809,0.906600659,0.893117404,0.907367025,0.929663593,0.925449105,0.870022264,0.889449323,0.922696384,0.937418688,0.957131438,0.967370035,0.955208095,0.933081874,0.911503188,0.881413233,0.840050096,0.793229173,0.769145235,0.748136045,0.724491093,0.699342205,0.664505946,0.613655077,0.578725261,0.593710879,0.644375582,0.631870186,0.615226337,0.598693247,0.581799221,0.567861055,0.551918106,0.535222985,0.517431928,0.49931486,0.486275086,0.483365277,0.483076406,0.484426499,0.486783713,0.489315841,0.492287237,0.496200358,0.499530235,0.502877503,0.507955962,0.514055714,0.519992589,0.525162596,0.530953731,0.5375755,0.545033596,0.551696282,0.558121835,0.563859952,0.568936976
CML108,CS,2012,WW,CS12_WW,58.5,59.5,274.3,105.4,5620.5,13.1,139.15,8303.5276115,152.5005,1104.715,95.5,2.905,2.955,17.3333333333333,1.333952118,1.309382805,1.285391747,1.263326371,1.240119308,1.217939867,1.203857004,1.199113415,1.200043654,1.202691619,1.181212171,1.166981719,1.149784549,1.127862514,1.085496737,1.100767958,1.118324238,1.140400013,1.121636568,1.108895666,1.098144919,1.08383897,1.07051177,1.061937687,1.056431375,1.054547663,1.057413495,1.066465997,1.081530587,1.101746239,1.121466184,1.149788282,1.131640887,1.110352298,1.086961634,1.070401607,1.051051556,1.029814091,1.010372529,0.985323957,0.96444234,0.948873125,0.930181641,0.908611205,0.894842873,0.882083577,0.896821619,0.919884632,0.91687642,0.862138364,0.879012462,0.910441809,0.926779281,0.947917793,0.958920353,0.94686143,0.924801847,0.903482065,0.873863077,0.833260947,0.787194978,0.763483706,0.742777811,0.719224997,0.694320745,0.660136056,0.610662186,0.577461175,0.593048121,0.638999256,0.626420674,0.610357349,0.594416551,0.577919179,0.564571763,0.54923421,0.53304789,0.515699452,0.497931612,0.485257761,0.482304316,0.481848797,0.482792538,0.484444982,0.486340439,0.488802823,0.492096853,0.494990509,0.497994406,0.50264576,0.508515171,0.51434701,0.519546407,0.525467103,0.532360163,0.540273218,0.547363843,0.554222093,0.560353974,0.565659841
CML154Q,CS,2012,WW,CS12_WW,61,61.5,274.3,121.9,5150.5,13.55,122.4,7609.466531,138.6155,1292.65,95,1,4.025,17.3333333333333,1.334177634,1.309324506,1.285207787,1.263034145,1.239722485,1.217522744,1.203538477,1.198988297,1.199574772,1.201275043,1.178249226,1.163950455,1.146427629,1.124540161,1.080581847,1.094162063,1.110867255,1.133174066,1.114913318,1.102460046,1.092074613,1.078302207,1.065510427,1.057395842,1.052313232,1.050760466,1.054006974,1.063341862,1.078790071,1.099624452,1.120062776,1.149331774,1.132773809,1.111640184,1.088315589,1.0715792,1.052203,1.030880193,1.01134793,0.986308231,0.965376401,0.949837347,0.931183668,0.909736261,0.895996824,0.883210757,0.896686696,0.917528099,0.912559219,0.861611712,0.880156485,0.912144993,0.926878049,0.94645727,0.957084798,0.946216682,0.925393182,0.904964543,0.876152973,0.836416869,0.791283348,0.768083973,0.747838794,0.725015631,0.701190882,0.668044568,0.619342184,0.58550016,0.599876707,0.647379863,0.635339694,0.619628872,0.603895221,0.587710569,0.574336731,0.558936637,0.542752175,0.525399261,0.507806908,0.495166858,0.492202818,0.491813325,0.493040936,0.495264588,0.497687306,0.500431191,0.504178888,0.50731892,0.510486053,0.515366918,0.521152094,0.526762586,0.531696566,0.537238266,0.543523313,0.550706948,0.55720255,0.563391021,0.568989867,0.573856255
CML157Q,CS,2012,WW,CS12_WW,59.5,60,274.3,133.35,6454,14.03,142.025,9535.807352,173.3265,1417.15,96.5,3.65,3.535,17,1.374048764,1.350448172,1.327089107,1.305535266,1.282753333,1.260913092,1.24703484,1.242412072,1.242888892,1.244913999,1.222805879,1.20795217,1.190260658,1.167982566,1.124174272,1.138223234,1.155183046,1.176356866,1.157757831,1.145116732,1.134473638,1.120381086,1.107212743,1.098692863,1.093271534,1.091385179,1.094274834,1.103381596,1.118548266,1.139012423,1.158994744,1.187471481,1.169966455,1.148926109,1.12583348,1.108947394,1.089636503,1.068425459,1.048702869,1.02375432,1.002486051,0.986914374,0.967969479,0.946322974,0.932523297,0.919259813,0.933263112,0.954942072,0.950357688,0.896726777,0.915156553,0.947536213,0.962128361,0.982273973,0.993026266,0.981692334,0.960104211,0.938998417,0.909344013,0.868294607,0.821748102,0.797617564,0.776347008,0.752899928,0.728013511,0.693369027,0.642329819,0.607234734,0.622714315,0.671784382,0.659038774,0.642653986,0.626245756,0.609315531,0.595516427,0.579569777,0.56275794,0.544895533,0.526820114,0.51389643,0.510957681,0.510604662,0.511914248,0.514070834,0.516602218,0.519447495,0.523369535,0.526717343,0.530146817,0.535246213,0.541511553,0.547511773,0.552823524,0.558774378,0.56556507,0.573346776,0.580392756,0.587264871,0.593280452,0.598783762
CML158Q,CS,2012,WW,CS12_WW,60.5,61,266.7,128.25,5893.5,12.4,128.75,8707.8766735,161.1495,1253.66,92.5,5,3.335,17,1.348195682,1.323868418,1.299923995,1.278299543,1.255655452,1.233961739,1.220957021,1.2169799,1.217538987,1.219372811,1.197257553,1.184529079,1.168647348,1.148066509,1.104258757,1.116562318,1.132421724,1.153383229,1.135515546,1.123563014,1.113698849,1.100685313,1.088383055,1.080365144,1.075188408,1.073415805,1.076108098,1.084655864,1.098932305,1.118597658,1.138107795,1.16605498,1.150935646,1.130904728,1.108688944,1.093154503,1.074875394,1.0548006,1.036627338,1.01307863,0.993707447,0.979167776,0.961817939,0.941520854,0.928374948,0.916176176,0.928839156,0.948490184,0.94308079,0.894744826,0.911277754,0.940575736,0.95345266,0.971879249,0.982061024,0.971915334,0.95237755,0.933081353,0.905833114,0.86785344,0.824159409,0.801317699,0.781317309,0.758568399,0.734589445,0.701131142,0.651259778,0.615875634,0.630249559,0.678310184,0.66589742,0.649704842,0.633489167,0.61659177,0.602816422,0.586775751,0.569846785,0.551616204,0.532989793,0.519574194,0.516385662,0.515840018,0.516928293,0.5191174,0.52151209,0.524367808,0.52823761,0.531478894,0.534799569,0.539871844,0.54593274,0.551773214,0.556812325,0.562629183,0.569215481,0.576644552,0.583476793,0.589966191,0.59597757,0.601213607
CML176,CS,2012,WW,CS12_WW,60,59.5,273.05,119.4,5960.5,13.95,133.825,8806.580233,160.162,1517.78,98,2.525,2.78,16.3333333333333,1.351025523,1.325659027,1.301132826,1.278534253,1.255305267,1.233034467,1.219338273,1.215265442,1.215680494,1.217751459,1.195139344,1.182839466,1.166705263,1.1454427,1.100140356,1.113260304,1.130071429,1.15257166,1.133437297,1.12079958,1.110375731,1.096678016,1.083744655,1.075390723,1.069999931,1.067971289,1.070609778,1.079251799,1.093794198,1.113886816,1.133859248,1.162543197,1.146539621,1.125860417,1.103111585,1.086596868,1.067709289,1.047084861,1.028064985,1.004063619,0.983917865,0.969153002,0.951302685,0.93090706,0.917924786,0.905720168,0.919247912,0.940213616,0.936394908,0.886065281,0.901176615,0.930860196,0.945906609,0.96651831,0.97798353,0.967440815,0.94677617,0.926610707,0.898252487,0.859046444,0.814370479,0.791331031,0.770922421,0.748235071,0.724050117,0.690572333,0.641420155,0.608216593,0.623598203,0.669019041,0.656406376,0.640527987,0.624861945,0.608579873,0.595303669,0.57992644,0.563769628,0.546383307,0.528791276,0.515927314,0.512946457,0.512416568,0.513221996,0.514826178,0.516773236,0.519146922,0.52240593,0.525350159,0.528263599,0.532985564,0.538709836,0.544540202,0.549593217,0.555573007,0.562286598,0.570060432,0.577073157,0.583988999,0.590002896,0.595306315
CML218,CS,2012,WW,CS12_WW,58,58.5,264.15,115.6,6396.5,14.35,145.9,9450.351354,171.057,1375.185,94.5,3.945,3.3,13.3333333333333,1.360647237,1.337823555,1.315810717,1.295583474,1.274574303,1.254696119,1.242396519,1.238267876,1.238550961,1.239320701,1.217838108,1.204884609,1.189292638,1.16946765,1.127938925,1.139343879,1.153784982,1.17265862,1.155884643,1.144647697,1.135328003,1.122971419,1.111515886,1.104108183,1.099503044,1.098068786,1.100901776,1.109210066,1.122874842,1.141453198,1.159723887,1.185752486,1.170851258,1.151789795,1.130684983,1.115622629,1.098017013,1.078482376,1.060544184,1.037259154,1.017581843,1.002766297,0.984715848,0.96360258,0.949849987,0.936814802,0.950540363,0.971303131,0.966057281,0.913364693,0.932547945,0.96369589,0.977004353,0.994788762,1.004138486,0.993624446,0.973770401,0.953968479,0.92569797,0.885762165,0.839068537,0.814738382,0.793185063,0.768721003,0.742490105,0.706308882,0.653287635,0.616371023,0.63168566,0.684894536,0.671513169,0.653988551,0.636620264,0.618765454,0.604222098,0.587415565,0.569858318,0.550995863,0.531842454,0.518154891,0.514955818,0.514523478,0.515854436,0.518149635,0.520673481,0.523766014,0.527665284,0.531019027,0.534416283,0.539556949,0.545737092,0.551712068,0.556976243,0.562716836,0.569402935,0.576900623,0.583705783,0.590070206,0.595940624,0.60098088
CML228,CS,2012,WW,CS12_WW,60,59.5,261.6,115.55,6902.5,13.95,135.85,10198.171165,185.451,1253.12,96.5,4,2.45,15.6666666666667,1.34953591,1.327033273,1.304789601,1.283970052,1.262222723,1.241416313,1.228036516,1.22326485,1.22364232,1.225524938,1.204607685,1.189920882,1.17270825,1.151162729,1.109886966,1.123417245,1.139285307,1.158808994,1.141478082,1.129718648,1.119759366,1.106479915,1.094099662,1.086157017,1.081223099,1.079684004,1.082710068,1.091693499,1.106451342,1.126017867,1.145124385,1.172275744,1.155027481,1.134820708,1.112473187,1.096583096,1.077996594,1.057460055,1.038540084,1.014027789,0.993237372,0.977638879,0.958637072,0.936622374,0.922360036,0.908762787,0.922887177,0.945066323,0.940250493,0.886431927,0.906550952,0.939378273,0.953883942,0.972945003,0.982984777,0.971803725,0.950736947,0.929959291,0.900531495,0.85955846,0.812244995,0.787648498,0.765847405,0.741569552,0.715694597,0.680085144,0.627880733,0.5915991,0.606644249,0.657432253,0.644779433,0.627825846,0.61065052,0.593010943,0.57889683,0.562589604,0.545478943,0.527165178,0.508508295,0.49523786,0.492265513,0.49180836,0.49307361,0.495289997,0.497809155,0.500735098,0.504659376,0.50794434,0.511353204,0.516613967,0.522808618,0.528832368,0.534107787,0.540100846,0.547015249,0.554819675,0.561796121,0.568625805,0.574803634,0.580183257
CML238,CS,2012,WW,CS12_WW,59,58.5,247.65,104.15,6064.5,14.8,137.475,8960.3351795,161.8735,952.8,90,10,3.675,16.3333333333333,1.344252516,1.321666042,1.299613212,1.279452483,1.258368391,1.238223723,1.22564825,1.221489579,1.221776338,1.223358516,1.20311097,1.190178905,1.174357061,1.154375552,1.114495782,1.126881993,1.141843564,1.160202579,1.143556967,1.132381527,1.122865226,1.110268701,1.098482103,1.090953176,1.086128641,1.084420167,1.08702899,1.095160904,1.108722747,1.127004277,1.144956903,1.170909555,1.155542489,1.136378604,1.115438019,1.100410419,1.082987399,1.063627999,1.046011095,1.023052964,1.003736186,0.989199642,0.971601782,0.951058488,0.937701953,0.925170388,0.938650719,0.959395141,0.955603925,0.903834629,0.921152092,0.95129743,0.965507897,0.984101454,0.993790998,0.983262816,0.963398687,0.943860299,0.916093787,0.877172835,0.831880042,0.808119755,0.787010502,0.763126755,0.737556419,0.702324348,0.650211028,0.614199697,0.629235811,0.679447167,0.667148886,0.65017813,0.633180198,0.615517023,0.601320363,0.585001297,0.567918932,0.549431045,0.530428465,0.516716999,0.513537321,0.513006689,0.514098806,0.516185725,0.518615477,0.521403748,0.525283,0.528571524,0.531881414,0.537049477,0.543330494,0.549400841,0.554671465,0.560665148,0.567542787,0.57532028,0.58231811,0.588980495,0.594967643,0.600246117
CML281,CS,2012,WW,CS12_WW,62.5,63.5,271.8,133.35,6431.5,13.2,143.975,9502.112296,174.3765,1487.33,95,3.895,3.325,15.6666666666667,1.362881752,1.337730342,1.312798543,1.289628426,1.265250819,1.241820174,1.226898105,1.22193659,1.222986407,1.225700234,1.202014287,1.186561557,1.168051176,1.144557302,1.099004725,1.114272708,1.132243035,1.155260234,1.136283758,1.123183198,1.111990946,1.097123881,1.083315172,1.074482979,1.068910263,1.067170225,1.070498888,1.080474591,1.096923182,1.118886661,1.140328489,1.171001662,1.152969935,1.130683248,1.106110705,1.088303586,1.067866126,1.045447169,1.02477369,0.998496844,0.976356655,0.960039125,0.940458936,0.918033487,0.90382898,0.890326156,0.904414688,0.926281237,0.92172305,0.86832253,0.887437965,0.920958826,0.936676836,0.95747992,0.968558913,0.957121039,0.935169296,0.913758101,0.883727755,0.842484523,0.795846244,0.771904701,0.750796343,0.727471876,0.702928011,0.668900567,0.618739686,0.58414906,0.59910026,0.647021056,0.635201257,0.61923032,0.603107301,0.586360093,0.572921447,0.557355545,0.54101794,0.523531551,0.505714194,0.49284984,0.489897591,0.489561714,0.490876215,0.493091062,0.495540407,0.498469389,0.502407597,0.50576847,0.509092315,0.514236733,0.520385995,0.526428708,0.531668134,0.53764444,0.544409993,0.55210795,0.559149308,0.565867698,0.571989281,0.577324754
CML314,CS,2012,WW,CS12_WW,58,60,276.85,124.45,5669,14.2,156.75,8375.569215,151.7125,1761.29,96.5,2.5,3.63,15.6666666666667,1.358721152,1.335293767,1.311475785,1.289006352,1.265249573,1.242050527,1.226503605,1.221029617,1.221602827,1.224539816,1.203025003,1.185527192,1.164941268,1.139179515,1.094741048,1.112182281,1.130643361,1.150224377,1.132277122,1.119277855,1.107633889,1.092115996,1.077750007,1.068686954,1.063223795,1.061702286,1.065552876,1.076372723,1.093782482,1.116232353,1.137647592,1.168409729,1.148145091,1.124976027,1.099278274,1.081012417,1.059515056,1.035877683,1.013904255,0.985623122,0.961791262,0.944032116,0.922633478,0.898158748,0.88265619,0.867957833,0.883224108,0.907382838,0.904168122,0.844799889,0.865448186,0.901961175,0.91985014,0.941519984,0.952453973,0.93982059,0.916355427,0.893560911,0.861899505,0.818663561,0.769957717,0.745152584,0.723675229,0.699301244,0.673775231,0.63927679,0.589544081,0.555392758,0.5695486,0.618897221,0.607216908,0.591029884,0.574922894,0.558339149,0.544808104,0.529435919,0.513324214,0.496067338,0.478316419,0.465526625,0.462600767,0.462184459,0.463435321,0.465621835,0.46810942,0.470962437,0.474816713,0.478025907,0.481238476,0.486201915,0.492278904,0.498082142,0.503205049,0.508847759,0.515404093,0.52285256,0.529501727,0.535903788,0.541732163,0.546910989
CML316,CS,2012,WW,CS12_WW,61,62,267.95,123.2,5113.5,15.6,137.075,7555.3447895,134.836,1303.645,95,2.625,2.5,15.3333333333333,1.37724044,1.353562713,1.330670838,1.309502474,1.28730388,1.265909017,1.252304484,1.247613521,1.247821377,1.249112919,1.226818261,1.212429809,1.19504298,1.173154825,1.130597068,1.144144213,1.160486753,1.181719509,1.163659249,1.151389836,1.141036071,1.12743115,1.11472921,1.106597029,1.101439968,1.099813132,1.102878377,1.111963694,1.12691631,1.14709074,1.166638495,1.194368939,1.177601123,1.157136077,1.134496244,1.118245273,1.099241917,1.078237655,1.058775811,1.033611599,1.012282085,0.996319766,0.976861694,0.954281531,0.939612625,0.925677642,0.940038339,0.962375532,0.956638359,0.90188147,0.922393422,0.955981633,0.970771453,0.990603533,1.000969985,0.989702493,0.968277839,0.947014385,0.916919186,0.874794386,0.826261785,0.800959764,0.778703212,0.753636516,0.727185734,0.690778954,0.637446867,0.600329506,0.615844956,0.668041709,0.654632656,0.637345041,0.620078351,0.602292297,0.58791248,0.571128303,0.553601808,0.534880976,0.515892402,0.502431842,0.4992825,0.498858007,0.500093732,0.502220172,0.504739797,0.507590763,0.511425299,0.514708882,0.518080212,0.523059275,0.529169239,0.535002886,0.540213762,0.546029156,0.552570747,0.560143219,0.566938109,0.573415555,0.579258882,0.584456888
CML322,CS,2012,WW,CS12_WW,60.5,60.5,270.5,119.35,5343.5,13.85,111.075,7894.5476325,143.7305,986.655,95,2.5,2.5,16,1.361022553,1.33720357,1.313623902,1.291818,1.269044514,1.247199518,1.233327871,1.228595099,1.229114807,1.230937265,1.208853543,1.193657179,1.175551005,1.152950369,1.109524317,1.12383093,1.140402437,1.160858079,1.143192118,1.130848402,1.12025193,1.10619824,1.0932594,1.085055001,1.07996251,1.078389886,1.081673064,1.091080814,1.106556502,1.127136559,1.147233999,1.175855055,1.158194102,1.136888919,1.113330188,1.096819011,1.077263385,1.05563375,1.036023425,1.010430023,0.989144245,0.973122262,0.953873655,0.931488463,0.917021918,0.903604554,0.917650258,0.939658349,0.935639223,0.880074027,0.898992185,0.931772918,0.946990736,0.96669243,0.976781507,0.965208267,0.943910851,0.922964961,0.893496585,0.852649476,0.805781213,0.78149279,0.760387033,0.736119678,0.710493227,0.675349936,0.624252639,0.588632484,0.603386728,0.654187694,0.641317415,0.624434471,0.607893006,0.590793042,0.576642873,0.560355241,0.543262394,0.525066669,0.506419792,0.493204043,0.490095046,0.48962777,0.490792554,0.492956763,0.495378351,0.498269136,0.502056141,0.505266543,0.508583318,0.513602293,0.519610043,0.525465632,0.530610696,0.536439332,0.542999161,0.550444361,0.557238158,0.563679499,0.569443092,0.574739291
CML323,CS,2012,WW,CS12_WW,57.5,59,255.25,123.2,5156.5,15.15,134.65,7617.819046,136.4195,1023.88,90,3.82,2.745,15.3333333333333,1.36947078,1.346779189,1.324145311,1.303069241,1.280990829,1.259578464,1.24568125,1.240815498,1.241289138,1.243122412,1.22187792,1.206491197,1.188260762,1.165410347,1.122646866,1.137460416,1.154163978,1.174038936,1.15634484,1.144124644,1.13352145,1.119496555,1.106431641,1.098196213,1.09303589,1.09145927,1.094831734,1.104404351,1.120016551,1.14068581,1.160639731,1.18879537,1.17077981,1.149669234,1.12624199,1.109484671,1.089852387,1.068108605,1.04802605,1.021967382,0.999929465,0.98344187,0.96344907,0.94039363,0.925574243,0.911475515,0.926340586,0.949367248,0.944860369,0.888069955,0.909029478,0.943495561,0.958959702,0.978955778,0.989216184,0.977466181,0.955335935,0.933520785,0.902732228,0.860031737,0.811222225,0.786042282,0.764037011,0.739235217,0.712992393,0.676988746,0.624637048,0.588608031,0.603760549,0.655749363,0.642851015,0.625699898,0.608684066,0.591175624,0.5769163,0.560655954,0.543564845,0.525330526,0.50677625,0.493609297,0.490507593,0.490127294,0.491394971,0.493701751,0.496212641,0.499138521,0.503023084,0.506243365,0.509580262,0.514590303,0.520571912,0.526417877,0.531533349,0.537235404,0.543774006,0.551186957,0.557837305,0.564106532,0.56983262,0.575008302
CML328,CS,2012,WW,CS12_WW,55.5,54.5,222.25,107.95,3997,14.05,141.625,5905.1030405,107.2695,1195.925,92.5,5,4.695,15.6666666666667,1.377030902,1.353625244,1.330643421,1.309454851,1.287639709,1.266673195,1.253804179,1.249641191,1.249990525,1.252163602,1.231711917,1.219342539,1.203796564,1.18350596,1.141388242,1.154242267,1.170076387,1.189968683,1.172155752,1.160341993,1.150430625,1.137425621,1.125116748,1.117142782,1.111901475,1.109978366,1.112394668,1.120402822,1.133971708,1.152599462,1.17103457,1.197481338,1.18092799,1.161151698,1.13939168,1.124154245,1.106222317,1.08634119,1.068415247,1.045015797,1.025603108,1.010930004,0.993176091,0.972347828,0.958723186,0.946293692,0.960929551,0.983428525,0.979947447,0.925712717,0.941477975,0.970996061,0.986262324,1.006321192,1.016821703,1.005864412,0.985227514,0.964964887,0.936196332,0.895893682,0.848942222,0.824337103,0.802682911,0.777702291,0.75098797,0.714452887,0.661611456,0.625912276,0.642232958,0.692676163,0.678663592,0.661086902,0.643877569,0.626204,0.611685469,0.595099448,0.577630823,0.558877073,0.539668891,0.525833568,0.522625628,0.522016648,0.52291386,0.524703945,0.526753176,0.529268906,0.532623743,0.535536308,0.538572497,0.543384896,0.549299656,0.555303568,0.56066063,0.566679086,0.573814715,0.581781571,0.589038479,0.59593391,0.601935714,0.607395843
CML331,CS,2012,WW,CS12_WW,60,61,276.85,116.85,6298.5,14.35,155.3,9306.0284,168.225,1472.545,96.5,3.45,3.32,15.6666666666667,1.376517142,1.350260915,1.324268809,1.299953047,1.274260635,1.249471292,1.233472449,1.228008667,1.228996408,1.232278798,1.207727275,1.19175017,1.172234026,1.147504105,1.100299638,1.117145094,1.136548549,1.161263938,1.141243084,1.127477408,1.115699627,1.100155369,1.085754543,1.076603776,1.070890072,1.069107257,1.072771719,1.08335804,1.100852482,1.124109384,1.146830569,1.179264735,1.160062512,1.136299723,1.110242445,1.091378524,1.069598483,1.045640499,1.023610754,0.995479249,0.971934612,0.954596525,0.933729366,0.909971701,0.894872153,0.880894068,0.895695473,0.919274671,0.914672586,0.859159555,0.877527049,0.911956691,0.93031258,0.953414535,0.965724621,0.953958351,0.931043876,0.908693727,0.877516922,0.83484809,0.786949912,0.762405582,0.740929885,0.716997373,0.692324721,0.65866848,0.609886292,0.576815235,0.591749971,0.636903666,0.625059485,0.60962371,0.594191627,0.578238482,0.565198,0.550165475,0.534212663,0.517265183,0.499787892,0.487134089,0.484249908,0.483910144,0.485040699,0.486996137,0.489201376,0.491817998,0.495330835,0.498370889,0.501423254,0.506285245,0.512174874,0.518065532,0.523388581,0.529332955,0.536351795,0.544145067,0.551398553,0.558213863,0.564391446,0.569794163
CML341,CS,2012,WW,CS12_WW,62,62,278.1,142.25,6305.5,12.55,145.3,9315.9929235,172.1385,1150.435,80,17.5,3.465,15.3333333333333,1.351042776,1.324925908,1.29907955,1.275293416,1.250424394,1.226514223,1.21157682,1.206986263,1.20806463,1.210764439,1.186492276,1.17152109,1.152995206,1.129334779,1.08133695,1.096595828,1.115203396,1.140054764,1.120035618,1.106506541,1.095066792,1.080016168,1.065989799,1.057086188,1.051539439,1.049799651,1.053416064,1.063686022,1.080564589,1.103324771,1.125579584,1.157134556,1.138407122,1.115294801,1.089832855,1.071530588,1.050495535,1.027375942,1.00629012,0.979366914,0.95701345,0.94054423,0.920899447,0.898425111,0.884276318,0.871095079,0.885154798,0.906993875,0.902402743,0.848562667,0.866795494,0.900228692,0.91567137,0.936554961,0.947825697,0.935612063,0.913015056,0.891103487,0.860664529,0.819328004,0.773128186,0.749678903,0.729446849,0.70646793,0.682511545,0.64924199,0.600801628,0.567617844,0.581906541,0.629546557,0.617834543,0.602331089,0.586981968,0.570952319,0.557709948,0.542532745,0.526603045,0.509740715,0.492433119,0.479908363,0.477039966,0.476758751,0.478033387,0.480271481,0.482761645,0.48564581,0.489506545,0.492754349,0.496115755,0.501060068,0.507108173,0.512930807,0.518041349,0.523832269,0.530384258,0.537747815,0.54443574,0.550864363,0.556714415,0.561880371
CML343,CS,2012,WW,CS12_WW,63,63,266.7,116.85,6081.5,15.1,137.675,8985.2822395,161.165,1348.435,96.5,3.605,2.955,13.6666666666667,1.339260151,1.315289372,1.291720586,1.269809512,1.246866908,1.22482733,1.210750556,1.206012901,1.206599831,1.208901469,1.186928397,1.171874228,1.153582569,1.13073614,1.087808456,1.102591554,1.119819096,1.14109737,1.122770946,1.110255282,1.099539305,1.085422103,1.07224287,1.063792708,1.058486208,1.056809037,1.059987545,1.069416481,1.084939005,1.105699104,1.126012397,1.154840013,1.136994092,1.115633189,1.09212931,1.075451019,1.055937186,1.034381845,1.014700253,0.98914041,0.967688028,0.951693672,0.932416783,0.910074102,0.895721722,0.882385994,0.896947285,0.919501873,0.915015267,0.860970606,0.881020151,0.914573908,0.92974686,0.949819091,0.960335872,0.948906842,0.927242025,0.9059314,0.876035822,0.8347101,0.78779037,0.763677295,0.742582024,0.718926275,0.693944383,0.659693818,0.609703293,0.575416208,0.590113378,0.639137005,0.626681534,0.610340874,0.594144872,0.57743674,0.563932605,0.54838978,0.532065884,0.5147376,0.497105697,0.484548921,0.481634282,0.481355802,0.482576984,0.484705655,0.487032795,0.489906384,0.493752989,0.496882833,0.500177678,0.50515221,0.511238738,0.517140513,0.52229212,0.528002273,0.534692008,0.542304604,0.549179768,0.555704679,0.561737904,0.567134236
CML348,CS,2012,WW,CS12_WW,58.5,60,269.25,129.55,3049.5,12.75,130.7,4505.63598,82.8705,1042.485,95,2.5,3.25,12.6666666666667,1.35813586,1.333191523,1.30861609,1.286033676,1.262330999,1.239760718,1.225594863,1.22099713,1.221609968,1.223772579,1.200440204,1.185639283,1.168145877,1.145851379,1.099862327,1.113865851,1.131081789,1.154263321,1.13570435,1.123070952,1.112419649,1.098380231,1.085299989,1.076995693,1.071812084,1.070200274,1.073630928,1.083306611,1.099270239,1.120870551,1.142084941,1.172319851,1.15555583,1.133802149,1.109798283,1.092694186,1.072702134,1.05068174,1.030538995,1.004646354,0.982977287,0.966937411,0.947571882,0.925275995,0.9109087,0.897506066,0.911226549,0.932676227,0.927380958,0.874221649,0.892588229,0.924918318,0.939850586,0.959959782,0.971176926,0.960364879,0.939150169,0.91831911,0.888780725,0.847897868,0.801116879,0.777041031,0.755897363,0.731944099,0.706856191,0.672304855,0.621641441,0.58635402,0.601066763,0.650968763,0.638188852,0.62175582,0.605525341,0.588700691,0.574790982,0.558682226,0.541799137,0.523745044,0.505387269,0.492288151,0.489237367,0.488769065,0.489935068,0.492096973,0.494536403,0.497395442,0.501222614,0.504438551,0.507679432,0.51270022,0.518653859,0.524466901,0.529548595,0.535205942,0.54178338,0.549176622,0.555918415,0.562200719,0.568040986,0.573216031
CML366,CS,2012,WW,CS12_WW,58.5,56.5,260.35,119.4,6078.5,15.8,156.575,8979.94291,159.3955,1290.39,95,3.495,3.5,14.6666666666667,1.377554493,1.350798566,1.324718938,1.300682302,1.275594561,1.251583009,1.236851531,1.232245783,1.233293403,1.235921289,1.211252647,1.197186921,1.179924451,1.157628738,1.110480255,1.124922684,1.142993047,1.168097351,1.148264988,1.13486888,1.123798362,1.109219584,1.095634183,1.086810672,1.081184294,1.079232116,1.082325922,1.09181906,1.107777525,1.129682068,1.15130474,1.182429238,1.165455385,1.143302399,1.118819505,1.101266196,1.081009433,1.058925206,1.03863703,1.012924179,0.991567656,0.975865749,0.957011269,0.935462474,0.921743068,0.908997738,0.922643506,0.94385107,0.939258835,0.887894033,0.903640447,0.934763202,0.951173678,0.972844536,0.984722806,0.973990681,0.952832547,0.932015861,0.902884133,0.862729671,0.817199697,0.793728494,0.772959827,0.749842162,0.725506334,0.691939923,0.642461152,0.608794657,0.624023848,0.669909646,0.657809119,0.642171661,0.626469738,0.610096307,0.596795355,0.581356185,0.565015262,0.547523171,0.529581016,0.516454654,0.513401475,0.512973803,0.514056877,0.516055648,0.518201422,0.520806944,0.52437331,0.527387488,0.530447519,0.535285706,0.541290119,0.547107472,0.552408068,0.558424896,0.565314677,0.573170532,0.580268992,0.58697692,0.593072674,0.598405467
CML376,CS,2012,WW,CS12_WW,62,62.5,276.9,128.25,5499,15,137.25,8124.964464,145.9975,1094.985,95,1.5,3.11,16.3333333333333,1.390736217,1.365635959,1.341174197,1.318701029,1.29550036,1.273489382,1.260282758,1.256228285,1.256646179,1.258338931,1.235529939,1.222648409,1.207140806,1.186792981,1.141934003,1.153658985,1.169090984,1.190189517,1.17244439,1.160445241,1.150485872,1.137437195,1.125106489,1.117253496,1.1122383,1.110494035,1.113195269,1.121689184,1.135885832,1.155478357,1.174996058,1.203200551,1.187665304,1.16736465,1.145066441,1.129094024,1.110836729,1.090825523,1.072505822,1.049235512,1.029924999,1.015511674,0.998130622,0.977971285,0.964970339,0.952691806,0.965491825,0.985152588,0.980965807,0.93037069,0.945811947,0.974397189,0.987946425,1.006657862,1.016943564,1.006786899,0.987314608,0.968051027,0.940819233,0.902581093,0.858233873,0.835033789,0.814546871,0.791109934,0.766068261,0.731266303,0.679748453,0.643845088,0.658981291,0.708708355,0.696235236,0.679420726,0.662608043,0.645019723,0.630727916,0.614248721,0.596926559,0.578192567,0.558872109,0.544765278,0.541330262,0.540700994,0.541681686,0.543571634,0.545779201,0.548473151,0.55213267,0.555178033,0.558391143,0.563253066,0.569223165,0.575009211,0.580055932,0.585860279,0.592297512,0.599716161,0.606449909,0.612842144,0.61845413,0.62344171
CML38,CS,2012,WW,CS12_WW,61.5,62,270.55,124.45,5690,14.8,133.15,8406.20469,151.406,1042.67,92.5,5,3.155,14.6666666666667,1.359231545,1.334614934,1.310318889,1.287951786,1.264520578,1.242076102,1.228263372,1.223689513,1.224361372,1.226317035,1.20339914,1.188805226,1.171561921,1.149644495,1.104469232,1.117852283,1.134365099,1.156305932,1.138130944,1.125676841,1.115163678,1.101233071,1.088291983,1.080065822,1.074905781,1.073237272,1.076355516,1.0855171,1.100830173,1.121604328,1.14205409,1.171419076,1.154861545,1.133700782,1.110368828,1.093570762,1.074166844,1.053137724,1.033596726,1.008891498,0.988146063,0.97288944,0.954449036,0.933339887,0.919935566,0.907108993,0.920306837,0.940750299,0.936478777,0.884278456,0.901426605,0.932607505,0.947017591,0.966386931,0.976893481,0.966206211,0.945680095,0.925454058,0.897020764,0.857522829,0.812434303,0.789170894,0.768770773,0.745711295,0.721085672,0.686955264,0.636726711,0.602026746,0.616646832,0.666769878,0.654446851,0.638085175,0.621887814,0.605045534,0.591152776,0.575247216,0.558546106,0.540605643,0.522203984,0.508833952,0.505677334,0.505231825,0.506410703,0.508646364,0.51111389,0.513974163,0.517883064,0.521060363,0.524276734,0.52925795,0.535242043,0.541002783,0.546114954,0.551688207,0.558120562,0.56532433,0.571842994,0.577987121,0.583619365,0.588483569
CML423,CS,2012,WW,CS12_WW,56,56.5,242.6,111.75,5076,14.15,152.25,7499.7981675,136.0605,1347.695,96.5,4.235,4.575,16,1.341412386,1.315606036,1.289265051,1.264385329,1.237941391,1.212370416,1.195119063,1.188998246,1.190300781,1.194888301,1.171342967,1.152751506,1.130535786,1.103259649,1.056523331,1.075957125,1.096900401,1.12142682,1.100716658,1.08624552,1.073474128,1.05652754,1.040823864,1.030895306,1.02479424,1.022957854,1.027011971,1.038565884,1.05729234,1.081848216,1.105406812,1.138998444,1.11637936,1.091113718,1.063479406,1.043629452,1.020729817,0.995799831,0.972697841,0.943377116,0.918820037,0.900788758,0.879175843,0.854810342,0.839547981,0.825123536,0.840409403,0.864931832,0.861230349,0.80377673,0.824953425,0.862212203,0.880234,0.903049124,0.915010539,0.901708003,0.877060777,0.853301497,0.820715531,0.777077843,0.729128614,0.705009036,0.68434435,0.661287148,0.637607739,0.60504231,0.557985501,0.526157143,0.540194913,0.585125577,0.574210485,0.559272031,0.544292036,0.528825752,0.516241498,0.501817413,0.486715827,0.47058088,0.454029947,0.442247291,0.439563416,0.439234474,0.440456647,0.442529561,0.444835482,0.447525094,0.451211125,0.454233442,0.457386697,0.462175641,0.46792356,0.47360156,0.478480299,0.484091583,0.490423476,0.497689699,0.504420251,0.510816684,0.516613783,0.521805136
CML450,CS,2012,WW,CS12_WW,61,61,274.35,125.75,6707.5,14.95,135.85,9909.9890055,178.121,1441.35,96.5,1.5,2.395,16.6666666666667,1.354858055,1.330195191,1.305459192,1.282272811,1.257879396,1.234394714,1.219062034,1.213783774,1.214498719,1.217282927,1.194740185,1.177890848,1.158037364,1.133341536,1.0884398,1.104644925,1.1228154,1.144268273,1.125646417,1.112595422,1.101266983,1.086241501,1.072266282,1.063445733,1.057936579,1.056230906,1.059805703,1.070068811,1.086892958,1.10911786,1.1307213,1.16172643,1.142277582,1.119343659,1.094181793,1.076070222,1.055203074,1.032403034,1.011320976,0.984460503,0.961827582,0.945177322,0.925090541,0.902223474,0.887835594,0.874125301,0.888392732,0.911036328,0.907629596,0.851485683,0.870929027,0.905172603,0.921535412,0.942469267,0.953353786,0.941483846,0.919113532,0.897337272,0.866990405,0.825697485,0.779273745,0.755507875,0.734956308,0.711745226,0.687209088,0.653562973,0.604580831,0.570962121,0.585362485,0.633841084,0.622285013,0.606326566,0.590411696,0.573950485,0.560507302,0.545162785,0.529065518,0.511810181,0.493974551,0.481224074,0.478268299,0.47789091,0.479122678,0.481305267,0.483721259,0.486548752,0.490407405,0.49360515,0.496889845,0.501905943,0.507899991,0.513702299,0.518800094,0.524512271,0.531012659,0.538445646,0.545009942,0.551506083,0.557205666,0.56228439
CML479,CS,2012,WW,CS12_WW,60,60.5,281.95,119.4,6871.5,13.4,136.65,10152.106584,185.974,1178.85,91,2.5,2.915,16,1.360662246,1.337115308,1.313445039,1.291314706,1.268096901,1.245628412,1.230942679,1.225788937,1.226332001,1.228751966,1.207240313,1.190314674,1.170805998,1.147108318,1.103380495,1.118507004,1.13606283,1.157100915,1.138465843,1.125715094,1.114793052,1.10036318,1.086967715,1.078391356,1.073135361,1.071399374,1.074639655,1.084267597,1.100069221,1.121239956,1.141865262,1.171092632,1.151714188,1.129764079,1.105862213,1.088799647,1.069036319,1.047307154,1.027486379,1.001933002,0.980692272,0.964844757,0.945834175,0.923859339,0.909679076,0.896593187,0.91064301,0.932684751,0.928587316,0.873565894,0.892588496,0.925308473,0.939942432,0.959337991,0.969558655,0.95797345,0.93645911,0.915393492,0.885989186,0.845563182,0.799503927,0.775829118,0.755159918,0.731518538,0.706541773,0.672171583,0.621879885,0.586756765,0.601358344,0.651417045,0.638542788,0.621873166,0.605395359,0.588473716,0.574517027,0.558437951,0.541494201,0.523426899,0.504980202,0.491832082,0.48877591,0.488316606,0.489469345,0.491579873,0.493891597,0.496713638,0.500456955,0.503615295,0.506892892,0.511718799,0.517648129,0.52333404,0.528336492,0.53397561,0.540524018,0.547694932,0.554379203,0.560707189,0.566400903,0.571517587
CML50,CS,2012,WW,CS12_WW,61.5,60,278.15,147.3,5207,14.2,139.175,7693.0212515,139.335,1281.165,96.5,6.77,3.555,14,1.361710068,1.338161348,1.314348488,1.292146118,1.268567352,1.245961355,1.231264642,1.226176029,1.226848615,1.229744025,1.20805252,1.191561872,1.172335943,1.148321656,1.104190556,1.120154451,1.138102721,1.159242068,1.141027377,1.12828035,1.117193388,1.102351091,1.088600068,1.079885823,1.074466492,1.072865734,1.076452867,1.086696496,1.10335546,1.12525537,1.146378769,1.17667818,1.157918188,1.135502625,1.110623435,1.093012325,1.072331021,1.049547177,1.028543221,1.001359671,0.978470179,0.961428889,0.940830672,0.917134845,0.902164751,0.887761474,0.902862121,0.926636562,0.9229672,0.865415028,0.88615927,0.921650401,0.93823083,0.959289931,0.970218743,0.95817712,0.935430124,0.913119977,0.881861657,0.838937938,0.79028303,0.765222238,0.743599675,0.719132814,0.693426655,0.658212705,0.607306279,0.572241403,0.586848185,0.636821733,0.624594943,0.607940257,0.591313859,0.57428336,0.560499683,0.54466485,0.528015237,0.51037054,0.492090112,0.479055782,0.475994202,0.475596619,0.476812093,0.478931584,0.481318013,0.484147737,0.487916833,0.491169284,0.494342866,0.499405685,0.505355333,0.51118097,0.51626797,0.521989301,0.528593521,0.53601392,0.542805218,0.549273268,0.555100669,0.560376328
CML69,CS,2012,WW,CS12_WW,61,62,279.4,127,5545,13.6,138.3,8192.303608,149.581,1222.21,95,3.415,3.125,13.3333333333333,1.364429843,1.340685879,1.31719075,1.295466693,1.272654132,1.250850087,1.236808693,1.231971077,1.232322747,1.234174995,1.212478448,1.197413781,1.179869921,1.157838723,1.115052289,1.128573561,1.14476869,1.165036113,1.147512694,1.135545325,1.125358302,1.111871885,1.099376532,1.091403308,1.086492148,1.085011461,1.088195905,1.097417176,1.112518972,1.132793306,1.152667159,1.181108543,1.163604589,1.142702093,1.119785369,1.103408006,1.084481925,1.063615197,1.04456976,1.020011572,0.999395876,0.98396378,0.965245745,0.943606622,0.929594936,0.916237099,0.929870814,0.951040231,0.946262717,0.89378245,0.912931482,0.944743485,0.959107626,0.977998896,0.988090781,0.977218269,0.956563415,0.936342425,0.907675375,0.867664063,0.821261808,0.797040232,0.775604766,0.751436882,0.725736896,0.690295836,0.638174423,0.601617681,0.616191689,0.667460116,0.655009154,0.63788577,0.620795475,0.603026088,0.58875185,0.572356794,0.555058305,0.536514318,0.517495652,0.503862875,0.500652237,0.500143305,0.501325231,0.503475407,0.505860883,0.508772792,0.512662425,0.515910284,0.519225649,0.524299719,0.530465122,0.536326324,0.541516407,0.547212852,0.553854406,0.561353297,0.568115114,0.57455031,0.580405137,0.585496633
CML91,CS,2012,WW,CS12_WW,57,59.5,259.1,97.8,3507,11.9,147.875,5181.2339415,96.2675,1096.065,91,3,4.48,14.6666666666667,1.332576831,1.308078389,1.283846197,1.261481258,1.237769969,1.214810771,1.19990349,1.194757504,1.19548913,1.198384043,1.175512638,1.159842829,1.141026478,1.11739703,1.072506837,1.088154555,1.106140489,1.128556848,1.109351862,1.096388654,1.085265898,1.070613464,1.056855984,1.04816613,1.042759674,1.041105283,1.044689746,1.05484965,1.071540051,1.093654135,1.115054152,1.145332896,1.12626294,1.103733871,1.078827439,1.061268681,1.040476452,1.017784702,0.996903565,0.969994019,0.947579607,0.930893107,0.910887641,0.887931466,0.873334674,0.859626123,0.874063189,0.896794176,0.891917324,0.837664018,0.857760361,0.89232064,0.908296126,0.92908233,0.940071999,0.928016904,0.905421733,0.883337141,0.852655996,0.810801851,0.763940985,0.740065746,0.719471516,0.696156467,0.671862677,0.638395234,0.589573401,0.555933383,0.570110981,0.617766395,0.605999378,0.590278743,0.574525414,0.558212435,0.544976477,0.529649956,0.513632083,0.496477447,0.478925138,0.466272011,0.463400136,0.462988977,0.46426235,0.46641693,0.468800198,0.471605912,0.475321152,0.478455447,0.481578106,0.486458445,0.492225901,0.49787239,0.502754199,0.508339109,0.514595033,0.521804289,0.528319638,0.534512315,0.540082372,0.545057576
CML92,CS,2012,WW,CS12_WW,60.5,61.5,273.05,116.8,5096,13.25,126.5,7529.4568725,138.1755,977.68,92.5,5,8,17,1.330294203,1.305559993,1.281060838,1.258273982,1.234180077,1.211192825,1.196418809,1.191306992,1.192180027,1.194801519,1.171878306,1.156138321,1.137350317,1.114025887,1.070006822,1.085392738,1.102911726,1.124287452,1.105791687,1.092988691,1.081982563,1.067355442,1.053849781,1.045313795,1.040042004,1.038605073,1.042169285,1.052177912,1.068559302,1.090207881,1.111186022,1.141120442,1.122178128,1.099984066,1.075593273,1.058093124,1.037873974,1.015762328,0.995428432,0.969458794,0.947670715,0.931622075,0.912252318,0.890194231,0.876340198,0.863037517,0.876595062,0.897779811,0.893483683,0.840842294,0.860016402,0.89304218,0.908505535,0.928163175,0.938168431,0.926356851,0.904859314,0.884029037,0.854944113,0.815147292,0.770454743,0.74763246,0.727658447,0.705326285,0.681852414,0.649325585,0.601838726,0.568897636,0.582437661,0.629275529,0.618199882,0.602955085,0.587587766,0.571591986,0.558735227,0.543863279,0.52821764,0.511386706,0.494020093,0.481466778,0.478573455,0.478238745,0.479604737,0.482034986,0.484414623,0.487404686,0.491207471,0.494326477,0.497521986,0.502457415,0.50830827,0.513974578,0.518897912,0.524386495,0.530718734,0.537843968,0.544249893,0.550347977,0.555923977,0.560749392
CO255,CS,2012,WW,CS12_WW,49.5,50.5,215.9,80,2922.5,13.3,118.15,4317.56621,79.0605,1588.775,89,5,4.27,16,1.345174177,1.320892177,1.29571838,1.271602815,1.245965241,1.221090588,1.204322411,1.198078116,1.199384529,1.203479837,1.181569322,1.161403969,1.138593441,1.111040067,1.06621449,1.08612983,1.106265856,1.126721009,1.108129867,1.094461427,1.081896823,1.064919718,1.049405221,1.039637951,1.033770741,1.032133338,1.036351925,1.048014154,1.066784714,1.090819193,1.113620044,1.146492184,1.123507233,1.098457449,1.070986427,1.051197776,1.02844014,1.003520833,0.980434313,0.950926476,0.926082069,0.907755455,0.8858557,0.861103381,0.845710258,0.831131655,0.846718957,0.871392326,0.870196267,0.808708633,0.829723442,0.867106991,0.885864386,0.908184746,0.919058431,0.905671447,0.881416942,0.858033632,0.826102731,0.782982916,0.735507496,0.711558812,0.691142809,0.66815918,0.644282829,0.611946298,0.565373427,0.534084833,0.547696632,0.592857351,0.582674929,0.567805063,0.552731058,0.537162396,0.524701407,0.510550222,0.495795058,0.479926055,0.463535034,0.451737026,0.449089618,0.448861898,0.450056454,0.452143794,0.454516213,0.457191068,0.460893732,0.464016354,0.46711956,0.472010735,0.477829973,0.483422002,0.488351422,0.493984775,0.500355834,0.507658964,0.514215623,0.520733832,0.526455524,0.531575573
DE2,CS,2012,WW,CS12_WW,58.5,60,266.7,104.15,4393.5,14.15,125.075,6490.8822335,117.7705,1268.09,88.5,7.5,3.275,17,1.325287561,1.301767925,1.277594088,1.254653889,1.230133226,1.206414396,1.190239044,1.184333021,1.185184481,1.188871113,1.167666286,1.149479507,1.127755055,1.101423111,1.057750602,1.076307013,1.096007833,1.116304698,1.097012621,1.083504296,1.071436029,1.0553521,1.040476526,1.031133546,1.025347865,1.023563945,1.027336315,1.038210492,1.055817041,1.078646247,1.1003631,1.131269049,1.109258874,1.085612617,1.059731822,1.040868394,1.019257619,0.995638007,0.97367244,0.945773276,0.92213914,0.904849459,0.884062881,0.860596736,0.846012039,0.832072616,0.847137928,0.870916565,0.867787037,0.81155199,0.831953391,0.867934272,0.884963008,0.906619865,0.917521638,0.904580792,0.880826004,0.858022578,0.826630686,0.78435077,0.73778432,0.714316205,0.694014573,0.671723147,0.64864575,0.616785434,0.570597199,0.539536045,0.553971738,0.599072049,0.588629369,0.573989839,0.559336439,0.5442237,0.53207695,0.518142374,0.503568652,0.488065718,0.472297617,0.461193789,0.458897382,0.458891799,0.460542592,0.463066501,0.46570029,0.468673869,0.472643526,0.475913453,0.479268368,0.484270567,0.490305773,0.49617286,0.501235694,0.507014604,0.513615599,0.521004455,0.527798153,0.534370042,0.540272658,0.545497415
E2558W,CS,2012,WW,CS12_WW,59.5,61,264.15,118.1,3743.5,12.4,138.9,5530.9847135,102.3585,1341.865,87,10,4.335,14.6666666666667,1.313661096,1.289173309,1.264450237,1.241174031,1.21637681,1.192427155,1.176587385,1.170844701,1.171679144,1.174944068,1.152344783,1.133870957,1.112563436,1.086551502,1.040910827,1.058864985,1.078612919,1.101720291,1.082004006,1.068308834,1.056281681,1.040322231,1.025504756,1.01613933,1.010363293,1.008654892,1.012475812,1.023379229,1.041155951,1.064561328,1.087163095,1.119126333,1.098327825,1.074477177,1.048225616,1.029206539,1.007289897,0.983289872,0.960974696,0.932566076,0.908650391,0.891084775,0.869981299,0.846147443,0.831310221,0.817192041,0.832370397,0.856426106,0.853430379,0.794600663,0.814938821,0.851022844,0.868219383,0.890442996,0.902158379,0.889502998,0.865736711,0.842783344,0.811060011,0.768204013,0.720736464,0.696863976,0.676603676,0.653670365,0.629606985,0.596990215,0.550494096,0.519348491,0.533480925,0.58011985,0.568557896,0.553454613,0.538760125,0.52356857,0.511018722,0.496758996,0.481918312,0.466148501,0.450163435,0.438745813,0.436196755,0.435899591,0.437215537,0.4393308,0.441695549,0.444359645,0.448142925,0.451170231,0.454263967,0.459033766,0.464742029,0.470307261,0.475148604,0.480675879,0.486796139,0.493908607,0.50037373,0.506672485,0.512325994,0.517360418
F6,CS,2012,WW,CS12_WW,63,63,274.35,124.45,3926.5,13.55,121,5801.3184645,106.143,923.83,90,5,3.755,14,1.358396815,1.336102098,1.314035634,1.293760395,1.272558165,1.252076974,1.239207931,1.234770771,1.234998569,1.236246609,1.215604712,1.201168054,1.184139118,1.16284304,1.121945475,1.135111323,1.150424054,1.168681802,1.151760811,1.140175205,1.130155425,1.116950673,1.104642584,1.096781636,1.091783643,1.09017469,1.092928382,1.101413872,1.1155416,1.134392395,1.152753513,1.179073803,1.161971313,1.142109867,1.120332928,1.105120634,1.086986366,1.066926779,1.048726946,1.024689033,1.00463891,0.989391306,0.970930992,0.949213596,0.935046614,0.921923669,0.936059949,0.957855864,0.954590269,0.898670456,0.917395673,0.949294951,0.963623061,0.982332872,0.991848579,0.980683878,0.960145083,0.939797471,0.911106834,0.87095339,0.824234246,0.79994454,0.778775783,0.754216332,0.728151455,0.692409895,0.640525063,0.604808009,0.61986161,0.671390482,0.658639644,0.641549892,0.624681054,0.607184309,0.592966515,0.576809858,0.559791062,0.54160366,0.52300412,0.509686478,0.506524858,0.506072653,0.50722233,0.509229758,0.511617641,0.514447827,0.518327691,0.521556124,0.524853747,0.529999263,0.53612222,0.542129574,0.547318886,0.55316603,0.559937398,0.567452635,0.574365477,0.580950359,0.586798563,0.592149936
GR3,CS,2012,WW,CS12_WW,58,58,257.8,111.75,5666,14.55,137.1,8371.641134,151.2305,1359.47,95.5,1,2.805,15.3333333333333,1.332728319,1.308845444,1.284987996,1.262721079,1.239383051,1.216744866,1.201823894,1.196584763,1.197332289,1.200085294,1.177798654,1.160806102,1.140860635,1.116414835,1.072903428,1.089400558,1.107455699,1.128955342,1.110240667,1.097233447,1.085886629,1.070879559,1.056948958,1.048165773,1.042804129,1.041212636,1.044844962,1.055127849,1.071848817,1.093755213,1.114805673,1.144865753,1.125632495,1.103170974,1.078331514,1.060478713,1.039765036,1.017038425,0.995927767,0.968826602,0.945976917,0.92905832,0.908651576,0.885334048,0.870641312,0.85665682,0.871646129,0.895148939,0.891363829,0.834623996,0.855531441,0.890956218,0.907372519,0.928140213,0.938690076,0.926305436,0.903549402,0.881348838,0.850426225,0.808258315,0.760924773,0.736822595,0.715944534,0.692522403,0.667943189,0.634178674,0.585376686,0.55202797,0.56651379,0.614553339,0.602673381,0.586843582,0.570995804,0.554673828,0.541491104,0.526369312,0.510558467,0.493670474,0.476388317,0.464114578,0.461361673,0.461091418,0.462426161,0.464683547,0.467135287,0.470022402,0.473904581,0.477108425,0.480313628,0.485291928,0.491247236,0.49704214,0.502170533,0.507792551,0.51432866,0.521584879,0.528286441,0.534659083,0.540416241,0.545532394
GT112,CS,2012,WW,CS12_WW,62,64,299.7,116.85,4668.5,15.4,159.35,6897.0484815,123.323,1713.1,91.5,5,4.97,15.6666666666667,1.405072751,1.382037427,1.359232814,1.337954078,1.315252962,1.293304496,1.279126656,1.273855565,1.27413819,1.27612656,1.253779701,1.237465597,1.218287116,1.194491363,1.150372938,1.165852014,1.183481456,1.204921858,1.186415575,1.173593524,1.162646585,1.148178325,1.134630961,1.126015553,1.120639467,1.119050859,1.122694729,1.132757716,1.14914579,1.170715736,1.191461239,1.22049144,1.201709139,1.179853802,1.155691797,1.138065956,1.117540038,1.0946352,1.073232786,1.045536922,1.021534891,1.003744861,0.981901415,0.956707217,0.940480561,0.924951,0.940899108,0.966057514,0.960243313,0.899877951,0.923376554,0.961268572,0.978086859,0.999901146,1.01128035,0.99864278,0.974817116,0.951390924,0.918313296,0.872450141,0.820159336,0.793251246,0.769489949,0.743356837,0.715850131,0.678583065,0.624579654,0.587529232,0.603134829,0.655721516,0.642459832,0.624958415,0.607593036,0.589756561,0.575396826,0.558781096,0.541416292,0.522918838,0.504296827,0.491041089,0.48793625,0.487556261,0.488855653,0.491048749,0.493498419,0.496416089,0.50026371,0.503501343,0.506824362,0.511845196,0.517892674,0.523776268,0.528935371,0.534825716,0.541472014,0.54898867,0.555910659,0.562438002,0.568468619,0.573810004
GTAT709,CS,2012,WW,CS12_WW,63,63,241.3,116.8,3103,13.6,120.95,4584.1723125,83.688,986.78,85,10,3.85,15.6666666666667,1.30376656,1.281113492,1.258372074,1.237057784,1.214680244,1.193029432,1.178893994,1.173646415,1.174268375,1.176510774,1.155720398,1.139881719,1.121674105,1.099141883,1.058071165,1.07305397,1.089617703,1.10868641,1.091534538,1.07953139,1.068986587,1.054886233,1.041869203,1.033588865,1.028482429,1.026964529,1.030172721,1.039630151,1.055060429,1.075379112,1.09501024,1.123063986,1.104972667,1.083949428,1.060841069,1.044388519,1.025090723,1.003822369,0.984370982,0.959095789,0.93796537,0.92216446,0.903180852,0.881272904,0.867049807,0.854032923,0.867440632,0.888640639,0.885153567,0.831276344,0.84991474,0.882068764,0.897051635,0.916216698,0.926158502,0.914835248,0.893876703,0.873360025,0.844692252,0.805278163,0.760487643,0.737491554,0.717290414,0.694384906,0.67048379,0.637501651,0.589285489,0.555705913,0.569507681,0.616846167,0.605609418,0.589964579,0.574113352,0.557794683,0.544650537,0.529590421,0.513773601,0.496800766,0.479220848,0.466620438,0.463702721,0.463388778,0.464652065,0.466771739,0.469132663,0.471983033,0.475727966,0.478825607,0.482019242,0.486862014,0.492728927,0.498291768,0.503270104,0.508792489,0.515170285,0.522295644,0.52889579,0.535118802,0.540754345,0.545816747
GTAT823,CS,2012,WW,CS12_WW,57.5,57.5,246.4,100.3,5303.5,13.35,125.325,7835.756154,143.3735,1071.6,96.5,3.25,3.505,17.6666666666667,1.341955684,1.317639693,1.292930557,1.269641229,1.245007459,1.221137123,1.205412608,1.199863744,1.200755297,1.204342784,1.182080387,1.164025403,1.143202834,1.117654686,1.071790994,1.089436896,1.10863147,1.129666506,1.110540599,1.097135083,1.085354219,1.069577287,1.054914687,1.045576875,1.039845667,1.038107841,1.041869262,1.052690302,1.070293343,1.093310014,1.115446618,1.147026626,1.126090523,1.102332714,1.076177414,1.05739085,1.035627925,1.011845169,0.989826044,0.96170308,0.938090623,0.92067524,0.899782234,0.876088569,0.861222484,0.847165236,0.862436335,0.886487212,0.883362246,0.824970245,0.845308033,0.881365216,0.898566964,0.920158898,0.931323911,0.918756399,0.895121855,0.872135992,0.840468894,0.797416127,0.749518992,0.725403881,0.704668181,0.681276851,0.656728747,0.623119854,0.574832004,0.54227394,0.556642683,0.605128954,0.593558916,0.577829639,0.562359005,0.546469162,0.533327594,0.518399765,0.502739765,0.486194978,0.469168515,0.456989303,0.454269741,0.453993268,0.455360497,0.457685754,0.460156973,0.463065793,0.466871055,0.470086145,0.473254645,0.478218695,0.484136092,0.489880542,0.494948763,0.50052023,0.506929356,0.514232214,0.520875533,0.527026316,0.532787996,0.537885645
GTCY2,CS,2012,WW,CS12_WW,60.5,61.5,252.75,118.1,5106,12.4,107.325,7543.84682,139.656,976.08,92.5,3.805,3.12,15,1.352489944,1.32812067,1.303604301,1.280447903,1.256147722,1.232453834,1.217009757,1.211563198,1.212444378,1.215603825,1.192362217,1.174878961,1.154211484,1.128786604,1.082597734,1.099705123,1.11903956,1.142559582,1.122593383,1.108866831,1.097082289,1.081497234,1.067044709,1.057842511,1.052160095,1.050418865,1.054228613,1.064962704,1.082455277,1.10562045,1.128012056,1.159672463,1.139652552,1.116201533,1.090298125,1.071881443,1.050274969,1.026438743,1.004610789,0.976337293,0.952845338,0.935305659,0.914312378,0.890255027,0.874885632,0.860746397,0.876213352,0.900380549,0.896013517,0.838410997,0.85937838,0.895814316,0.9126965,0.934523138,0.946061689,0.933666677,0.91018606,0.887267737,0.855276055,0.811665437,0.762881328,0.738091354,0.716832684,0.692727482,0.667760612,0.633554856,0.584155144,0.550511815,0.565049926,0.613721085,0.601553296,0.585547713,0.569810547,0.55358743,0.540221101,0.524917335,0.508921009,0.491986541,0.474656548,0.462249508,0.459392146,0.459041214,0.460323528,0.462619796,0.465071773,0.467958251,0.471783777,0.474940877,0.478246577,0.483180651,0.489072746,0.494930236,0.499991667,0.505774583,0.512263632,0.519739411,0.52643673,0.532900481,0.538896487,0.544105098
GTP50,CS,2012,WW,CS12_WW,57,58,243.85,102.85,4406.5,13.05,140.675,6510.2332675,119.6535,1145.11,90,10,3.405,15.3333333333333,1.357442972,1.332854501,1.308069743,1.284749011,1.260132362,1.236390027,1.220989836,1.21564731,1.216482237,1.219829839,1.196850484,1.179881164,1.160055448,1.135175878,1.088898276,1.10570371,1.124711683,1.147204036,1.127755266,1.114269296,1.102662623,1.087178344,1.072827668,1.063671027,1.058019389,1.056288447,1.059968122,1.070620845,1.087961199,1.11090237,1.133143331,1.164702394,1.145033022,1.121730995,1.095973439,1.076979117,1.055450979,1.03197798,1.009936559,0.982236544,0.958618817,0.941475173,0.920712534,0.897271649,0.882815223,0.868578956,0.883313217,0.906658766,0.902685025,0.845656149,0.86570413,0.900998062,0.9175781,0.939308832,0.950929465,0.938571043,0.915179166,0.892387217,0.860814242,0.817825024,0.769842274,0.745478812,0.724263063,0.701058467,0.676530567,0.642661161,0.593300924,0.559901313,0.574587973,0.622428021,0.610766578,0.595001763,0.579241008,0.562923658,0.549689139,0.534534755,0.518674073,0.501751501,0.484508763,0.472065618,0.469309013,0.468993185,0.470349868,0.472668608,0.475167304,0.47805822,0.482033296,0.485280091,0.488611419,0.493724056,0.499745669,0.505557405,0.510758108,0.516595915,0.523236714,0.530686894,0.537510087,0.544004476,0.550055506,0.555319133
H105W,CS,2012,WW,CS12_WW,56.5,58.5,236.2,106.7,3946.5,13.15,137.725,5831.148705,107.0025,916.805,86,10,3.955,15.3333333333333,1.35732712,1.332875193,1.308470421,1.285680215,1.261718925,1.238578569,1.223841188,1.218801211,1.219734607,1.222892476,1.200338184,1.184914641,1.166526289,1.142993321,1.097440247,1.113087285,1.131072375,1.152249826,1.133146371,1.1200574,1.1087877,1.093739796,1.079719816,1.070732161,1.065074341,1.063313132,1.066720235,1.076768324,1.093233816,1.115079899,1.136131136,1.166183537,1.146906869,1.124426134,1.099626667,1.081925737,1.06135491,1.038728682,1.017930697,0.991229922,0.968921032,0.952344383,0.932435734,0.909640195,0.895134995,0.881594153,0.895993899,0.918372343,0.914074894,0.859889897,0.87909692,0.913109156,0.928808347,0.949358575,0.960246022,0.948150245,0.925507845,0.903492051,0.872841563,0.831122621,0.784393803,0.760553827,0.739798106,0.716610783,0.692643492,0.659069028,0.609835997,0.576134349,0.590575431,0.638222272,0.627211627,0.611614976,0.595759872,0.579238453,0.565963647,0.55080031,0.534773797,0.5176058,0.499977856,0.487025617,0.484102741,0.483805449,0.485146583,0.4875384,0.490137842,0.493096866,0.49706022,0.500368934,0.503700535,0.50872069,0.514934531,0.520748563,0.525861127,0.531671609,0.538175613,0.545610228,0.552342387,0.558804394,0.564579598,0.569610086
H49,CS,2012,WW,CS12_WW,56,57,245.1,104.15,4758.5,13.8,140.55,7030.685878,128.065,1043.785,90,10,3.69,17.6666666666667,1.336104918,1.311670706,1.287252219,1.264495759,1.240353457,1.217070315,1.202103765,1.196962991,1.197782508,1.200922713,1.178238127,1.162192474,1.143203521,1.11929827,1.074174844,1.090169966,1.108234916,1.130457297,1.111927321,1.099055962,1.087916659,1.073111793,1.059327451,1.05056322,1.045134763,1.043489231,1.047103608,1.057426698,1.074229105,1.096503811,1.1180586,1.148820526,1.129846215,1.107183495,1.082155911,1.064147925,1.043281725,1.020375145,0.999129172,0.972031494,0.949162063,0.932270112,0.911887021,0.888672525,0.873992988,0.860034141,0.874455624,0.897155339,0.892450647,0.837286846,0.857137514,0.891562545,0.907679456,0.928605925,0.939713575,0.927912376,0.905461985,0.883482975,0.852834912,0.8109189,0.763926273,0.73989924,0.718907345,0.695633717,0.671298699,0.637926766,0.589115543,0.555761376,0.570127603,0.6177096,0.606424725,0.590860519,0.575307159,0.559119367,0.546036577,0.531035386,0.515243936,0.498477102,0.481246343,0.468921689,0.466142021,0.46593782,0.467324945,0.469624463,0.472155926,0.475080342,0.478924112,0.482134831,0.485341988,0.490258309,0.49618793,0.501922096,0.506950053,0.512633917,0.519145905,0.526352905,0.532910618,0.539169613,0.544967382,0.549892718
H99,CS,2012,WW,CS12_WW,56.5,56,227.3,99.05,4020,13.5,138.825,5938.638993,108.618,549.575,90,5,4.365,14,1.340817859,1.317016808,1.293396952,1.271440155,1.248442955,1.226506397,1.212638014,1.207797143,1.208726625,1.211273798,1.189643402,1.174713987,1.157184562,1.135124252,1.09248726,1.107231069,1.12420198,1.145298053,1.127149499,1.114688786,1.103992347,1.08981585,1.076578893,1.068129847,1.062802728,1.060984033,1.063974722,1.073131178,1.088273119,1.108688157,1.128646108,1.157143227,1.139337485,1.118088489,1.094648739,1.077980509,1.058610635,1.03730279,1.017850248,0.992786594,0.971818231,0.956286261,0.937568692,0.916049459,0.902401593,0.889547614,0.903891957,0.926310484,0.92302961,0.867952188,0.884711846,0.915966374,0.931752711,0.952098497,0.962621053,0.951153297,0.929791808,0.909027524,0.879965827,0.839936101,0.794349524,0.770779551,0.750270904,0.726854612,0.701800553,0.667622687,0.618207244,0.584856537,0.60007402,0.647303634,0.634620886,0.618439788,0.602565478,0.586259864,0.572745945,0.557290225,0.540949519,0.523446214,0.50557302,0.492829544,0.489940478,0.489503959,0.490584586,0.49244659,0.494612339,0.497116972,0.500616064,0.503602022,0.506662733,0.511433931,0.517319616,0.523114,0.528328178,0.534241234,0.541099306,0.54886262,0.555834306,0.562625781,0.568646739,0.573883841
I137TN,CS,2012,WW,CS12_WW,57.5,59,266.7,99.05,4073.5,13.5,155.45,6018.209692,109.608,1095.58,80,7.5,4.585,16,1.328542431,1.304145136,1.279717342,1.256958344,1.233074682,1.210163597,1.195301968,1.190114692,1.190892805,1.193827456,1.172363309,1.157157239,1.138670516,1.115397033,1.072681589,1.089095992,1.107130462,1.128210838,1.109648769,1.09687805,1.085835326,1.071129805,1.05756898,1.048929292,1.043506072,1.041696097,1.04492608,1.054545993,1.070434521,1.091477811,1.111998409,1.141430471,1.122360251,1.100153494,1.075811746,1.058208308,1.03788989,1.015819219,0.995226168,0.969117599,0.94695469,0.930740651,0.911119927,0.888955414,0.875093796,0.861954167,0.877022645,0.900948114,0.898891159,0.842721359,0.859208731,0.891305686,0.909635439,0.931989021,0.943290778,0.931384178,0.90913266,0.887579676,0.857592869,0.816601176,0.770453477,0.746766191,0.726167085,0.703052711,0.678548039,0.645349415,0.59818932,0.567432272,0.5830915,0.627414318,0.615639123,0.60032845,0.585311202,0.569948144,0.557387774,0.542951857,0.527872893,0.511641519,0.49504563,0.483182303,0.480631034,0.480407777,0.481572974,0.483454725,0.485497063,0.487792659,0.491006032,0.493814353,0.496716989,0.501210034,0.506918842,0.512620737,0.517778615,0.523687358,0.530432279,0.538227491,0.545286331,0.551901401,0.55785349,0.563060428
K4,CS,2012,WW,CS12_WW,59.5,60,260.35,111.75,4972.5,12.25,112.6,7347.1223455,136.5245,1223.945,95,2.635,4.015,17.6666666666667,1.327174791,1.302330719,1.277075212,1.253407062,1.228361316,1.203954009,1.187801921,1.181893327,1.182957149,1.186476028,1.16318037,1.144140352,1.122371964,1.096064621,1.050065629,1.068370284,1.088558267,1.112714318,1.09241781,1.078278991,1.065966551,1.049566908,1.03438311,1.024808594,1.018783914,1.016910239,1.020608376,1.031519983,1.049486094,1.073209302,1.096033642,1.128544372,1.107813053,1.08367341,1.057099362,1.037995245,1.015927351,0.991743962,0.969421047,0.940942324,0.917038875,0.899493613,0.878416923,0.854605973,0.83969887,0.825734674,0.840867414,0.865011731,0.862222431,0.802740009,0.823118884,0.859449509,0.876660627,0.898946972,0.910669147,0.898112454,0.874239319,0.851048592,0.81908544,0.775884503,0.728067137,0.704172991,0.683739986,0.660672521,0.636433771,0.60318483,0.555727855,0.523849121,0.538453306,0.586149304,0.57431354,0.558921192,0.543964639,0.52849173,0.515551257,0.500903694,0.485622994,0.469515931,0.453119549,0.441321423,0.438606996,0.438367552,0.439678706,0.441891259,0.44428902,0.447110876,0.450962552,0.454087174,0.45729702,0.462105172,0.467946866,0.473627585,0.47857261,0.484148777,0.490482719,0.497674178,0.504305482,0.510669852,0.5165075,0.521643422
Ki11,CS,2012,WW,CS12_WW,61,62,264.2,101.6,5980,13.7,144.55,8835.366168,161.135,1163.05,94,4.205,3.44,16,1.362417972,1.338806114,1.315570524,1.294156632,1.271722948,1.250259701,1.23683053,1.232292934,1.23307224,1.23554471,1.214289245,1.200232352,1.183360274,1.161734914,1.119193926,1.133184217,1.149354892,1.168685372,1.150642841,1.138426051,1.127984618,1.114154657,1.101252274,1.092963147,1.087779557,1.086069791,1.089159831,1.098325879,1.113505227,1.133800042,1.153631496,1.1821195,1.165620324,1.144835042,1.121806342,1.105269333,1.086077531,1.064808963,1.045223472,1.01991976,0.998681364,0.982773637,0.963574821,0.941447638,0.927200642,0.914071225,0.928977905,0.951483615,0.946302125,0.889473774,0.908478421,0.94227922,0.959315541,0.978907978,0.988440513,0.975803859,0.954018809,0.932873348,0.903073897,0.861920614,0.814826973,0.79061584,0.7692671,0.745238916,0.720220551,0.685766516,0.634971661,0.59952897,0.612382254,0.662671597,0.651025639,0.634663325,0.61810908,0.600845021,0.58677183,0.570565774,0.553459273,0.534914642,0.515861261,0.501938528,0.498390191,0.49759562,0.498441705,0.50033486,0.502676658,0.505492927,0.509461048,0.512769369,0.516193947,0.521451514,0.527718118,0.533764043,0.538967777,0.544788825,0.551326386,0.558538841,0.564914967,0.570999564,0.576445097,0.581035964
M14,CS,2012,WW,CS12_WW,57,56.5,252.75,91.45,1570.5,14.8,129,2319.897269,41.7765,1100.75,90,2.5,3.57,16.6666666666667,1.319867545,1.297444301,1.275042986,1.254220753,1.232199944,1.211304441,1.1976765,1.192706214,1.193216458,1.195282581,1.175230769,1.160318279,1.142450529,1.120307335,1.080413016,1.094803257,1.110854012,1.128766938,1.111849406,1.100141306,1.089958992,1.076345092,1.063735212,1.055736227,1.0507589,1.049164563,1.052221916,1.061327864,1.076030058,1.095574271,1.114469172,1.141409572,1.122700797,1.102266873,1.079720748,1.064023254,1.045508493,1.025073344,1.006545135,0.982297761,0.962091771,0.946843913,0.928514231,0.907153554,0.89320698,0.880494264,0.894214256,0.915501445,0.911773056,0.859057428,0.878024672,0.909711084,0.92386054,0.942201926,0.951245916,0.939847594,0.919079774,0.898828552,0.870508546,0.831437309,0.786708542,0.763553471,0.743344087,0.720202503,0.695858307,0.662169893,0.612975526,0.57877372,0.592883186,0.641620476,0.629915752,0.613767185,0.597510721,0.580822291,0.567307457,0.551859897,0.535571843,0.518057514,0.499986399,0.487136312,0.484179682,0.483846105,0.485126327,0.487419678,0.489849651,0.492723606,0.496584105,0.499780118,0.503059577,0.508058176,0.514014109,0.519820877,0.524859949,0.53051935,0.537033539,0.544302237,0.551039842,0.557320292,0.563041934,0.568134757
MS153,CS,2012,WW,CS12_WW,53,53.5,229.9,105.4,3437,15.2,125.775,5077.9850385,91.247,1155.455,92.5,4.93,3.92,17.3333333333333,1.323863,1.297937431,1.271568282,1.246726202,1.220318939,1.194569964,1.177298728,1.171071247,1.172459972,1.1768647,1.152579709,1.133252104,1.11043897,1.082783874,1.035189218,1.055091136,1.076606128,1.102148093,1.080634039,1.065704625,1.052827065,1.035635777,1.019740541,1.009707716,1.003471895,1.001627561,1.005753899,1.017513279,1.036585178,1.061629096,1.085700415,1.119620866,1.096766414,1.071178058,1.043045535,1.022976256,0.999644039,0.974227133,0.950771757,0.920917215,0.896123778,0.877927859,0.856238887,0.831809881,0.816547601,0.802350197,0.817951223,0.842820209,0.839154643,0.781946947,0.803366665,0.840987967,0.859159544,0.882575326,0.894769692,0.881368323,0.856527232,0.832583477,0.799745332,0.755998615,0.708465213,0.684751362,0.664535797,0.64218083,0.619554498,0.588277036,0.543273659,0.513169886,0.527289402,0.569884991,0.559189065,0.544991404,0.530830071,0.516229988,0.504379566,0.490734153,0.476457059,0.461351313,0.446014881,0.435212172,0.432896653,0.432797357,0.43423024,0.436455745,0.438775297,0.441613479,0.44526525,0.448343597,0.451512195,0.456340581,0.462081538,0.467809594,0.472796566,0.478386011,0.484882062,0.492316193,0.499087825,0.505742808,0.511686351,0.517079463
Mo18W,CS,2012,WW,CS12_WW,59.5,61.5,269.2,109.2,5307.5,13.75,128.975,7841.973194,142.924,1134.775,93.5,5,2.87,15.3333333333333,1.338636346,1.313234643,1.287980155,1.264255496,1.23906087,1.214763436,1.198822399,1.193250922,1.194126794,1.197406974,1.173364446,1.156391439,1.136197703,1.110997016,1.064123829,1.081075007,1.100519961,1.125135425,1.104998864,1.091202471,1.079408374,1.063744505,1.049179651,1.039977958,1.034247556,1.032554727,1.036353193,1.047222804,1.064901556,1.088350176,1.111066805,1.143292842,1.123808667,1.100205369,1.074259024,1.055177495,1.0334853,1.009772042,0.987566637,0.959613018,0.935848646,0.918547443,0.897588351,0.873943412,0.859282756,0.844929867,0.859399781,0.882544274,0.877333579,0.822550536,0.842866183,0.878469989,0.895317622,0.917471553,0.929566536,0.917664277,0.894525755,0.871961253,0.840566715,0.79794876,0.750525296,0.726368371,0.705416667,0.682380004,0.658234446,0.625230476,0.57698236,0.543867106,0.558096529,0.604401089,0.592751043,0.577480147,0.562218039,0.546303648,0.53342651,0.518531078,0.502838536,0.486168965,0.469137443,0.456862349,0.454054612,0.453674127,0.454939224,0.457165295,0.459478282,0.462241488,0.465994046,0.469082714,0.472223483,0.477094584,0.482897118,0.488603642,0.493547186,0.499116312,0.50550179,0.512882237,0.51956394,0.52591909,0.531714988,0.536755946
Mo24W,CS,2012,WW,CS12_WW,56.5,57,274.3,125.75,4112,15.25,124.325,6075.6582015,108.7275,1188.895,90,2.5,4.505,17,1.318388189,1.29367475,1.269297009,1.246699731,1.223055321,1.200256045,1.185694116,1.180686225,1.181488879,1.184057028,1.161188131,1.145621423,1.126951683,1.103484266,1.058820663,1.074133205,1.09194581,1.114424759,1.095187263,1.08206207,1.070930583,1.056226978,1.04255302,1.033847429,1.028387458,1.02669663,1.030090717,1.039945158,1.056148379,1.077723745,1.098728914,1.128512261,1.110060907,1.087969579,1.063497396,1.045956858,1.025684656,1.003612433,0.983036416,0.956877669,0.934817041,0.918551483,0.898916447,0.87652873,0.862616365,0.849013698,0.863488357,0.886141247,0.881685345,0.827647872,0.847748273,0.882030583,0.897478313,0.917835051,0.928563166,0.916459366,0.894106464,0.872273503,0.84187146,0.800404997,0.753947456,0.730273071,0.709905454,0.687108815,0.662995196,0.629644684,0.581496919,0.548793895,0.563337053,0.611439309,0.599640294,0.584058389,0.568646387,0.552789211,0.539799832,0.524852862,0.50928437,0.492776256,0.476009338,0.463998081,0.461383291,0.461169505,0.462653492,0.465050982,0.467518263,0.470522791,0.474412984,0.477605882,0.480879166,0.485798107,0.491781368,0.497523579,0.502674044,0.508308767,0.514775177,0.522026714,0.528690761,0.53500668,0.540766098,0.545943219
Mo45,CS,2012,WW,CS12_WW,57,57.5,236.2,97.75,4524,13.35,118.85,6683.858203,122.165,1126.55,95,3.78,2.805,16,1.330618841,1.305098573,1.279535172,1.255698773,1.23044781,1.206080145,1.190296232,1.184799767,1.185698923,1.18895583,1.164789634,1.147570038,1.127157846,1.101810446,1.054738729,1.072131547,1.091895728,1.116807508,1.096441891,1.082490709,1.070509605,1.054634362,1.03985024,1.0304469,1.024626627,1.022805456,1.026700147,1.037659103,1.055604986,1.079375561,1.102350048,1.134774093,1.114664445,1.090735715,1.064347602,1.045210796,1.023152908,0.998875299,0.976475326,0.947801451,0.923762414,0.906050942,0.884747489,0.860550489,0.845395367,0.831082871,0.846341209,0.870416922,0.865779475,0.809044773,0.830136455,0.866881466,0.884276599,0.906926046,0.919069505,0.906627238,0.882702645,0.859376828,0.827078839,0.783263711,0.734721095,0.710228953,0.689123192,0.66573033,0.641604222,0.60852013,0.560742843,0.528611524,0.543145394,0.589076883,0.577573361,0.562436784,0.547416379,0.531991396,0.519329128,0.504825153,0.489645956,0.473664853,0.457406214,0.445788835,0.443176906,0.442924321,0.444315589,0.446455186,0.448836339,0.451635553,0.455355884,0.458414732,0.461623349,0.466335889,0.472228656,0.477874817,0.482860009,0.488364157,0.494840052,0.502130331,0.508933447,0.515360703,0.521264987,0.526457134
Mo47,CS,2012,WW,CS12_WW,56,55.5,241.3,97.8,4960,13.95,128.225,7328.5329635,133.2575,902.92,95,4.485,3.715,14.3333333333333,1.368551629,1.34609543,1.323142517,1.301456771,1.278294943,1.255513414,1.239899725,1.233979064,1.234469558,1.237401354,1.216038741,1.197666839,1.176136019,1.149813432,1.106637727,1.12524337,1.144520106,1.165039493,1.145746983,1.132246528,1.120323827,1.104366297,1.089547386,1.080204908,1.074442081,1.072713587,1.076512649,1.087252155,1.104633824,1.127054377,1.148245584,1.17813534,1.156914802,1.133858046,1.108450588,1.089754377,1.068202736,1.044206536,1.021715614,0.992759372,0.967832268,0.949373992,0.926922087,0.901354832,0.885072954,0.869667089,0.886565646,0.913345359,0.909395595,0.847485482,0.871362226,0.910802139,0.929269584,0.952252995,0.96380087,0.950489724,0.925390001,0.90097902,0.8669949,0.820659454,0.768912855,0.742705143,0.719794818,0.694725193,0.66878973,0.633519895,0.582939987,0.549078785,0.564316941,0.613252713,0.6012706,0.585113628,0.568879388,0.552397646,0.5391307,0.523971264,0.508113366,0.491221052,0.474155195,0.462170828,0.459540784,0.459347003,0.46073126,0.462949521,0.465424856,0.468276513,0.472079606,0.475313443,0.478634745,0.48365853,0.489690102,0.495542658,0.500698821,0.50662064,0.513263052,0.520791612,0.527761794,0.534449014,0.540464183,0.545880889
Mp0496,CS,2012,WW,CS12_WW,61.5,61.5,269.25,110.5,6491,14.45,128.7,9589.7227745,173.291,1367.46,96.5,2.895,2.66,14.3333333333333,1.306147411,1.281895746,1.25812456,1.236280343,1.213276522,1.191256061,1.177289418,1.172651353,1.173138102,1.17536486,1.15329022,1.139238134,1.122111581,1.100482003,1.058008211,1.071696802,1.088072492,1.108978109,1.091227097,1.079192143,1.068975097,1.055478977,1.042954308,1.0349599,1.029952427,1.028333402,1.031446148,1.040545862,1.055597186,1.07588281,1.095831417,1.124539633,1.108513327,1.087783536,1.065073443,1.048844671,1.030002425,1.00938604,0.990447439,0.966095733,0.945846299,0.930748257,0.912492738,0.891428304,0.877936064,0.865100881,0.878139257,0.898521516,0.893946065,0.844386294,0.862482339,0.893558576,0.908097248,0.927267693,0.937733643,0.927628782,0.907658093,0.888049292,0.860308261,0.821770992,0.777590568,0.754630742,0.734550069,0.711763885,0.687905459,0.6549275,0.606326355,0.572335439,0.586439068,0.633735105,0.622040614,0.606376702,0.590529107,0.574133428,0.560855783,0.545532807,0.529385993,0.512069765,0.494320321,0.481565669,0.478606908,0.478133448,0.479265838,0.481314597,0.483612444,0.48627989,0.490009759,0.493175536,0.496367395,0.50111141,0.506959652,0.512605507,0.517573919,0.523110633,0.529456328,0.536662076,0.543199628,0.549542493,0.55521177,0.560140213
Mp488,CS,2012,WW,CS12_WW,58,60.5,265.45,121.9,4869,11.85,136.425,7193.868394,133.995,1081.66,90,2.5,3.06,14,1.317135349,1.293952715,1.270665063,1.24895393,1.225932262,1.203743933,1.189007486,1.1836382,1.184286479,1.186875289,1.165232681,1.147813855,1.127683299,1.103125635,1.059502474,1.076178774,1.094570733,1.116388686,1.09772436,1.084698568,1.073408201,1.058400256,1.044349655,1.035552557,1.030103755,1.028449144,1.032061418,1.042383751,1.059109859,1.081130953,1.102266557,1.132082711,1.112686198,1.090192805,1.065279709,1.04758899,1.026741522,1.003715319,0.982466122,0.954784231,0.93158187,0.914247718,0.893366878,0.869400596,0.85426722,0.839853183,0.855206983,0.879721696,0.875904243,0.817356846,0.838862971,0.874926919,0.891503665,0.912950582,0.924017855,0.911563477,0.888375793,0.865562789,0.83391184,0.790780845,0.742388338,0.717805075,0.696853569,0.673047314,0.648193352,0.614580632,0.566542889,0.533789213,0.547854596,0.595690476,0.583655234,0.567944579,0.55260301,0.536731717,0.523770412,0.508943303,0.493476226,0.47707601,0.460421636,0.448709795,0.446008525,0.445726541,0.446964727,0.449157035,0.451457379,0.454256978,0.457981723,0.461110371,0.464238781,0.46906719,0.474860945,0.480519374,0.485462247,0.491002396,0.497380156,0.5045579,0.511216811,0.517507712,0.523356359,0.528578536
Mp705,CS,2012,WW,CS12_WW,59,60,265.4,114.3,3744.5,13.05,137,5532.4768675,101.711,508.265,90,5,3.64,16.3333333333333,1.365275724,1.340797935,1.316194205,1.293074232,1.268570338,1.244750616,1.229218386,1.223760606,1.224307328,1.227021546,1.203818299,1.187197191,1.167217117,1.142468576,1.096111385,1.112014028,1.130395259,1.153345495,1.134295142,1.120996139,1.109558971,1.094329811,1.080327913,1.071496513,1.065989392,1.064426497,1.068112666,1.0786248,1.095732632,1.118436927,1.140423226,1.17166598,1.152608308,1.129643124,1.104308947,1.086195178,1.065024928,1.041861575,1.020450048,0.993020469,0.970088895,0.953100768,0.932655784,0.909263082,0.894494437,0.880419086,0.894621614,0.917111369,0.912331008,0.856992381,0.876661103,0.911165686,0.927572485,0.948581504,0.959764682,0.948123816,0.925822516,0.90395875,0.873384097,0.831496571,0.784152396,0.759902587,0.738875883,0.715086811,0.690193665,0.656237153,0.606604161,0.572230038,0.586393568,0.635652016,0.623800582,0.607846825,0.591979938,0.575490958,0.561980659,0.546443395,0.530198986,0.512785532,0.494942143,0.482127082,0.479183646,0.478831077,0.480162461,0.482525514,0.485115037,0.488022617,0.491927131,0.495089716,0.498297861,0.503331796,0.509242308,0.514941612,0.519950118,0.525569333,0.531921343,0.539168601,0.545746179,0.551877233,0.557609803,0.562621373
Mp711,CS,2012,WW,CS12_WW,58.5,58,265.45,121.95,6573.5,14.15,141,9711.931603,176.4155,1379.87,95,2.84,2.685,16.3333333333333,1.365700333,1.341342733,1.316721258,1.293682366,1.269187091,1.245278948,1.229583059,1.224108284,1.224945048,1.228329134,1.205562036,1.188934284,1.168802558,1.14331097,1.097174878,1.114820566,1.134205968,1.157114701,1.137773776,1.124246587,1.11241394,1.096601241,1.081822428,1.072516049,1.066689397,1.064976606,1.068830536,1.079793731,1.097581846,1.120904573,1.143313987,1.175125366,1.15503149,1.131305815,1.104912326,1.085926581,1.06374737,1.039390804,1.016718238,0.987627475,0.963045064,0.94488695,0.922943843,0.897984366,0.882243486,0.867375373,0.882978022,0.90808081,0.904116462,0.844904492,0.865561178,0.902655891,0.921163144,0.944285275,0.95642418,0.943654455,0.919335582,0.8956644,0.862757071,0.817881325,0.76781038,0.742346892,0.720304029,0.695735768,0.670271098,0.635575998,0.585557074,0.551822058,0.566602852,0.614223592,0.602589737,0.58669484,0.570796938,0.554424844,0.541114561,0.525855238,0.509912401,0.492870876,0.475399385,0.4627885,0.459874215,0.459513414,0.460670026,0.462724863,0.465039578,0.467831676,0.471566881,0.474631855,0.477873501,0.482857917,0.488841718,0.494718333,0.499931891,0.505748914,0.512436621,0.520191154,0.527099713,0.533781474,0.53985595,0.545144181
Mp714,CS,2012,WW,CS12_WW,59.5,59.5,240.05,106.7,4607,13.7,135.125,6806.560655,124.2145,1205.065,95,4.39,2.715,15.6666666666667,1.331953438,1.308178352,1.284883309,1.263342966,1.240750349,1.219211,1.205668482,1.2010143,1.201615917,1.203678534,1.18171372,1.167206639,1.149786117,1.128082731,1.085482485,1.09915552,1.115495922,1.136860915,1.118915625,1.106679593,1.096346822,1.082775795,1.070140019,1.06210663,1.057112814,1.055515188,1.058680932,1.067741921,1.082716136,1.102919501,1.122580149,1.150725569,1.133983755,1.113398501,1.090672558,1.07448081,1.055693331,1.03516657,1.016185356,0.991901404,0.971614147,0.956555649,0.938395164,0.91753664,0.904236448,0.891599852,0.904796243,0.925222783,0.920069955,0.869796379,0.888018923,0.918994739,0.932708215,0.951262812,0.96094372,0.949990251,0.929635917,0.909718702,0.881697795,0.842984288,0.798943762,0.776163065,0.756336681,0.733793036,0.710147073,0.67710646,0.628389177,0.594184535,0.608392316,0.656692014,0.644314871,0.628407376,0.612551603,0.596192215,0.582777396,0.56719206,0.550788188,0.533164703,0.515165541,0.502402154,0.499527036,0.499219333,0.500765926,0.503179515,0.505779703,0.508789352,0.512801485,0.515960651,0.519325484,0.524312256,0.530217522,0.536091454,0.54119175,0.546911561,0.553415897,0.560811434,0.567407164,0.573638382,0.579562264,0.584584653
N192,CS,2012,WW,CS12_WW,56,56,221,90.15,4765,12.8,130.05,7039.78515,129.7495,920.67,90,5,2.5,15.6666666666667,1.331077736,1.30683335,1.282549865,1.260118127,1.236294682,1.213268201,1.198258649,1.192833261,1.193816431,1.196973916,1.174490611,1.158200409,1.138710688,1.114667704,1.071642533,1.088444968,1.106926311,1.129153885,1.110022213,1.096808443,1.085431737,1.07031923,1.05624613,1.047317872,1.041817102,1.040171717,1.043728244,1.05393653,1.070602436,1.092551802,1.11365263,1.143595306,1.123588579,1.101084456,1.076157981,1.058601714,1.037949122,1.015330078,0.994505087,0.96758285,0.945131781,0.928357372,0.908161292,0.885016014,0.870241493,0.856412092,0.871188652,0.894508408,0.890331604,0.834905014,0.855912255,0.89113963,0.90728744,0.928111911,0.938689003,0.926097667,0.903024692,0.880675868,0.849634709,0.807554126,0.760447366,0.7364034,0.715683069,0.692316018,0.668049188,0.634511125,0.585920777,0.552395147,0.566437723,0.613865327,0.602375674,0.586646548,0.570887353,0.554529126,0.541342014,0.526219694,0.510395615,0.493358168,0.475935105,0.463399884,0.460486928,0.460095438,0.461302936,0.463424888,0.46579202,0.468609358,0.47231395,0.475434562,0.478633812,0.48347108,0.489300789,0.494936971,0.499972517,0.50537719,0.51170427,0.518945954,0.52540821,0.531645533,0.537350426,0.542319555
N28Ht,CS,2012,WW,CS12_WW,59.5,60,254,120.65,4833.5,14.05,117.375,7141.4183215,129.433,1062.035,95,1,3.745,18.6666666666667,1.326525907,1.301121849,1.275531567,1.251633422,1.226427612,1.202019278,1.186098998,1.180497921,1.18170199,1.185217598,1.161674282,1.143951604,1.122997035,1.097309699,1.05147481,1.069340692,1.08899315,1.112450117,1.092389164,1.0784487,1.066360744,1.050350928,1.035495385,1.02606572,1.020259404,1.018434025,1.022215121,1.03305926,1.050718061,1.073964273,1.096446747,1.128372488,1.107398296,1.083561752,1.057301362,1.038470654,1.016680029,0.993046495,0.971058792,0.943201025,0.919802624,0.90264059,0.882050027,0.858725528,0.844147082,0.830235744,0.845021542,0.868440244,0.864588989,0.808904092,0.829277769,0.864943946,0.881868387,0.903794264,0.915096132,0.902519116,0.879100205,0.856426607,0.825166694,0.782925238,0.736249986,0.712638847,0.69223123,0.669631316,0.646139543,0.613791721,0.566845498,0.534965138,0.549529652,0.595084503,0.583961876,0.569066528,0.554237368,0.538862479,0.52635788,0.511951163,0.496842903,0.480809772,0.464523476,0.452995256,0.450502709,0.450315397,0.451783793,0.454110079,0.45666404,0.459463298,0.46334547,0.466493749,0.469726381,0.474628849,0.480572987,0.486277782,0.49136139,0.497002134,0.503506364,0.510878672,0.517561154,0.524037121,0.529967338,0.535161653
N7A,CS,2012,WW,CS12_WW,56.5,57,232.4,90.15,5878,14.95,133.875,8684.629925,156.0805,1088.24,95,2.5,3.18,17,1.312158068,1.287986667,1.263205492,1.239862181,1.214920683,1.190620003,1.174261091,1.168179998,1.169191627,1.173116469,1.15088473,1.13239138,1.110765256,1.083968665,1.038538227,1.057476729,1.077658398,1.100374944,1.080811135,1.067061722,1.054885688,1.038644081,1.023605237,1.014153764,1.008387133,1.006787877,1.010902564,1.02229116,1.040659917,1.064540075,1.087371037,1.119645581,1.098182966,1.073888904,1.047096159,1.027973352,1.005639455,0.98105545,0.95830182,0.928966059,0.904405421,0.886160072,0.864321665,0.839425895,0.823729512,0.808992155,0.82448249,0.84947914,0.845683207,0.78746236,0.80898582,0.846620296,0.864837336,0.887478365,0.899273904,0.886465896,0.862300193,0.838845464,0.806468619,0.762689374,0.714238158,0.689822214,0.66892334,0.645480406,0.621465948,0.588946111,0.542451484,0.51087056,0.524725655,0.570099228,0.559252876,0.544429139,0.529758469,0.514629154,0.502331101,0.488160857,0.473379882,0.457732822,0.441802191,0.430581408,0.428038053,0.427880257,0.429282124,0.431522331,0.433936652,0.436710783,0.440460342,0.443550989,0.446731032,0.451603685,0.457388556,0.462976047,0.467921116,0.473523155,0.479879608,0.487117727,0.493751823,0.5002129,0.506055375,0.511213383
NC230,CS,2012,WW,CS12_WW,61.5,62.5,254,111.8,5846.5,15.85,147.7,8637.6484735,153.8495,1335.4,95,3.125,3.685,16,1.374048403,1.349443608,1.324766343,1.301761512,1.27744186,1.2539762,1.238961594,1.233720738,1.234380279,1.236922904,1.213244519,1.196484234,1.176782037,1.151991206,1.104771533,1.120925517,1.139535904,1.162677716,1.1429758,1.129468244,1.117887343,1.102475393,1.088046767,1.07894701,1.07317626,1.071382686,1.074902103,1.085225039,1.102307859,1.125008872,1.147092022,1.178439912,1.159903567,1.136890399,1.111353446,1.093157538,1.071823389,1.048192415,1.026589758,0.998559977,0.975168831,0.957789501,0.9369525,0.913026739,0.897726738,0.883580576,0.898580467,0.922221168,0.918179842,0.86019503,0.880142027,0.915752967,0.932727609,0.954966868,0.966949022,0.955150929,0.932119311,0.9094894,0.877814873,0.834506213,0.785717028,0.760800537,0.739441389,0.715040069,0.689821834,0.65513558,0.605065068,0.570832903,0.586042718,0.635084035,0.622663766,0.606551246,0.590563582,0.574131967,0.560576028,0.544992452,0.528662428,0.511361062,0.493709086,0.48113042,0.478259333,0.477887337,0.479123093,0.48122519,0.483593446,0.486369292,0.490149793,0.493314541,0.496550235,0.501444194,0.507386098,0.513260125,0.518279698,0.524033047,0.530552531,0.538017246,0.544790519,0.551377816,0.557308647,0.562625629
NC250,CS,2012,WW,CS12_WW,59,60,233.7,99.05,4247.5,18.35,143.05,6275.705544,109.358,947.815,90,5,3.835,15,1.318465509,1.294933829,1.27136627,1.249627151,1.226567152,1.204513572,1.190396158,1.185452587,1.186192035,1.188591463,1.167027566,1.151536658,1.133327131,1.110419474,1.067006765,1.081920229,1.099099103,1.119347292,1.101317553,1.088900497,1.078157187,1.063898316,1.050574965,1.042186556,1.036828883,1.035192928,1.038436717,1.04799581,1.063720652,1.084647954,1.104957011,1.133894484,1.115955051,1.09456637,1.070914367,1.053868448,1.034169989,1.012593825,0.992575746,0.967020215,0.945378102,0.929462722,0.910087556,0.888021738,0.874061348,0.860572331,0.874563374,0.896428421,0.892271126,0.838847657,0.857690374,0.890645726,0.905807754,0.925633087,0.936076227,0.924778395,0.903381206,0.882461431,0.853115996,0.812811783,0.767165239,0.743701491,0.723254998,0.700427711,0.676319741,0.643252074,0.594831225,0.561625628,0.575826263,0.623083494,0.611445178,0.595819048,0.580210697,0.564109858,0.551026104,0.53598024,0.52018055,0.503331912,0.486007263,0.473700458,0.470864725,0.470532062,0.471741902,0.473920264,0.476341467,0.47913024,0.482843017,0.486005298,0.489193143,0.494044147,0.499928672,0.50561304,0.510590636,0.516256696,0.522611123,0.529928715,0.536592318,0.542873802,0.548768935,0.553818393
NC258,CS,2012,WW,CS12_WW,61,63,264.15,109.2,5340,12.9,121.1,7889.7161785,144.824,1033.28,90,4,3.01,16,1.34333676,1.318736686,1.29392771,1.270840284,1.246453666,1.222889842,1.207598756,1.202372842,1.203262294,1.206477158,1.18331149,1.166848442,1.146984015,1.12230634,1.076539911,1.093121523,1.112067497,1.13546342,1.115646086,1.102092583,1.090522048,1.075107107,1.060812409,1.051759499,1.046091036,1.044329525,1.047899581,1.058309665,1.075344413,1.097956428,1.119817302,1.151126043,1.132239263,1.109352447,1.084140906,1.065891375,1.044805064,1.021726327,1.000306178,0.972985196,0.950017005,0.933071395,0.912659908,0.889406825,0.874747994,0.860856203,0.875545809,0.898643073,0.894131822,0.839074504,0.859287337,0.894452316,0.910662477,0.932074655,0.9434341,0.931583351,0.908953739,0.886745404,0.855830269,0.813670288,0.766447368,0.742432964,0.72163059,0.698484056,0.674435039,0.64123555,0.592998458,0.560023923,0.57445562,0.621508477,0.609807054,0.594409651,0.579161172,0.563268013,0.550324421,0.535381103,0.519713162,0.503047072,0.486040461,0.473928909,0.47123737,0.470976092,0.472368969,0.474710987,0.477211272,0.480148466,0.484093107,0.487311676,0.490551652,0.495515455,0.501511966,0.507367957,0.512475216,0.518176085,0.524778946,0.532191659,0.538946853,0.545505495,0.551378609,0.55669455
NC264,CS,2012,WW,CS12_WW,57,59,240.05,104.15,5459.5,14.35,127.35,8066.5444655,146.0215,1087.195,95,1.5,2.645,15.3333333333333,1.352056402,1.329833439,1.307828819,1.287283925,1.265717679,1.244664111,1.231034247,1.226082494,1.226313481,1.228205444,1.20754848,1.191818283,1.173405947,1.15062368,1.108657069,1.123077582,1.139721578,1.159141045,1.141384978,1.1293449,1.119000533,1.105362745,1.092615738,1.08447255,1.079385361,1.077827551,1.081068962,1.090469521,1.105822886,1.126146947,1.145833631,1.173545346,1.155900539,1.135112462,1.112180936,1.095766152,1.076462763,1.055036526,1.035251862,1.009436646,0.987655482,0.971387077,0.951629049,0.928729834,0.914051136,0.900123242,0.914931499,0.938000127,0.932531134,0.877175506,0.898455682,0.932797726,0.947664725,0.96715411,0.977293961,0.965587909,0.943716186,0.922208065,0.891739685,0.849528273,0.801276426,0.776380272,0.754585253,0.730125669,0.704280832,0.668715248,0.616748349,0.580671574,0.59563294,0.647085474,0.633743294,0.616602067,0.599671471,0.582211012,0.567952812,0.55155857,0.534243961,0.515819514,0.496996325,0.483645574,0.480498055,0.479953238,0.481161971,0.483397232,0.485772337,0.488654091,0.492438476,0.495617272,0.498912292,0.503744357,0.509727246,0.515417256,0.520524672,0.526102801,0.532532373,0.53985654,0.546391786,0.552677122,0.558421998,0.563448557
NC268,CS,2012,WW,CS12_WW,62,61.5,233.7,115.6,3944,13.75,106.7,5826.5746305,106.1985,857.01,95,4.44,3.43,15,1.288465316,1.26211334,1.235472149,1.210381248,1.183792176,1.158008352,1.141176053,1.135207091,1.136697212,1.140865765,1.116644472,1.097912146,1.075954946,1.049020059,1.000720554,1.019498324,1.040270622,1.065342724,1.044434158,1.029848845,1.01709427,1.000114846,0.98444231,0.974587194,0.968545511,0.966743293,0.970774141,0.982239587,1.001050873,1.025735852,1.049680171,1.083689263,1.061978974,1.036827426,1.009059512,0.989247818,0.966324937,0.941526368,0.918659465,0.889797403,0.865879222,0.848478731,0.827784671,0.804634861,0.790381074,0.776938526,0.791065182,0.813682664,0.810749021,0.755761406,0.77419787,0.809326334,0.826649005,0.848930641,0.860738257,0.848235251,0.824690679,0.80207652,0.771225148,0.73025511,0.685788847,0.66374994,0.645272392,0.62432302,0.60289556,0.573293129,0.530908806,0.502378669,0.515159412,0.557015772,0.547153694,0.533706996,0.520520927,0.506720784,0.495292538,0.482175893,0.468556513,0.45412707,0.439308919,0.428619705,0.426144442,0.425932605,0.42725358,0.429402981,0.431755155,0.43450336,0.438044833,0.440975232,0.444010765,0.448627248,0.454063773,0.459413146,0.464111524,0.469307613,0.475354574,0.482173923,0.488316447,0.49436316,0.499937607,0.504759169
NC292,CS,2012,WW,CS12_WW,62,62,232.4,100.3,2719,12.75,121.575,4017.0913525,74.0155,800.265,85,10,3.6,15.6666666666667,1.332303124,1.307218167,1.282311975,1.259083906,1.234908635,1.211625418,1.197008165,1.192097797,1.193084207,1.196065997,1.173189089,1.158093092,1.139790456,1.116594708,1.071391271,1.086580819,1.104310395,1.126166196,1.107135119,1.094077339,1.082916414,1.068071563,1.054286755,1.045443234,1.039886123,1.038064395,1.041312873,1.051060912,1.067152793,1.088742943,1.109886195,1.139882771,1.12115047,1.098950545,1.074497298,1.05723263,1.037051705,1.015099107,0.995031291,0.969300929,0.947937294,0.932173361,0.913244158,0.891592384,0.877882298,0.86489645,0.878473995,0.899602878,0.895425803,0.84370983,0.861851822,0.894264326,0.909272606,0.929072853,0.939583163,0.927960294,0.906370501,0.885351935,0.856248335,0.816495301,0.771951246,0.749180926,0.729381553,0.707074869,0.683825655,0.651337752,0.603628109,0.570565033,0.584406309,0.631074725,0.620160408,0.604912701,0.589507663,0.573441951,0.560476879,0.545496641,0.529797112,0.512978196,0.49544408,0.482729512,0.479862531,0.479568516,0.481066101,0.483528337,0.486167229,0.489198156,0.493164001,0.496453256,0.499731875,0.504812169,0.510878578,0.516691025,0.521841836,0.527598971,0.534180766,0.541505532,0.548182077,0.554593514,0.560359818,0.565297185
NC310,CS,2012,WW,CS12_WW,60.5,60.5,238.8,111.75,1422.5,12.75,104.275,4204.022204,76.138,770.145,95,4.095,1.5,17.3333333333333,1.295798668,1.271968995,1.24857069,1.226958655,1.204420966,1.182947696,1.169257519,1.164658164,1.165318348,1.167487594,1.146107102,1.131737364,1.114441068,1.09275631,1.051156737,1.064997738,1.081268384,1.100935546,1.083013573,1.070819054,1.060422774,1.046746937,1.034017377,1.025888052,1.020751488,1.019005059,1.021908579,1.03075198,1.045414486,1.065136324,1.084459777,1.111934416,1.094210395,1.073712609,1.051270535,1.03538275,1.016917138,0.996824333,0.97842156,0.954826643,0.935255901,0.920781216,0.903281371,0.883181245,0.870381666,0.858347856,0.871426706,0.891279535,0.887086669,0.837858355,0.855448789,0.885815006,0.899235077,0.917314768,0.926651139,0.915458353,0.895169925,0.875490383,0.848013379,0.810328315,0.767583701,0.745614702,0.726473097,0.704825182,0.6818061,0.649596216,0.60206094,0.569124448,0.583151176,0.630473921,0.618923329,0.603440358,0.587973747,0.571931034,0.558849973,0.543826065,0.528055638,0.511209429,0.493963981,0.481565501,0.47877057,0.478529921,0.479970248,0.482340339,0.484980143,0.4878713,0.491848098,0.495072568,0.49839206,0.50344088,0.509430253,0.515247119,0.520202151,0.525948548,0.532316854,0.539556893,0.546107521,0.552327166,0.558003684,0.562954019
NC318,CS,2012,WW,CS12_WW,61,62,257.8,115.55,6475.5,13.65,116.825,9566.6636265,174.479,1081.965,92.5,2.5,2.445,14.6666666666667,1.348769586,1.326089093,1.304003363,1.283529981,1.261916605,1.241042124,1.227488463,1.222593284,1.222908921,1.224315476,1.203031165,1.187315978,1.169115563,1.146707129,1.104998919,1.119318279,1.135769163,1.156144007,1.138240525,1.126113554,1.115752854,1.102105148,1.089456821,1.081370189,1.076353071,1.074833756,1.078020751,1.087255474,1.102301343,1.122422741,1.141957811,1.169516708,1.152031966,1.1313224,1.108435153,1.092152104,1.072998309,1.051794746,1.032268668,1.00696517,0.985579747,0.969557299,0.950177513,0.927734601,0.913270117,0.899654071,0.914343926,0.937242918,0.932638223,0.876505074,0.896851396,0.93035044,0.945082237,0.964570963,0.974674647,0.963060979,0.941464483,0.920207517,0.890334067,0.848722737,0.801167296,0.776570999,0.755210377,0.730945819,0.705142972,0.669788593,0.618545838,0.583142993,0.598249416,0.64909538,0.6357307,0.618823544,0.602097362,0.58511826,0.570980894,0.55483448,0.537861213,0.519853215,0.501477528,0.488558686,0.485667818,0.485148775,0.48632225,0.488465541,0.490838726,0.493654821,0.49740821,0.500657705,0.503878142,0.50889292,0.51484695,0.520714807,0.525721433,0.531557928,0.538170094,0.545633311,0.552410551,0.55889254,0.564737653,0.570056839
NC320,CS,2012,WW,CS12_WW,61.5,62,275.6,127,6907,13.35,121.775,10204.343601,186.776,1304.925,96.5,2.5,2.39,13.6666666666667,1.314563081,1.291477815,1.268546908,1.247330938,1.224827528,1.203084716,1.18884281,1.183739277,1.184204902,1.186486104,1.165317834,1.148918015,1.129837934,1.106332313,1.063913811,1.079284443,1.09652898,1.117015185,1.098675298,1.086177922,1.075393697,1.061002264,1.047679745,1.039213045,1.03392572,1.032307266,1.035634205,1.045272967,1.061036862,1.081925699,1.102144803,1.130702356,1.112079168,1.090469431,1.066572705,1.049623702,1.029771448,1.007824422,0.987671236,0.961569835,0.939752118,0.923444742,0.903849493,0.881336505,0.866995502,0.85349162,0.868234017,0.891398935,0.887461463,0.831858256,0.852254948,0.886473467,0.901790393,0.921610992,0.931796789,0.919677591,0.897462985,0.87569594,0.845339206,0.8038329,0.757064989,0.733167413,0.712538001,0.689193609,0.664617991,0.630724037,0.581822154,0.548368579,0.562921155,0.61155123,0.599223287,0.583105039,0.567163345,0.550860653,0.537560312,0.5222658,0.506213876,0.489175878,0.471871255,0.459636146,0.456875673,0.456553717,0.457824222,0.45997741,0.462380105,0.465195721,0.46890565,0.472100238,0.475339642,0.480202077,0.486074045,0.491825965,0.49695348,0.502547753,0.509034419,0.516277848,0.522977413,0.529414107,0.535124741,0.540262968
NC322,CS,2012,WW,CS12_WW,61,61.5,264.15,133.35,7308,13.25,124.1,10796.6787085,198.044,1284.005,96.5,3.58,2.47,16.6666666666667,1.355979957,1.333355269,1.311204671,1.290687259,1.269075257,1.248192794,1.234761953,1.229977744,1.230258427,1.231725715,1.210177375,1.195158194,1.177494878,1.155492657,1.112991858,1.127000214,1.143354963,1.163773553,1.145804393,1.133750421,1.123570782,1.110038047,1.097547692,1.089500018,1.084575216,1.083043119,1.086373633,1.095700365,1.11089419,1.131160101,1.150830194,1.178400264,1.161524907,1.140956631,1.118110175,1.101704827,1.082433061,1.061000308,1.041188559,1.015332556,0.993489966,0.977092916,0.95719336,0.9340712,0.919309353,0.905020643,0.91984871,0.943076774,0.937166449,0.881914985,0.903195411,0.937534353,0.952458634,0.97224971,0.982554749,0.970960492,0.949145923,0.927541859,0.896892889,0.854301103,0.80545614,0.780117428,0.758060479,0.733240711,0.707077759,0.67118681,0.618895153,0.582662639,0.597775462,0.648947803,0.635412653,0.61827488,0.601268846,0.583858093,0.569589056,0.553223463,0.535935769,0.51756573,0.498968615,0.485782881,0.482712452,0.482189524,0.483341124,0.485455214,0.487757416,0.490517173,0.494243346,0.497368368,0.500569265,0.505449885,0.511337417,0.517042019,0.522056581,0.527747197,0.534258238,0.541551491,0.548167744,0.55471227,0.560468184,0.565606374
NC328,CS,2012,WW,CS12_WW,62,61.5,232.4,104.15,3274,13.15,100.45,4837.349392,88.926,827.02,92.5,5.16,2.5,16,1.276440927,1.252067418,1.228126867,1.205958158,1.18266538,1.160487848,1.146398481,1.141540029,1.142455342,1.145010902,1.123170813,1.108607561,1.091008988,1.069162746,1.026876768,1.041205163,1.058210479,1.079562505,1.061005465,1.048404652,1.037763403,1.023704072,1.010624589,1.002262097,0.997026447,0.995266089,0.9982116,1.007250599,1.022282727,1.042623065,1.062476627,1.090590993,1.072249073,1.051288159,1.028459045,1.011994844,0.993227713,0.972951355,0.954267101,0.930720271,0.911127622,0.896778557,0.879538721,0.859934912,0.847722445,0.835925353,0.848389088,0.867647019,0.863458857,0.815838445,0.832672892,0.862382391,0.875668682,0.893982529,0.90378903,0.89261985,0.872248031,0.852686279,0.825576352,0.788662423,0.747426422,0.726298936,0.707898483,0.687353898,0.665438041,0.634654034,0.589054572,0.557468021,0.570992122,0.615822704,0.604776795,0.590042241,0.575189353,0.559912637,0.54730047,0.532871702,0.517585689,0.501299746,0.484544459,0.472397403,0.469657423,0.46941285,0.470741996,0.473107721,0.475574041,0.478427034,0.482171442,0.485217704,0.488392334,0.493166402,0.498939827,0.504370681,0.509249278,0.514713033,0.520865373,0.527774506,0.53410849,0.540124067,0.545582977,0.550328315
NC332,CS,2012,WW,CS12_WW,61,61,252.75,119.35,5904.5,13.48,122.725,8723.5317135,159.5305,1209.825,95,2.975,2.745,15,1.341099692,1.318296914,1.295740762,1.274846153,1.252790051,1.231426011,1.217644421,1.212730679,1.213086212,1.214902604,1.193439396,1.177602195,1.159173844,1.136536974,1.094349801,1.10900468,1.126014812,1.146823571,1.128614179,1.116243602,1.10569966,1.091780595,1.07888328,1.070700916,1.065633181,1.064078515,1.067288709,1.076654234,1.091974361,1.112388166,1.132183673,1.160294695,1.14270084,1.121680253,1.098491549,1.081876366,1.062466362,1.041137156,1.021394329,0.995996968,0.97461938,0.958695269,0.939517846,0.917417283,0.903384418,0.889811581,0.904035404,0.926428951,0.922045153,0.867049489,0.886457281,0.919404347,0.934259151,0.953966562,0.964310692,0.95262028,0.931140346,0.910061719,0.880516681,0.839779542,0.793316223,0.769413382,0.748729403,0.725170444,0.699993949,0.665596137,0.615711166,0.581123918,0.595808482,0.645854704,0.632810507,0.616212893,0.600055656,0.583454268,0.569549758,0.553662747,0.536870107,0.518992356,0.500790238,0.487826639,0.484828754,0.484360097,0.485453122,0.487648409,0.490017377,0.492787918,0.496513137,0.499596915,0.502843044,0.507729789,0.513552518,0.519322865,0.524270191,0.52992113,0.536388404,0.543624695,0.550236007,0.556586371,0.562231349,0.56731654
NC342,CS,2012,WW,CS12_WW,60,60.5,266.7,115.55,5628,13.45,113.125,8315.251113,152.077,1173.885,96.5,2.605,2.845,16.6666666666667,1.329601276,1.305698485,1.281961706,1.259903483,1.236836801,1.214601194,1.200231951,1.195500685,1.196044678,1.198696268,1.177003591,1.162249377,1.144009321,1.120615528,1.077048317,1.092557195,1.110331826,1.131291749,1.112320815,1.099395157,1.088360895,1.073774264,1.060081577,1.051322508,1.045814407,1.043876121,1.04686729,1.056248134,1.071782086,1.092508624,1.112685905,1.141658727,1.124009807,1.102584815,1.07887386,1.06177148,1.041980124,1.020342655,1.000209927,0.97449983,0.952852281,0.93682332,0.917453962,0.895332836,0.881357688,0.868043691,0.882724798,0.905730875,0.902257974,0.847118825,0.865289852,0.89825606,0.914115106,0.935066815,0.946074039,0.934627794,0.912696075,0.89120198,0.861266052,0.820060233,0.773511993,0.749661764,0.728933246,0.705620993,0.680865116,0.647049055,0.597997018,0.565048591,0.580361849,0.627779289,0.615300771,0.599327051,0.583766985,0.567718086,0.554552118,0.539404773,0.523538246,0.506746723,0.489613709,0.477480638,0.474718253,0.47437088,0.475477574,0.477450221,0.479633165,0.482293778,0.485804714,0.488872067,0.492020472,0.496900732,0.502803273,0.508627549,0.51365229,0.51941479,0.526048515,0.533661305,0.540628764,0.547271032,0.553282361,0.558539123
NC344,CS,2012,WW,CS12_WW,62,63,287.05,123.15,5536,13.9,124.55,8179.0982785,148.7575,1510.375,96.5,3.585,3.485,16.6666666666667,1.323164336,1.299344013,1.275607426,1.253763017,1.23070434,1.208554167,1.194452929,1.18954243,1.190089078,1.192288681,1.169857799,1.154857852,1.136612316,1.113773463,1.069564995,1.08423586,1.101580561,1.123451263,1.104781706,1.092103484,1.081398922,1.067233047,1.054170006,1.045803828,1.040621308,1.039050827,1.042456352,1.05214799,1.068074224,1.089264086,1.109921838,1.139163421,1.121731553,1.100310059,1.076577483,1.059562048,1.039652693,1.017846428,0.997634239,0.971707448,0.949799914,0.933557742,0.913886662,0.891359647,0.877039403,0.863315422,0.877520334,0.900033104,0.894993332,0.841857853,0.861916256,0.895684859,0.91099613,0.931205771,0.941957146,0.930605332,0.908996065,0.887682881,0.857649742,0.81629269,0.769430005,0.745315935,0.724396351,0.701068604,0.676621442,0.642778432,0.593774752,0.560190494,0.574751827,0.622700959,0.610395034,0.594473858,0.578748765,0.562490735,0.549231953,0.534004366,0.51796757,0.500967801,0.483747929,0.471511039,0.468752414,0.46839325,0.469653744,0.471825034,0.474089022,0.476883215,0.480459838,0.483527647,0.486766062,0.491453323,0.497235026,0.502802789,0.507719112,0.513291145,0.519623481,0.526864404,0.533397912,0.539672852,0.545340517,0.550468891
NC358,CS,2012,WW,CS12_WW,57,58,259.1,100.3,6067,15.4,122.85,8963.8426215,160.428,1193.31,96.5,2,3.805,16.6666666666667,1.336204618,1.311539855,1.287120136,1.264453819,1.240947122,1.218382654,1.20413053,1.199424508,1.200095203,1.202720538,1.180626683,1.165734173,1.147779451,1.125194378,1.081076532,1.09552757,1.112961931,1.134583721,1.115812974,1.103251625,1.092607964,1.078728388,1.065667343,1.057345903,1.052059905,1.05034634,1.05342265,1.062833499,1.078337925,1.099346625,1.119963636,1.149177902,1.131122473,1.109659487,1.086237812,1.069142115,1.049701243,1.02858896,1.008968009,0.984275331,0.963522748,0.948258885,0.929834313,0.908766712,0.895478062,0.882701987,0.896247338,0.917371513,0.912915547,0.861595013,0.879501823,0.910854669,0.92505937,0.944495226,0.954978214,0.943931313,0.922903766,0.902397697,0.873679147,0.834079033,0.789106427,0.765908435,0.745489811,0.72272213,0.698448911,0.66463197,0.614933854,0.580535871,0.595363209,0.643765894,0.630979683,0.614700385,0.598537722,0.581871128,0.568194108,0.55242371,0.535824829,0.518000384,0.499923754,0.486895015,0.483838194,0.483296029,0.484456097,0.486420167,0.488713261,0.491389278,0.494970098,0.498096493,0.501212317,0.505977854,0.511723178,0.517326493,0.522232895,0.527786898,0.534114415,0.54139285,0.547817837,0.55407467,0.55974405,0.564728536
NC388,CS,2012,WW,CS12_WW,59.5,59.5,273.05,113,4666.5,13.7,125.65,6894.3992,125.727,928.86,87.5,11,1.5,15.6666666666667,1.313700715,1.287566211,1.261872859,1.238073923,1.212993725,1.189132359,1.173955202,1.169049214,1.170257781,1.173841435,1.150372595,1.134789807,1.115847378,1.091957892,1.046251898,1.062231566,1.080848699,1.104826462,1.085102728,1.07167828,1.060296588,1.045231537,1.031232482,1.022282308,1.016638258,1.014884452,1.018327382,1.02846655,1.045066632,1.067446472,1.089261091,1.120207649,1.100852893,1.078070409,1.05302518,1.035125294,1.01450628,0.992215684,0.971637936,0.945604226,0.923912948,0.90799115,0.888892585,0.867114588,0.853496532,0.840503613,0.854394064,0.876049039,0.871429774,0.819925011,0.838987764,0.872059798,0.887291969,0.907673239,0.918451025,0.906556007,0.884460772,0.863161395,0.83371752,0.793735543,0.749224584,0.72653104,0.706923305,0.684933849,0.661893149,0.62993232,0.583071205,0.550751279,0.564641983,0.610405066,0.59913997,0.584125349,0.569119597,0.553559965,0.540891321,0.526170749,0.510733224,0.494167728,0.477151363,0.465057536,0.462357306,0.462210781,0.463680303,0.466053029,0.468597735,0.471527538,0.475516115,0.478693313,0.482017195,0.486971944,0.493035181,0.49889069,0.503988225,0.509653055,0.516168583,0.523602339,0.530286831,0.53658845,0.542571609,0.547644996
Oh40B,CS,2012,WW,CS12_WW,56.5,57.5,248.95,100.3,4017,13.1,145.225,5934.290315,108.692,1177.125,92.5,4.765,7.5,15,1.310760225,1.286067762,1.261030025,1.237432007,1.212525653,1.188337484,1.172375686,1.16660466,1.16757686,1.171053643,1.148290546,1.13077627,1.109834642,1.083971806,1.038403134,1.056348797,1.075841097,1.098330798,1.07903799,1.065585983,1.053804641,1.038090444,1.023597259,1.014502487,1.009040474,1.007544828,1.01157281,1.022676132,1.040546872,1.063919006,1.086387097,1.118395071,1.098170314,1.074358717,1.048111357,1.029193469,1.007348512,0.983379661,0.961184495,0.932920752,0.90913738,0.891676041,0.870671269,0.84696972,0.83211373,0.818015062,0.832724658,0.85627642,0.853173723,0.79669893,0.816972077,0.852771548,0.870217856,0.891987483,0.903259344,0.89075359,0.867409946,0.84479576,0.813662098,0.771617415,0.725082423,0.701582501,0.681487462,0.658873709,0.635429178,0.603418848,0.557517436,0.526400866,0.540037652,0.585648636,0.57482064,0.560064911,0.545417889,0.530354484,0.517930304,0.50368963,0.488867304,0.473006139,0.456793946,0.445177139,0.442580462,0.44233539,0.443724378,0.445920076,0.448285356,0.451067987,0.4547793,0.457873422,0.460998783,0.465751348,0.47151576,0.477079178,0.481934584,0.487436954,0.4936835,0.50080005,0.507312655,0.513445428,0.519104075,0.524113654
Oh43,CS,2012,WW,CS12_WW,57.5,58,255.3,100.35,7641,12.7,123.825,11289.0121295,155.067,1138.7,95,2.5,2.5,16.6666666666667,1.295863779,1.271263349,1.24621489,1.222803351,1.197712964,1.173556555,1.157474839,1.151795292,1.15296915,1.156945965,1.134532062,1.116759001,1.095465151,1.069290102,1.023875113,1.042500995,1.062698292,1.086012228,1.066002561,1.052055542,1.039836416,1.023688714,1.008685454,0.999222277,0.993347261,0.991688946,0.995618255,1.00674662,1.024777254,1.048303453,1.070892744,1.102819342,1.081162401,1.057028301,1.03043129,1.011726823,0.989710356,0.965632063,0.943574527,0.915066856,0.891554452,0.874120359,0.853321425,0.829625449,0.814673045,0.800895367,0.815974097,0.840112287,0.836748602,0.780923014,0.801252371,0.837358753,0.85461847,0.876791336,0.888269208,0.875377267,0.851634525,0.828742832,0.797255268,0.755117951,0.708753759,0.685417861,0.665640803,0.643341018,0.620631966,0.589415216,0.54461072,0.514181378,0.527748028,0.570892724,0.560241901,0.54597721,0.531724327,0.517052817,0.505143748,0.491427193,0.47704726,0.461841022,0.446279895,0.435338527,0.432960841,0.432778748,0.434139413,0.436359528,0.438715742,0.441413833,0.44512976,0.448191766,0.451293789,0.456115477,0.461801167,0.467431744,0.472360583,0.47795899,0.484369888,0.491711279,0.498323828,0.504849612,0.510712028,0.515970576
Oh603,CS,2012,WW,CS12_WW,57.5,57.5,264.2,120.65,4222.5,13.15,134.075,6238.8905,114.548,1208.66,87.5,5,4.02,13,1.354963157,1.332214451,1.309583273,1.288484138,1.266408898,1.245077984,1.23155617,1.227113197,1.228149329,1.230906085,1.209272925,1.193842932,1.175696986,1.152640864,1.10808535,1.121792283,1.137896003,1.15651266,1.13858737,1.12644341,1.115933754,1.102029459,1.089138176,1.080967471,1.076022126,1.07468507,1.078477699,1.08857191,1.10489717,1.12644368,1.147151023,1.176428998,1.159223981,1.138019842,1.114537968,1.09789044,1.078290875,1.056417327,1.036436231,1.010273254,0.988229295,0.971585904,0.951560326,0.928134962,0.912839721,0.898327976,0.911462736,0.932320008,0.92619249,0.874322739,0.898021997,0.932391257,0.943251025,0.962074039,0.973149772,0.963773887,0.942700262,0.921565669,0.891457856,0.849334375,0.801084757,0.776081129,0.754080349,0.729196318,0.702810244,0.665740855,0.612091303,0.575081643,0.594306981,0.64435099,0.629605787,0.611893187,0.594479056,0.576915115,0.562976141,0.547120767,0.530582528,0.513020699,0.495384857,0.483260283,0.48086241,0.481111927,0.48283933,0.485189178,0.487334402,0.489771026,0.492803292,0.495442416,0.498129584,0.502436212,0.507748787,0.513281442,0.518347096,0.524210442,0.531344173,0.539520781,0.54713607,0.554409945,0.560894465,0.566649556
Oh7B,CS,2012,WW,CS12_WW,59,61,269.2,109.25,5957,14.3,141.6,8801.257384,159.394,1171.715,96.5,2.865,3.25,16,1.345317069,1.321796654,1.29801221,1.275680227,1.252166836,1.229490629,1.214621437,1.209295171,1.209934605,1.212800534,1.191271953,1.174129954,1.154472298,1.130222457,1.086069877,1.102018453,1.120133031,1.140869538,1.121813477,1.108884103,1.097731589,1.082844917,1.069047839,1.060200578,1.054627905,1.052862514,1.056176557,1.066054234,1.08228121,1.103865278,1.124782313,1.154469809,1.135356804,1.11315433,1.088810923,1.071148437,1.050911565,1.028637443,1.008021098,0.981794528,0.959569991,0.94322319,0.923496234,0.901020637,0.886865006,0.873248031,0.887740018,0.910518154,0.906415463,0.850874917,0.870537489,0.904428356,0.919588097,0.93983142,0.950667129,0.93887407,0.91660137,0.894862329,0.864599137,0.823123107,0.776484453,0.752697018,0.731885943,0.708753941,0.684121612,0.650350324,0.600921068,0.56702349,0.581555907,0.630621607,0.618499649,0.602464232,0.586532836,0.570153398,0.556667361,0.541208554,0.525036286,0.507677255,0.490027268,0.47734259,0.474403544,0.474076631,0.475467758,0.477776649,0.480233138,0.483179684,0.486998177,0.490137858,0.493424947,0.498342073,0.504264284,0.509956463,0.515067558,0.520653046,0.52698602,0.534340268,0.540891747,0.547181445,0.553003387,0.557962535
Pa91,CS,2012,WW,CS12_WW,59,60.5,276.85,110.5,5595,11.9,132.25,8266.5366555,153.9185,1004.835,90,2.5,2.87,16.6666666666667,1.345622711,1.321738435,1.2981035,1.275969939,1.252701345,1.23012202,1.215480963,1.210036192,1.210485665,1.213426411,1.192675397,1.177235822,1.158753459,1.135558841,1.093751723,1.11038979,1.128547735,1.149485765,1.131067747,1.118455656,1.107486025,1.092925681,1.079336442,1.070596296,1.065050888,1.063145407,1.066112991,1.075480399,1.090970413,1.111574468,1.13153541,1.16010518,1.140386605,1.118408689,1.094149573,1.076896027,1.05674212,1.034568604,1.014134227,0.987753468,0.965588599,0.949095292,0.9291942,0.906366929,0.891877266,0.878458148,0.894582743,0.920361298,0.918768074,0.859663415,0.876245814,0.908781278,0.927700313,0.950972305,0.962888562,0.950832687,0.927884201,0.905596891,0.874587387,0.831820001,0.783428657,0.758506921,0.736703348,0.712045357,0.68591967,0.651011879,0.601520085,0.569596723,0.58635897,0.631704985,0.618924582,0.602829517,0.587111764,0.571119597,0.558034954,0.542988634,0.527186577,0.510249239,0.493016303,0.480801633,0.478191634,0.477861591,0.478798567,0.480380961,0.482157236,0.484339548,0.487472376,0.490227352,0.493062053,0.497811522,0.503808343,0.509891553,0.515403283,0.521871005,0.529239698,0.537795805,0.545521613,0.552823692,0.559205642,0.564840995
SC212M,CS,2012,WW,CS12_WW,60.5,62,273.05,114.3,5834.5,13.35,126.575,8620.443907,157.845,439.25,96.5,3.94,2.82,14,1.352972209,1.329961619,1.307222121,1.286072068,1.263757934,1.242028552,1.227823715,1.222518508,1.222806717,1.224850099,1.2034144,1.187154751,1.16809663,1.144678748,1.10232921,1.117784065,1.135207152,1.155984157,1.137594414,1.124981537,1.114159216,1.099864526,1.086563866,1.078152329,1.072890056,1.071268789,1.074594405,1.08430952,1.100051571,1.120943611,1.141041889,1.169482901,1.151037859,1.129578679,1.105972923,1.089104349,1.069239176,1.047336841,1.027075846,1.000774334,0.978597587,0.962022413,0.941969266,0.918782773,0.903923419,0.889858354,0.904808108,0.92842002,0.923860459,0.867130094,0.888024162,0.922625932,0.938204661,0.958745222,0.969453695,0.957446265,0.935033169,0.913062223,0.882343807,0.839902862,0.791740866,0.767039727,0.745484353,0.721207909,0.695655289,0.660831864,0.610315831,0.575474642,0.590396424,0.640190301,0.627233481,0.610665024,0.594330104,0.57755547,0.563904921,0.548061181,0.531495867,0.513841655,0.495974625,0.483354895,0.480524336,0.480197284,0.481442453,0.483578368,0.48599722,0.488833302,0.492702596,0.495850838,0.499127172,0.504119509,0.510098329,0.516007483,0.521113435,0.526928239,0.533560521,0.541106426,0.547904136,0.554397086,0.560433452,0.565723921
SC229,CS,2012,WW,CS12_WW,60.5,62.5,256.55,120.65,6069.5,14.8,125.5,8967.7296435,161.474,1191.405,95,2.5,3.655,17.3333333333333,1.379598759,1.353588082,1.328312221,1.305149818,1.280958531,1.25815226,1.244171916,1.239499395,1.240234726,1.242938675,1.22013906,1.206590282,1.190616088,1.170038422,1.12565062,1.139423731,1.156669539,1.180417115,1.161122319,1.148394613,1.137916269,1.124213275,1.111235336,1.102752046,1.097267707,1.095229439,1.097837512,1.106486551,1.121088886,1.141302875,1.161385892,1.190197358,1.173430221,1.15227131,1.129133472,1.112718105,1.093717698,1.072658309,1.053658254,1.029158655,1.008799188,0.993670819,0.975334887,0.954036941,0.940116211,0.927585431,0.942367692,0.965356016,0.960825466,0.907923118,0.923434457,0.953082249,0.969310321,0.991065488,1.002967928,0.992105866,0.970918153,0.950184562,0.920795195,0.879928429,0.832621372,0.807911563,0.785931325,0.761164822,0.734890501,0.699207704,0.647667163,0.613289799,0.630052721,0.676298724,0.662180973,0.645406301,0.629096701,0.612186692,0.598459183,0.582411095,0.56547545,0.547369366,0.528945317,0.515856288,0.512822677,0.512296379,0.513055532,0.514539236,0.516274031,0.518474845,0.521480169,0.524223081,0.52715812,0.531700447,0.53760033,0.543532092,0.5489761,0.555229581,0.562587276,0.570901844,0.578455644,0.585646092,0.592139991,0.597569606
SC55,CS,2012,WW,CS12_WW,62,64,271.8,133.35,5982,13.5,125.6,8838.278454,161.6635,1294.295,92.5,5.325,3.14,16.3333333333333,1.352379831,1.329896765,1.307683674,1.287102961,1.265531695,1.244425629,1.230872973,1.226066171,1.226360955,1.228079359,1.206884378,1.191576489,1.173664111,1.151012818,1.108410698,1.122973551,1.139575071,1.159357028,1.141575775,1.129381307,1.118787667,1.104719849,1.091607436,1.083197223,1.077903308,1.07624362,1.079342099,1.088656979,1.103915043,1.124111525,1.143650143,1.171442692,1.153777414,1.132888929,1.109812118,1.093186747,1.073704142,1.052174287,1.032162795,1.006290202,0.984234386,0.967755314,0.947743494,0.924595971,0.909810798,0.895616943,0.910674549,0.934332823,0.93048034,0.872126381,0.892471493,0.927199804,0.943035022,0.963724798,0.974511266,0.962704262,0.940234567,0.918217292,0.887225999,0.844234363,0.79509862,0.76980187,0.747727114,0.722834125,0.69642189,0.660372627,0.60833086,0.572971817,0.5883584,0.639023696,0.626241296,0.609249085,0.592480104,0.575210678,0.56121459,0.545263755,0.528634386,0.510950256,0.492920674,0.480000016,0.476945908,0.476464803,0.477538634,0.479442435,0.481662144,0.484398132,0.48815974,0.491283958,0.494572092,0.499527614,0.50562136,0.511477253,0.51663155,0.522359147,0.529023276,0.53658664,0.543501186,0.550063751,0.556059197,0.561358333
SD40,CS,2012,WW,CS12_WW,58.5,58.5,257.8,119.35,4035.5,12.65,143.725,5962.1222925,110.483,1316.165,95,1,4.47,15.6666666666667,1.359272838,1.334997528,1.310592258,1.287983518,1.263877922,1.240665557,1.22550179,1.220101963,1.220846172,1.223769988,1.201372469,1.184466391,1.164556246,1.140136868,1.094991593,1.111436056,1.130436989,1.153395292,1.133299508,1.119775054,1.108253647,1.092989137,1.078844521,1.069829421,1.064145704,1.062333064,1.065691928,1.075767273,1.092364358,1.114484544,1.135938789,1.166043175,1.145538308,1.122777308,1.097851047,1.079898315,1.059231173,1.036591967,1.015656185,0.989030662,0.966705163,0.950277202,0.93045468,0.907962762,0.893679224,0.880301718,0.894918795,0.918103453,0.913979138,0.858523514,0.878117462,0.912336302,0.927664111,0.948794598,0.960212996,0.947791849,0.924667829,0.902292779,0.871276617,0.829079067,0.781864453,0.757937383,0.737144382,0.713884555,0.689485129,0.655605988,0.606234417,0.572533387,0.587573235,0.636027886,0.623315683,0.607247214,0.591368247,0.574998377,0.561461666,0.545938658,0.529583855,0.512294905,0.494774925,0.482376927,0.479479397,0.479137409,0.480394938,0.482464903,0.48491,0.487691775,0.491405164,0.494513113,0.497694489,0.502639666,0.50842319,0.514107364,0.519186033,0.524831007,0.531329086,0.538623947,0.545275014,0.551731382,0.557593671,0.562738415
SD44,CS,2012,WW,CS12_WW,57,57.5,259.05,110.5,3902.5,13.4,121.1,5766.2519285,105.4985,1095.14,92.5,2.5,3.63,17,1.287418999,1.263097133,1.238190529,1.214820906,1.189796288,1.165708086,1.14946289,1.143474266,1.144700824,1.14865123,1.126286139,1.107338527,1.085461062,1.058983542,1.015061829,1.034035311,1.053986563,1.076739952,1.057427474,1.043718144,1.031478887,1.015260872,1.000320911,0.991045993,0.985416073,0.983815874,0.987858256,0.999036954,1.01714853,1.040609881,1.063058007,1.095156988,1.073796664,1.049637501,1.023134835,1.004183064,0.9822207,0.958243615,0.936078768,0.907752129,0.884080453,0.866659364,0.845841163,0.822296675,0.807623404,0.79371333,0.808567166,0.832230631,0.829345767,0.772616035,0.793377512,0.829504233,0.847060154,0.868806164,0.879777697,0.866930456,0.843406397,0.820723826,0.789662323,0.747834468,0.701856893,0.678712193,0.658935583,0.636894054,0.613922675,0.582672147,0.537950897,0.507526938,0.520737142,0.565024416,0.554356922,0.539910238,0.525647416,0.510945009,0.498974542,0.485193594,0.470828199,0.455573728,0.440032158,0.429071524,0.426731716,0.426634904,0.428066246,0.430323775,0.4327441,0.435538457,0.439286884,0.442369813,0.445520066,0.45030764,0.45598737,0.46162688,0.466464289,0.471984378,0.478294916,0.485347581,0.491887977,0.498034321,0.503912312,0.509027296
Sg1533,CS,2012,WW,CS12_WW,57,57.5,247.65,120.65,3989,12.35,110.5,5893.154067,109.129,1090.315,95,1.5,3.455,15.6666666666667,1.392102212,1.367240225,1.342880738,1.320458549,1.296945599,1.274419142,1.260389885,1.255894102,1.256607865,1.258861465,1.235572564,1.221121816,1.20392533,1.181716848,1.136209991,1.150363125,1.167384219,1.189220041,1.170268836,1.157451745,1.146528368,1.1320663,1.11857296,1.109772131,1.104173785,1.102230794,1.105323992,1.114712414,1.130204155,1.151101202,1.171553249,1.200730269,1.183040435,1.161424698,1.137615741,1.120639091,1.100855485,1.078972828,1.058993694,1.033101613,1.011503558,0.995346511,0.975816993,0.953237329,0.938587416,0.925017358,0.939644101,0.961997764,0.957021503,0.90204356,0.921446773,0.954983816,0.969914573,0.990231706,1.001051274,0.989137565,0.966874041,0.944996777,0.91428931,0.871811319,0.823491236,0.798654376,0.776881139,0.752449774,0.726829199,0.691299092,0.639097208,0.603131634,0.618218933,0.668267056,0.655646822,0.638873024,0.62198514,0.60460852,0.590447797,0.574135289,0.55699696,0.538776674,0.520000829,0.50651185,0.503374817,0.50295865,0.504231787,0.50644033,0.508992141,0.511918263,0.515900372,0.519298756,0.522722062,0.527858263,0.534165176,0.540197862,0.545487888,0.551525637,0.558304196,0.566117078,0.573200958,0.579961368,0.58615201,0.591579843
Sg18,CS,2012,WW,CS12_WW,56.5,58.5,254,121.9,3955.5,13.7,94.75,5844.3364705,106.626,932.535,96.5,3.235,4.39,17.3333333333333,1.39661071,1.37259922,1.349077944,1.327415207,1.304645015,1.282784771,1.269453093,1.264980186,1.265421275,1.267139629,1.244404752,1.230403025,1.214322006,1.193444162,1.148538365,1.161232903,1.177191123,1.198210853,1.180106419,1.167887266,1.157671681,1.144159228,1.131533875,1.123190251,1.117959574,1.116110093,1.119009099,1.127870953,1.142681745,1.162748928,1.182487051,1.21062607,1.194415701,1.17383916,1.151173903,1.13493049,1.115975973,1.094921779,1.075707486,1.05074226,1.029795554,1.014086716,0.995128009,0.972969011,0.958537973,0.945096228,0.959109951,0.980744057,0.975237177,0.921671546,0.940079189,0.972234148,0.986529303,1.006506535,1.01755787,1.006695249,0.985450186,0.96443027,0.934451981,0.892666719,0.844561151,0.819468585,0.79729763,0.772455433,0.746409401,0.710299504,0.656952948,0.61995694,0.635637718,0.686983103,0.673973937,0.65683526,0.639726484,0.622030947,0.607495494,0.590741834,0.573077262,0.55431925,0.535140169,0.521323385,0.518102013,0.517609476,0.518862743,0.521201175,0.523747811,0.526719148,0.530747536,0.534178146,0.537592054,0.542864494,0.549229215,0.555403368,0.560781426,0.566864523,0.573792228,0.581740021,0.588879877,0.595677654,0.601912024,0.607421304
SynHam2281,CS,2012,WW,CS12_WW,58.5,58.5,264.15,133.35,3902.5,13,140.675,5766.0640445,105.9455,1203.875,95,2.5,3.5,15.6666666666667,1.367616415,1.343745155,1.320043878,1.297775331,1.27430569,1.251566367,1.236677664,1.231360183,1.23203297,1.234922169,1.212854574,1.196140036,1.176459977,1.152233888,1.107706361,1.123757254,1.142336033,1.165124422,1.145065655,1.131690949,1.120314885,1.105269176,1.09117885,1.082223117,1.076483684,1.07458171,1.077877654,1.087734413,1.104079233,1.125899199,1.147030591,1.176626675,1.156618923,1.134304993,1.109744148,1.092085051,1.071668315,1.049259823,1.028597533,1.002101408,0.979844822,0.963385862,0.94355658,0.920855696,0.906423597,0.892858377,0.907899204,0.931422422,0.926309664,0.871186934,0.892038698,0.926848884,0.941747854,0.962366792,0.97326173,0.96084064,0.937655994,0.915138998,0.883677722,0.840689626,0.79252612,0.767929864,0.746566812,0.722841305,0.697962941,0.663051949,0.612034166,0.577037071,0.592399621,0.642106761,0.629006636,0.612402641,0.595875599,0.578936543,0.565119531,0.549116917,0.532327311,0.514611211,0.496621784,0.483914467,0.481061709,0.480852449,0.482279246,0.484677609,0.487276155,0.490213108,0.494174941,0.497529513,0.500796005,0.505935857,0.512027792,0.518023606,0.523185761,0.529120943,0.535860577,0.543364617,0.550394922,0.557040866,0.563221171,0.568489673
T173,CS,2012,WW,CS12_WW,58,58.5,256.55,106.65,5892.5,14.3,150.05,8705.8449165,157.706,1240.945,95,5,3.985,14,1.33768938,1.311527029,1.285208488,1.260512061,1.234580404,1.209598593,1.193329425,1.187562674,1.188396301,1.191885019,1.167654893,1.149438286,1.128391994,1.102535501,1.055997407,1.073527581,1.093343074,1.11764706,1.097393171,1.083349029,1.071254484,1.055195978,1.040358814,1.030972314,1.025145473,1.02338137,1.027142176,1.0380308,1.05590701,1.079703987,1.102788194,1.135730428,1.115084209,1.090944889,1.064414519,1.045261728,1.023303985,0.999500299,0.977452639,0.949624141,0.92629284,0.909270118,0.888857958,0.865810069,0.851406764,0.837678197,0.851960021,0.874594961,0.870415769,0.815097326,0.834791795,0.869562031,0.886216423,0.908095835,0.919817994,0.907783705,0.884841584,0.862551375,0.83179004,0.790123872,0.743840897,0.720399167,0.700209904,0.677532179,0.653875329,0.621277204,0.573891856,0.54141186,0.555853523,0.60238098,0.590635521,0.575452148,0.560317919,0.544696972,0.531835537,0.517100704,0.501601904,0.484971484,0.468239683,0.456271991,0.453676374,0.453486021,0.454845861,0.457150573,0.459606021,0.462522359,0.466355787,0.46950849,0.472706655,0.477649218,0.483543148,0.48928809,0.494351816,0.50000823,0.506466661,0.513822039,0.520457939,0.52696227,0.532772543,0.537924646
T8,CS,2012,WW,CS12_WW,59.5,59.5,265.45,127,4589,13.65,133.3,6780.1465855,122.9355,1228.01,90,5.105,3.13,14.6666666666667,1.342857857,1.319960081,1.29752343,1.277107185,1.255750373,1.235418474,1.222729352,1.218542352,1.218904911,1.22051968,1.199948896,1.186753652,1.170966649,1.150504855,1.109230295,1.121563647,1.136617116,1.155192566,1.138252036,1.126865841,1.117262624,1.104510073,1.092546717,1.084839669,1.079923075,1.07822054,1.080981528,1.089327792,1.103106155,1.121781527,1.140161329,1.166251107,1.15009185,1.130666595,1.109347747,1.094467938,1.076770867,1.05714771,1.03941476,1.016012498,0.996555418,0.981808133,0.963834196,0.942740688,0.928899583,0.915931092,0.929461216,0.950231089,0.944678608,0.893591656,0.912362437,0.943070993,0.955982203,0.973676966,0.983131465,0.972583088,0.952657242,0.933036857,0.905067742,0.86569693,0.820025861,0.796069138,0.774916436,0.7509734,0.725709841,0.690591102,0.638853119,0.602439325,0.617250128,0.667921296,0.654985503,0.638080627,0.621016778,0.603463056,0.589286356,0.572979705,0.555674769,0.537150503,0.518207584,0.504677688,0.501566435,0.501133467,0.50239874,0.504657352,0.507109069,0.510085331,0.513908164,0.517229865,0.520577895,0.525670287,0.531840371,0.537700212,0.542906298,0.548761095,0.555437585,0.563035012,0.569865558,0.576480973,0.582451075,0.587604489
Tx202,CS,2012,WW,CS12_WW,59.5,58.5,243.85,115.55,6091,13.05,138.1,8998.5207375,165.322,1146.475,93.5,2.5,2.93,17.6666666666667,1.379225768,1.355609,1.332214741,1.310094808,1.28706242,1.264684491,1.250353139,1.245258492,1.245705994,1.2479879,1.225788846,1.20960613,1.190776517,1.167457782,1.12315452,1.137939417,1.155283148,1.176428494,1.157662282,1.144998485,1.134108115,1.11957425,1.106135121,1.0976317,1.092270033,1.090608546,1.093894589,1.103652613,1.119633955,1.140980347,1.161581035,1.190901502,1.172219338,1.150361444,1.12629166,1.109296202,1.089204071,1.067071146,1.046884238,1.020591144,0.998613456,0.982182575,0.962402379,0.939508887,0.924608669,0.910966785,0.925504744,0.948172619,0.943147465,0.887574062,0.907633247,0.941736166,0.95695856,0.976953608,0.987437859,0.975635893,0.953558519,0.931882041,0.901361637,0.85920511,0.811132198,0.786422136,0.764892195,0.740427757,0.71471016,0.679190492,0.627477117,0.591626202,0.606548393,0.657924629,0.644975979,0.627988445,0.611271887,0.593974419,0.579820134,0.563430422,0.546321927,0.528079209,0.509420863,0.496122934,0.493003255,0.49263874,0.49400367,0.496365262,0.498909433,0.501829758,0.505869107,0.509164812,0.512535567,0.5176901,0.523786336,0.529820384,0.534992575,0.540947025,0.547664987,0.555282225,0.562245664,0.568873626,0.574894245,0.580121401
Tx204,CS,2012,WW,CS12_WW,60.5,60.5,269.25,118.1,5162.5,12.6,120.7,7627.290866,140.876,1148.225,94,4.5,3.255,16,1.324739952,1.300082167,1.275102782,1.251733353,1.227104084,1.203393343,1.187960676,1.182522755,1.183530977,1.186857584,1.16404473,1.146968539,1.126929889,1.102140024,1.056455052,1.073155665,1.091991738,1.114766101,1.095265729,1.081881053,1.070378314,1.055056654,1.040807832,1.03184766,1.026291839,1.024628127,1.028320388,1.038856478,1.056082591,1.078845245,1.100890187,1.132088031,1.111757068,1.088499939,1.062927025,1.044670646,1.023490955,1.000394813,0.979092662,0.951931755,0.929273354,0.912593736,0.892598563,0.869862435,0.855537541,0.842055845,0.856543511,0.879197209,0.874985899,0.820978298,0.840736547,0.875173307,0.891144552,0.912044485,0.922958126,0.910697048,0.888003924,0.865984474,0.83545874,0.794043572,0.748006474,0.72461776,0.70439081,0.681888823,0.658532392,0.626138487,0.578762695,0.546255853,0.560433482,0.606557025,0.595263493,0.580154271,0.564964588,0.549160928,0.536372905,0.52163775,0.506154654,0.489594612,0.472742898,0.460705276,0.458073661,0.457888212,0.459311753,0.461729505,0.464276722,0.467173954,0.471033792,0.474204199,0.47745696,0.482411358,0.48834595,0.494135573,0.49931651,0.504946476,0.511505341,0.518929656,0.525617062,0.532108214,0.537908028,0.543133123
Tx205,CS,2012,WW,CS12_WW,60,59.5,259.1,116.8,5640,14.1,124.325,8332.757784,151.2955,1385.315,92.5,5,4.31,18.3333333333333,1.315244333,1.290487984,1.264894352,1.240693214,1.214875896,1.189951778,1.173306498,1.167399421,1.168517315,1.17272563,1.149831218,1.131072838,1.109102594,1.082117717,1.035469107,1.054585679,1.075041302,1.098240504,1.078326482,1.064238128,1.051757162,1.035071889,1.019624802,1.009866417,1.003897161,1.002102913,1.006145486,1.017633399,1.036222155,1.06051184,1.083789831,1.116867971,1.095063209,1.070319405,1.043118275,1.023475998,1.000777424,0.97602543,0.953071426,0.923839061,0.899328027,0.881338238,0.859800046,0.835494754,0.820363954,0.805941028,0.820966969,0.845047579,0.841672051,0.784046613,0.804681588,0.841556205,0.859531175,0.88231378,0.894159088,0.881341898,0.857209696,0.833933791,0.801880929,0.758791043,0.711360055,0.687493466,0.6670104,0.644375211,0.62107213,0.589186643,0.543206453,0.512002223,0.525747295,0.569963359,0.559379961,0.544797254,0.53027356,0.515208506,0.503050068,0.489041004,0.474372099,0.458837101,0.442895092,0.431549918,0.429021097,0.428785312,0.43014459,0.4323555,0.434691647,0.437512103,0.441166434,0.444207101,0.447372956,0.451952459,0.457669654,0.463249557,0.468077762,0.473524884,0.479731065,0.486940424,0.493378108,0.499656773,0.50544637,0.510551651
Tx303,CS,2012,WW,CS12_WW,60.5,61.5,276.85,124.45,6368,13.25,135.325,9408.7595485,172.5195,1267.655,96.5,1,1.5,16,1.286039946,1.261353428,1.236997732,1.214410138,1.190518359,1.167561781,1.152366655,1.146896411,1.147735973,1.150938778,1.128772675,1.112673628,1.093342886,1.069637493,1.02798208,1.045389985,1.064347699,1.087344414,1.067806057,1.05441044,1.042918647,1.02778266,1.013743177,1.00468102,0.999056007,0.997154738,1.000393416,1.010197315,1.026421146,1.04786493,1.068589033,1.098335061,1.079365293,1.057031852,1.032334803,1.01470708,0.994147218,0.971617644,0.950742737,0.923970636,0.901488725,0.884872286,0.864859214,0.842087073,0.827800506,0.814342709,0.830000658,0.854930281,0.851997314,0.796265314,0.814471455,0.848213152,0.867152316,0.890593598,0.902802256,0.890892764,0.868013804,0.845814617,0.815079718,0.77313375,0.726303542,0.702411615,0.681780634,0.658746608,0.634631568,0.602269154,0.55666078,0.527271304,0.542678019,0.583892485,0.571872252,0.557085094,0.54267237,0.528105695,0.516161862,0.502480777,0.488002007,0.472670967,0.457128294,0.446205322,0.443816879,0.44355424,0.444437268,0.445934446,0.447625079,0.449732874,0.452591728,0.455139417,0.457827537,0.462097022,0.467541638,0.473125121,0.47812821,0.483934458,0.490734682,0.498595035,0.505785808,0.512620353,0.518787823,0.524105874
Tx601,CS,2012,WW,CS12_WW,60.5,60.5,278.15,124.45,5156.5,12.85,123.2,7617.882413,140.7915,1255.255,92.5,2.5,3.15,16.3333333333333,1.33729318,1.313121706,1.289255054,1.267088288,1.243664472,1.221124819,1.206466371,1.201211648,1.201855777,1.204250219,1.181974861,1.165382416,1.145977511,1.12236061,1.079441052,1.094904289,1.112337209,1.133005012,1.114776809,1.10206328,1.09105766,1.076460819,1.063040798,1.054525543,1.049348223,1.04778481,1.051220392,1.061047841,1.07712113,1.098353492,1.11888658,1.148309833,1.129448768,1.107458866,1.083181446,1.065965205,1.045909706,1.023913065,1.003616951,0.977559005,0.955684817,0.9394441,0.919785534,0.897263341,0.882990507,0.869353091,0.883601881,0.905992168,0.901765102,0.846464059,0.866622906,0.900397374,0.915775817,0.935579572,0.94575049,0.933884725,0.912010005,0.890672096,0.860903007,0.820025495,0.773635884,0.749876568,0.729241431,0.705826079,0.681042231,0.64697355,0.597718098,0.56374136,0.578087594,0.627668094,0.615470213,0.599237982,0.58327098,0.566845796,0.553296026,0.537768435,0.52147675,0.504053836,0.486305226,0.473637494,0.470782728,0.470498357,0.471824146,0.474168816,0.476630375,0.479617732,0.483452258,0.486608135,0.489873443,0.494879627,0.500891442,0.506659959,0.511775428,0.517322989,0.523812517,0.531126227,0.537749215,0.544025078,0.549802945,0.554867669
Tzi10,CS,2012,WW,CS12_WW,61.5,62,279.4,124.5,4277.5,14.95,134.35,6319.682934,113.417,1156.75,80,10,3.85,17,1.368565719,1.343845064,1.319624431,1.297326053,1.274090967,1.251768877,1.237805403,1.23299132,1.233508354,1.235888918,1.215146076,1.201768978,1.185040598,1.163487506,1.122510903,1.1386688,1.157202021,1.179730095,1.160523974,1.147444443,1.136388067,1.121751132,1.108088403,1.099158857,1.093256813,1.090964057,1.093172235,1.101431133,1.115627623,1.134907345,1.153919465,1.181505183,1.163065425,1.141939237,1.118784175,1.102483809,1.083453589,1.062480524,1.043503752,1.018905339,0.998530521,0.9832564,0.964926413,0.943661834,0.929945758,0.917645089,0.932808855,0.9573512,0.958619399,0.899760385,0.913109451,0.942797693,0.960654948,0.984768367,0.9979239,0.985761568,0.962926961,0.941329271,0.911366017,0.870377804,0.823784685,0.799628788,0.778479115,0.754311094,0.72870188,0.694082277,0.644216768,0.611870619,0.629128849,0.672820778,0.660337246,0.644172943,0.628202601,0.61177591,0.598504256,0.583326876,0.567401314,0.550291979,0.532574435,0.519964156,0.517172001,0.516655163,0.517064777,0.518010947,0.519398298,0.521433016,0.524366786,0.527110679,0.530061021,0.534751657,0.540800941,0.54699618,0.552509242,0.558889967,0.566514945,0.57526592,0.583199616,0.591059793,0.597687123,0.603417015
Tzi16,CS,2012,WW,CS12_WW,61,61,280.65,130.8,5853,13.18,117.6,8647.931844,158.724,1537.405,95,2.5,3.515,18.3333333333333,1.315097959,1.290949825,1.266621181,1.243832093,1.219724011,1.196379262,1.18099467,1.175476526,1.176327316,1.17932219,1.157229945,1.139821029,1.119339656,1.094614729,1.051188845,1.067861152,1.086080104,1.106900155,1.088235609,1.075211283,1.063773209,1.048605877,1.034657909,1.025843863,1.020509518,1.018996631,1.022720705,1.033071732,1.049914555,1.072013624,1.093348041,1.123613649,1.103011929,1.080134952,1.054958308,1.037132347,1.016428075,0.993776213,0.97295967,0.946221718,0.923869821,0.907331482,0.887471309,0.86476091,0.850400806,0.836923304,0.8511682,0.873635699,0.870160327,0.814609924,0.834483897,0.868765629,0.884669929,0.90464739,0.914667436,0.902356293,0.880030869,0.858351095,0.828409931,0.787722842,0.74209035,0.718872626,0.698967893,0.676250429,0.652444918,0.619599206,0.57236782,0.53990292,0.553549879,0.601373475,0.590090737,0.574621372,0.559320479,0.543505286,0.530431339,0.515574803,0.50010137,0.483506238,0.466485975,0.454314081,0.451494567,0.451141859,0.452401935,0.454566683,0.456954806,0.459702616,0.46336984,0.466464493,0.469651321,0.474389468,0.480061174,0.485617276,0.490367713,0.495818874,0.501952442,0.508962034,0.515232554,0.521122487,0.526604169,0.531326489
Va22,CS,2012,WW,CS12_WW,60.5,60.5,254,107.95,5675.5,12.6,139.575,8385.593326,155.127,983.36,87.5,5,2.965,15.3333333333333,1.348937289,1.325225641,1.301785749,1.280223013,1.257704502,1.236262529,1.223011314,1.218563275,1.219109813,1.22124411,1.200986527,1.187125308,1.170574379,1.1496139,1.107743554,1.121174121,1.13728301,1.155920465,1.13824116,1.126392639,1.11628963,1.102916846,1.090373287,1.082315755,1.077178439,1.075361585,1.078012333,1.086428736,1.100404289,1.119477152,1.138203261,1.165063813,1.146957549,1.126554337,1.10432202,1.088806447,1.070731431,1.050911576,1.03307599,1.010077924,0.991208122,0.977094356,0.960259743,0.94079381,0.928264704,0.916759642,0.929710532,0.949917528,0.947319451,0.896638691,0.911211565,0.939086453,0.952824944,0.971501434,0.98134533,0.970595397,0.95061634,0.931420299,0.904512801,0.867663628,0.825504752,0.803663843,0.78472414,0.762687868,0.739292521,0.706661192,0.658924182,0.626000275,0.640729543,0.687706418,0.675473348,0.659591631,0.643937976,0.627542289,0.614212425,0.598632418,0.582248687,0.564549514,0.546317975,0.533083932,0.530056536,0.529510509,0.530709609,0.532739469,0.534985243,0.53762932,0.54114433,0.544156696,0.547306401,0.552087637,0.557977753,0.563732627,0.568984708,0.574730117,0.581374512,0.588835576,0.595690575,0.602161715,0.607985681,0.612927993
Va35,CS,2012,WW,CS12_WW,58,58,260.35,101.6,5949.5,14.5,142.125,8790.1771755,158.825,1186.895,90,5,3.595,14.6666666666667,1.360394775,1.336520512,1.312783058,1.290759564,1.267594912,1.24537338,1.231349587,1.226624317,1.227285545,1.229821733,1.208297518,1.193077264,1.17499505,1.152125323,1.108077053,1.122723975,1.139847645,1.160300792,1.14213413,1.129748694,1.119092852,1.104982751,1.091880663,1.083434754,1.078098418,1.076424104,1.079711288,1.089284485,1.104960419,1.125967901,1.14646443,1.175636687,1.157400705,1.135907311,1.112092551,1.09520541,1.075563132,1.053908971,1.034030938,1.008385149,0.986877933,0.970832491,0.951467589,0.929072969,0.914676061,0.901200091,0.915809006,0.938239266,0.93355492,0.87959141,0.899720904,0.933296316,0.948182033,0.967783881,0.97812068,0.966508315,0.944771604,0.923469472,0.893408019,0.851947432,0.804583681,0.780142069,0.758724272,0.734697654,0.709478021,0.674498912,0.623216186,0.587718052,0.60270966,0.65314329,0.640450386,0.623794427,0.607017313,0.589686794,0.575768394,0.559761566,0.54283553,0.524788075,0.506312116,0.49322695,0.490234448,0.489915133,0.491300998,0.493700035,0.496265241,0.499299076,0.503349571,0.506670576,0.510024061,0.515230033,0.52139401,0.527432461,0.532768886,0.538587759,0.545422939,0.55307555,0.560018336,0.566618214,0.572655916,0.577924739
W22,CS,2012,WW,CS12_WW,59.5,59.5,250.2,110.5,3323,12.1,134.7,4909.490382,91.144,1202.435,95,4.16,3.5,14.6666666666667,1.346793765,1.323028742,1.299216989,1.276823146,1.253238794,1.230440581,1.215741162,1.210746398,1.211506278,1.21412749,1.192034591,1.176142139,1.157250458,1.133361546,1.08836461,1.104187041,1.122137999,1.14279587,1.123978878,1.111025704,1.099805406,1.084842884,1.070949191,1.06202732,1.056458538,1.054655958,1.058038755,1.068059652,1.084534274,1.106280295,1.127326891,1.15700574,1.137241698,1.114839428,1.090252678,1.072712699,1.052213709,1.02973497,1.009041568,0.982441181,0.960175993,0.943646213,0.923847079,0.901082419,0.886498829,0.873043879,0.88760852,0.910151646,0.905885188,0.851137996,0.870529705,0.904685272,0.920411339,0.941130475,0.951964087,0.939833399,0.917293987,0.89537422,0.86465292,0.82275007,0.775571802,0.751501613,0.730490557,0.707060849,0.682598203,0.648713047,0.599022436,0.565094897,0.579950745,0.628277488,0.616449917,0.600657332,0.584820543,0.56837052,0.555024559,0.539727712,0.523636564,0.506627615,0.489239016,0.476840435,0.474011307,0.473727424,0.475173409,0.477598317,0.48016931,0.483141055,0.487128268,0.490351012,0.493709267,0.498682598,0.504864465,0.510708121,0.515920641,0.521736805,0.528368304,0.535815467,0.542786203,0.54928491,0.555210068,0.560442524
X4226,CS,2012,WW,CS12_WW,57,57.5,252.75,118.1,3694.5,13.45,124.6,5458.5801445,99.803,823.39,80,7.5,4.105,14.6666666666667,1.330802961,1.306625348,1.282645472,1.260272394,1.236775776,1.214259616,1.199957794,1.194922321,1.195597438,1.19814324,1.176222663,1.160756075,1.142745504,1.120176947,1.076514165,1.091270494,1.108657698,1.129348863,1.11063039,1.098001526,1.087156081,1.072799799,1.059455792,1.050953227,1.045570137,1.043719855,1.046758689,1.0560879,1.071501674,1.092299535,1.112625825,1.141461051,1.122414306,1.100824433,1.077116805,1.060321708,1.040832465,1.019552388,1.000090289,0.975068585,0.95434896,0.938944204,0.920454902,0.899130123,0.88558708,0.872815838,0.886298782,0.907322513,0.902992524,0.850676633,0.868260623,0.899394295,0.913550361,0.932997179,0.943484274,0.932218236,0.911111818,0.890565328,0.861839649,0.822439368,0.777832084,0.754937744,0.734975336,0.712404399,0.688624136,0.65575531,0.607330735,0.574013404,0.588692818,0.636060392,0.624281485,0.608668133,0.59308988,0.576925156,0.563739435,0.548566552,0.532565756,0.515586485,0.498190732,0.485717404,0.482839536,0.482535342,0.483806153,0.486122511,0.488464099,0.49129345,0.495165061,0.498269002,0.50143386,0.506393239,0.51233761,0.518073483,0.523151444,0.528768764,0.535337417,0.542700375,0.549460539,0.555905601,0.561650134,0.566849745
Yu796NS,CS,2012,WW,CS12_WW,56.5,56.5,240,102.85,5076,12.7,148.7,7499.6528715,138.3585,1327.185,95,5,4.87,13.3333333333333,1.365831779,1.34217196,1.318004895,1.294847107,1.270309228,1.246270672,1.230204044,1.224323509,1.225187226,1.228768814,1.20638534,1.187520387,1.165665378,1.138984571,1.09295814,1.111687244,1.131511532,1.153433865,1.134090158,1.1203367,1.108020999,1.091664785,1.076413296,1.066871362,1.06098975,1.059318819,1.0634642,1.074872795,1.093280546,1.117119136,1.13975478,1.171922189,1.150139756,1.125763426,1.098815146,1.079320817,1.056679918,1.03171402,1.008502985,0.978661885,0.953403155,0.934719295,0.91220704,0.886634293,0.87050711,0.855271073,0.871302543,0.896970074,0.8935565,0.831696097,0.853881966,0.892473186,0.911007232,0.934011662,0.945696477,0.932256869,0.907266834,0.883045888,0.849532419,0.8040534,0.753442359,0.727879975,0.705908855,0.681353488,0.655931772,0.621387674,0.571926832,0.538620367,0.553226823,0.601274226,0.589682829,0.573845366,0.558115933,0.541929538,0.528769452,0.513734454,0.498100935,0.481575472,0.464661059,0.452636834,0.449928345,0.449727854,0.450975305,0.453089096,0.455436188,0.458229605,0.461983166,0.465062797,0.468296678,0.473125341,0.47908105,0.484766713,0.489770952,0.495393318,0.501976936,0.509344338,0.516171436,0.522578248,0.528618208,0.533876856
