"Name","PC1","PC2","PC3","PC4","PC5","PC6","PC7","PC8","PC9","Factor1","Factor2","Factor3","Factor4","Factor5","Factor6","Factor7","Factor8","Factor9","DTA","DTS","PH","EH","Plot.Wt.gr","Moist","Kernel500Wt","Yield.Plot","Yield.BuAc","Wt.Shelled.grs","Poln.per","Abortion.per","Flav.per","Av.No.ker.row123","4022","4053","4074","4094","4115","4140","4165","4196","4231","4296","4358","4404","4425","4445","4508","4566","4618","4786","4848","4871","4886","4906","4925","4940","4956","4971","4992","5015","5042","5075","5106","5149","5218","5231","5243","5251","5258","5266","5274","5283","5293","5301","5312","5330","5345","5384","5472","5594","5762","6007","6161","6317","6556","6693","6795","6934","6988","7019","7052","7090","7133","7158","7185","7220","7287","7378","7492","7661","8010","8298","8419","8481","8541","8597","8633","8672","8710","8755","8809","8876","8928","8980","9052","9119","9171","9220","9277","9318","9356","9410","9472","9530","9578","9630","9686","9748","9804","9860","9914","9966"
"A188",0.391424362628229,0.0859292970218364,0.11927499632715,0.0257995498760408,-0.384356978777553,0.550204049565946,-1.60578145023316,1.41341326833765,0.282276417065107,-0.611156632840205,-0.763432540700372,-0.452810875808804,0.510660161724907,-1.97785377045181,1.24718746741375,-0.685306255956671,-1,0.216283046469253,-2.11715641174795,-1.97785377045181,2.36743624353017,-1.08583463862994,-0.285430642827474,1.05537499934429,0.362565753835736,1.19856203835816,-0.124911528988635,0.251981847767165,1.56990009216296,0.323158322823721,0.11182911219004,-1.86884892689542,-3.68181082054351,-2.84611692092865,-3.43682307420601,-7.58909505825001,-5.15313511498874,-1.84786786030761,-0.565012808719541,-0.0791477443080101,-0.344077493197244,-1.06115190676495,-0.304862145709718,-0.238879212025148,-0.324068243616641,0.147508529617136,0.0725560622420163,-0.2796212336088,-0.669461525664893,-0.423262658290158,-0.368667298076337,-0.321350983745189,-0.224563290184914,0.00978896060525369,0.167534235838139,0.216818338236241,0.234544609030849,0.244632578290974,0.249629463594962,0.206507281037845,0.237897904417908,0.454676007339226,0.507497948283816,-0.132294834299121,0.139662137657307,0.147995526529071,0.108586811531617,0.18468794853765,0.3395627909644,0.437440398882416,0.479672764598256,0.453370369251535,0.422948175047149,0.454333243363592,0.48974106280639,0.612132409404831,0.740313850810831,0.839156472463371,0.729539334828288,0.600949208308029,1.41341326833765,1.09298606367614,0.718413233791261,0.378730257053029,0.357801080095613,0.484953577638394,0.875969369296006,0.775821582900489,0.647119214245669,0.630876211569104,0.879682982848336,1.07706562975678,0.971544377080413,0.891947424160574,0.79840363591943,0.733122061580348,0.64065218078738,0.529577960519317,0.411563129669588,0.387796871156796,0.483868971961191,0.428614038959281,0.377101706235653,0.343773138904975,0.300161653221845,0.273011844029007,0.274370223323191,0.265514506404484,0.262742687852122,0.264018211274959,0.175876700104902,0.101505770692637,0.1349285151326,0.12282299624388,0.0638529605469424,0.0473897031409727,0.0245287190880332,0.00816478499930939,0.000553857397115776,-0.00294369485840484,0.000206589681143399,-0.00282783170748224,0.0102272446072977,0.0264231671409372,0.0426796422433708,0.0669449929831254,0.0930624335164445,0.14069707005034,0.173449788830051,0.219062163808227,0.400588226427017,0.530122569512173
"A632",-1.54726961790444,-1.52373461270353,-1.30801555995223,-1.70297007683851,-0.463819837934708,-0.370257738455556,1.47221772922655,-2.31618911585471,-0.666115214008155,-0.611156632840205,-0.763432540700372,-0.452810875808804,-0.510660161724907,-0.763432540700372,-2.11715641174795,-0.452810875808804,0.136479917980696,-0.729405875748817,-1.46165557642791,-0.763432540700372,0.775299005947117,0.125949869826171,-1.64023112552719,-0.195776843379328,-1.29565053239959,-1.98973462421518,-1.61100354306077,0.267044653850351,-1.97785377045181,0.269335868086709,-0.810229615729571,-0.935918660781145,6.89267637420102,6.47211364155115,6.48011650706479,8.86405644712927,1.54121056668747,-0.378949881738006,-0.95175812169417,-1.08425072298751,-1.02759053867162,-0.751487661183351,-1.00412549350329,-0.923957180988951,-0.79778568453993,-0.959790569035668,-1.00121489668291,-0.894675009912231,-0.753159514562367,-0.716604521141894,-0.629940108116052,-0.613383595869569,-0.626072258334283,-0.73764259439267,-0.816025425325053,-0.815771201388107,-0.775849795339378,-0.768376742802699,-0.733015371235769,-0.657512184632557,-0.565677209392484,-0.530796605753172,-0.412250505914717,0.184506603619505,0.121869976730709,0.0500326828784261,-0.00578350331653832,-0.170469833702127,-0.435097998496593,-0.64337225519689,-0.83531388978866,-0.953598104417953,-1.06190291735071,-1.10832362382262,-1.17339054683139,-1.40205920616995,-1.59421488670628,-1.79405402643202,-1.5683077679374,-1.49350904762989,-0.883970146130975,-1.97377722811387,-1.4298762405996,-0.962490640788337,-1.12276711222075,-1.31420753428988,-1.2095945590449,-1.27326480945183,-1.36404905074318,-1.44158417754093,-1.53121193032717,-1.9271146908601,-2.10576974353535,-2.17174810630915,-2.18946290497102,-2.18954876834509,-2.12857589988017,-2.04331518933682,-1.91234130548298,-1.81834659752666,-1.89801845698262,-2.11434205170313,-2.06786854599264,-1.98485663750923,-1.92576349359832,-1.84627229653378,-1.77693038941337,-1.69249544603009,-1.60344303411545,-1.47422084162177,-1.45605449268975,-1.41292604338296,-1.40237306930331,-1.39344490651342,-1.3621348167304,-1.34947266382613,-1.34298544208249,-1.33945051079781,-1.32329611206331,-1.31002623574466,-1.30875351802709,-1.29854805646542,-1.27700453523355,-1.24498065157297,-1.23167987833671,-1.20439353889757,-1.16037921507324,-1.13287057922046,-1.09322753709029,-1.04914538292937,-0.980014120761618,-0.907917280521968
"A679",0.96220131081955,-0.623022588820395,0.838736541835953,0.0207799046986799,0.663812093215767,0.928462871067787,1.9009348310754,0.163832490283551,0.568613447646244,-0.611156632840205,-0.763432540700372,-0.452810875808804,-0.510660161724907,0.094568546305323,0.305121032902364,0.452810875808804,0.133389480053067,-0.729405875748817,-0.216283046469253,-0.287182477071437,2.13777675012679,1.39747646554551,-0.559785298456538,-0.106959489653969,-0.412891279323148,1.01897766841354,-0.47299088130527,0.652619922154852,0.359557484765686,-0.216283046469253,-1.28546414903254,-0.883970146130975,2.73454200756309,2.31187257212077,2.37029232865873,4.12391443697849,3.00852573569205,2.1278829905839,1.90885644660204,1.85536279968596,1.90614695889354,2.03623542862747,1.70286234555474,1.80378648847466,1.93216662857269,1.53648320275664,1.30036968968196,1.42690093705654,1.4632741400119,1.58723617574039,1.72121266412979,1.79397553962195,1.78310186559162,1.62864251402203,1.51072714063011,1.45834590279887,1.44206796712995,1.45014601544303,1.5202113599607,1.68114515076083,1.81592158079645,1.6855818935772,1.5167812301797,1.67774464575731,1.32280356449495,1.39849221370439,1.51471196842544,1.50375189551544,1.35052900485696,1.203440615151,1.06979090321173,0.956332304119654,0.880578446858509,0.882245125943975,0.876491595782432,0.895316421735292,0.916964970515233,0.899989001025174,0.996555378459748,1.05254324623242,1.07847480902485,0.965298447212786,1.01039816035734,0.935822699756636,0.925448309046251,1.06898355938469,1.73816005618706,1.47917141128243,1.13071543000624,0.966649230648158,0.935280180336299,1.02467366238838,1.15113097279413,1.14049831209695,1.12679550617706,1.11003606759716,1.07013675155681,1.04874931711724,1.00624432261912,1.03245380647156,1.11359209566523,1.06842924682633,1.02548000981728,1.00769283009574,0.993479860368494,0.988746745924503,0.986024519410259,0.984191874677576,0.972693673083828,0.954529311510469,1.00471143968836,1.04690037753558,1.15167840883256,1.15412378142567,1.06210254557169,1.05010364660823,1.0228911574827,1.00007969774534,0.963912697101232,0.945979306062772,0.926433634684959,0.90585579891071,0.894357676036127,0.883940545510401,0.888428366600658,0.902924531332483,0.921088304984459,0.947098076994396,0.973833393512691,1.00922146421261,1.26570598057647,1.39737880043001
"A680",0.113364657466835,-0.435601216543361,0.64242103603136,-0.417646217923552,-0.601023179767043,-0.951575124349214,-0.136349952045268,0.233892426225297,-1.0532494291215,-0.611156632840205,-0.763432540700372,-0.452810875808804,-0.510660161724907,0.0601266125902895,0.323158322823721,-0.685306255956671,1.19629510431948,-0.729405875748817,-0.341301375746541,-0.155138249122664,-0.0279596096672956,-0.890542581095472,-0.822934352903698,0.88175504488035,-0.678738992176168,-0.578103977323795,-0.902894054450041,-0.0798299213878322,0.323158322823721,-1.32572287710879,0.471916624478022,0.452810875808804,4.63645061686247,4.46317325878324,4.25063906919568,4.61812258766625,0.209607044599118,-0.543439351216161,-0.63230156859825,-0.587043956563792,-0.588791492705941,-0.588000669492889,-0.506930719480658,-0.33637782337115,-0.159108394893526,-0.232841616715595,-0.192682455178568,-0.179445207412136,-0.200833686298614,-0.303944454580242,-0.198664320188836,-0.135817097193425,-0.105384473320684,-0.138153556079239,-0.160589315007942,-0.163211074340887,-0.160465552722231,-0.160287276949595,-0.159713147070746,-0.137859571505658,-0.169743204061014,-0.327157412856423,-0.449495639283528,-0.652054625319462,-0.437625538177845,-0.336877461501675,-0.229279792796929,-0.186221079677743,-0.210665350399537,-0.227719491394916,-0.228631630521536,-0.213086307068397,-0.183237855094692,-0.156751381459631,-0.125022870539863,-0.0772484715272177,-0.0449071838029615,-0.0153697646847668,-0.00920939046627411,-0.0150243929259124,-0.181258875917563,0.0129541068804679,-0.0112063359623686,-0.104860544233994,-0.132763068237841,-0.13490943173142,0.00190933696176421,-0.0491867043987871,-0.103854554139945,-0.11556167695374,-0.118322902003567,0.0164073862995673,0.237198713967141,0.31486084715049,0.389820131548005,0.444040567410803,0.477953735908531,0.53512611220647,0.614275678593422,0.683144869135494,0.692141260734455,0.650627227490223,0.656381727523872,0.672071253414837,0.700009590902374,0.724295097412616,0.734874649776963,0.752319742948808,0.759007625055237,0.76020825518161,0.803840197660151,0.838924813795159,0.913411158672568,0.918951839349164,0.854759731114707,0.853062638926075,0.846443745397758,0.831848983258929,0.822975502853067,0.809341190411326,0.802382564085055,0.798671982115792,0.790594096494914,0.786101684047508,0.796339177311338,0.801540988697982,0.814380778789775,0.819471823419307,0.836653034593263,0.861114056322657,1.02084496806623,1.09803368134548
"AAP102",0.816370760408963,-1.53435653070091,0.585221601705064,-2.27218784710378,1.10292009997038,0.108306313706389,0.63210122313757,-0.0773361111366767,0.253178995484252,1.32572287710879,0.510660161724907,1.36825306468233,-1.97785377045181,-1.21065567398101,0.550186035237781,-0.216283046469253,-0.00505746465907275,-0.146455719262031,-1.07847480902485,-0.570272115143842,0.205668386355257,1.43498416556828,-3.95273470481356,-0.53124206042514,-0.449255160897146,-3.74448042625066,-4.08719935415867,-3.51285312647521,0.510660161724907,-0.653089423829604,0.59059096426631,2.11715641174795,-2.28917898699042,-2.25688639941559,-2.1486610020165,-1.88127331226385,0.652007323293373,1.52326854379656,1.79639159908532,1.89114446052138,1.82495544824904,1.74469440403932,1.65634617518436,1.59448025802344,1.42852893518548,1.36534376164819,1.09350336574275,1.08413111918016,1.04213119815862,1.41727384574209,1.41263070831957,1.37717277792657,1.34199800357638,1.30066428191275,1.27338462475704,1.25344467283605,1.25619433234508,1.25801154089269,1.31280601574734,1.39280826200381,1.57612186827066,1.78302118248719,1.87219000353118,2.18316562832572,1.66146955746038,1.53527382693196,1.42066742219319,1.3460176113055,1.26206555991003,1.17536324321206,1.08066602190272,0.970031085643753,0.877817970777369,0.879224508614278,0.880492441638511,0.896758660186182,0.931279976187582,0.96123324895461,0.988220197744752,0.963870592367179,1.77837390382636,1.1895787790028,0.988781102996658,0.869308248691882,0.862988189945223,0.983834850860952,1.46090688159206,1.25437791140936,1.03286141886331,0.95239158190482,1.09652650444878,1.13119055448157,0.981333344530731,0.891386289219175,0.80499793783611,0.721044873340197,0.647706930741606,0.565742240403047,0.524034920633188,0.578062265991216,0.687374477243073,0.529491531175696,0.477346317468837,0.473218800721771,0.457702973087886,0.46654556352787,0.486232075138748,0.511075743732748,0.532982982752741,0.557949076405975,0.554751721060027,0.554494750838484,0.604801986985519,0.614971761947269,0.577643422761076,0.5601632684452,0.530225047238384,0.508262821155154,0.480528498243843,0.473037190329394,0.465853496067703,0.458688235294307,0.469252723204712,0.486859045603694,0.503194056208987,0.550505888810757,0.593444162694481,0.639654188234539,0.692802431564553,0.739888974784002,0.911236810901308,1.0237572830361
"AAP112",1.49327891372531,0.122501411934525,0.503277258692025,-0.0130125504727059,1.40332785156666,0.756839522896798,-0.852746748398401,0.00858444884039585,0.140662632681046,1.28546414903254,1.77837390382636,1.70047776180866,-0.025755877527743,-1.28546414903254,-0.696203541899834,-0.377934231521411,-1,0.990524524326483,0.00858444884039585,-1.21065567398101,-1.44117233791949,0.179087794779802,-0.288903903116098,-1.00483320465712,0.580492723638146,-1.29277400659429,-0.316905973890986,-0.189763845677422,-0.763432540700372,0.740652594517764,0.858872326088155,0.0601266125902895,-7.81880952268306,-7.86821333573604,-7.06478220400866,-6.27375878149418,3.39214596648917,3.69942979863131,3.57019456766642,3.45866831939468,3.67276826098374,4.19151231723348,3.89279171301625,3.7214028041513,3.43086522983794,2.90136312816336,2.69237699294186,3.11932404256344,3.33967660266547,3.16187066356277,2.77032869717234,2.60865684379025,2.44251708909667,2.21840439644377,2.04929044371226,1.93232542385382,1.83593819243602,1.81242771056392,1.83438487008127,1.9315859006633,2.06045594943525,2.07651435702892,1.98541487898045,2.07867993772165,1.53304572314285,1.51279931121805,1.52583149778801,1.5473938913394,1.56631716203512,1.55232278366614,1.53595934954077,1.475994062519,1.43852595470114,1.42105132676111,1.40141328527632,1.50795333844288,1.62419221971294,1.7389603454463,1.84214522807038,2.03998033519758,1.32572287710879,1.45154615412848,1.23643481926967,1.24405401160781,1.850030253249,2.22602093220595,2.39354734917035,1.87846504022318,1.58551955726036,1.44697238246616,1.36482924665268,1.42703928549129,1.33249296648259,1.25811771147132,1.18086906524496,1.12405621133906,1.10324700812827,1.14829601895913,1.19430639821335,1.20537380959385,0.648536305034598,0.872625629695287,1.08436650402694,1.15166713299061,1.18921165510026,1.17700321036927,1.13668378915288,1.05639053229182,0.948758018952441,0.798101338780498,0.672546278847881,0.482484514127582,0.334981292324543,0.20088468945872,0.0651619249335358,-0.0171009554385995,-0.0347604956147227,-0.0187044564237148,0.040999482185843,0.104630840698943,0.176116257062644,0.288544841394305,0.421933163100085,0.52186353228982,0.582812042405815,0.622925534761947,0.61187502273947,0.54803517028302,0.443052336213967,0.311102662154566,0.139675441114033,-0.0163871674428607
"AAP119",0.463732835563318,0.78994849601149,-0.070536829520124,-0.118811973394322,1.49943633834958,0.880439122977245,-0.678039612813738,-0.59059096426631,1.39682703864765,-0.611156632840205,-0.763432540700372,-0.452810875808804,-0.883970146130975,2.70408313391125,-0.740652594517764,0.0429349044615765,1.76167257377858,1.56990009216296,2.70408313391125,2.11715641174795,-0.687711364632637,-0.0129193666755556,-0.858010647298403,1.40443137793888,1.73984210303966,-0.533817398487499,-0.916142727694138,-3.63329877298959,-0.707184137541987,-1.63171411090351,-0.129123061942014,1.46165557642791,1.73682398257352,1.00604760042953,1.56042450496968,4.99807432754586,5.37167303218364,3.39308875888315,2.59054337819256,2.29270293603482,2.43960820456222,2.93737065339779,2.23537134067637,2.09654603922984,2.02363482962998,1.33054844092221,1.0252425514009,1.3935613835326,1.68644895116419,1.89587679413206,1.91746883962169,1.89909585200106,1.79319839013948,1.49581202621722,1.27545063837847,1.18295471412756,1.14854111134599,1.16032297713393,1.25282957374499,1.49062467140589,1.73600288148427,1.69833347158654,1.64732977998503,2.22946539148148,1.48414086990941,1.42866861530087,1.42681344952732,1.31204404339159,1.0386614167086,0.791108969928094,0.578925804302657,0.399802199516333,0.269819045112587,0.206089785961753,0.122947179557682,-0.00230651398927906,-0.0978912752622402,-0.220461884886048,-0.0589541346828454,0.104271944052169,-0.11182911219004,-0.341293719801557,-0.00946927777177387,0.224619204269417,0.256968327498666,0.362388835362011,0.793824558070228,0.582537751798712,0.279784248519169,0.0993467741499472,-0.0893935331687727,-0.260319971013592,-0.290371448338658,-0.329871688840053,-0.351454476049668,-0.376770315567185,-0.394021622752985,-0.379815477780891,-0.37340922677011,-0.370522992339318,-0.37512367202203,-0.373941394053616,-0.373784272912772,-0.358539413628384,-0.34492338776152,-0.325841937770693,-0.320313482167298,-0.308219066723143,-0.297423554190604,-0.27984548671587,-0.253319941700205,-0.222388671344266,-0.189002843779686,-0.180866077732276,-0.194129422744181,-0.189302456467861,-0.192476164644145,-0.191073708189257,-0.193069869298237,-0.190703289983982,-0.19238571097425,-0.199989183433026,-0.191338582613362,-0.178464983628274,-0.168962010019491,-0.157738675451674,-0.131636020140636,-0.106893236105443,-0.0808859969172357,-0.0472086315920504,0.0772696026890505,0.156835588246464
"AAP212",-0.173613309497133,-0.667601470875464,-0.101898256111344,-1.85124413560356,-0.520583297903641,-0.518791633693601,2.40109350422721,-0.674489750196082,0.353739073556704,0.59059096426631,1.01896585286423,-1.32572287710879,-0.305121032902364,-0.530319525843568,-0.305121032902364,2.31618911585471,-0.165715408643266,0.763432540700372,-0.740652594517764,-0.471916624478022,3.78242903931088,2.76397686515611,-2.61882804821686,0.960385427937611,0.137663442956904,-2.27066086320768,-2.51196055685577,-1.05276991682403,-0.287182477071437,-1.86884892689542,0.510660161724907,0.359557484765686,0.854176289225307,1.13702232797892,0.343341047740489,-1.73673701390203,-3.69175847249518,-1.73918553761557,-0.901543159596062,-0.605835365189322,-0.777757713891019,-1.219759728815,-0.78296159677506,-0.658161222852135,-0.619323294249507,-0.158185746855485,-0.185661464957169,-0.528095530259024,-0.817084748431091,-0.686184474243222,-0.575278891534259,-0.538033603531872,-0.445990222641336,-0.245396724882215,-0.101334630425177,-0.0315074687874907,0.0261296585679216,0.0341609289304865,0.030089529189669,-0.0384422324531205,-0.0371706579963293,0.177252019668749,0.341962632274449,0.374967004736726,0.451631237632149,0.372199536637247,0.268710599541323,0.268664197363766,0.310355722839786,0.355660241621261,0.372820379747886,0.360934951823633,0.346369076482084,0.371642957894202,0.399326224715737,0.410440475286333,0.434194342406543,0.457651218063594,0.408738882490178,0.28818533727935,0.96286268399541,0.56941938702832,0.433959053964005,0.36450679993811,0.230615722626842,0.130304885508288,0.220720797405153,0.21436823220511,0.244814712935502,0.297965173530026,0.506060345038639,0.533242011520637,0.390013173543267,0.3358113249707,0.29371760058618,0.244581653553907,0.204254464219906,0.149944638952844,0.109620392462815,0.065018452740552,0.0790940090137737,0.0672326478288992,0.0309474892798114,0.00755037588201435,-0.0175386033215998,-0.0348586586387386,-0.0475073281516998,-0.0593465657699195,-0.0724100510820295,-0.0837748876970669,-0.163080688020966,-0.232347475316492,-0.278284159864306,-0.288217593054331,-0.276851902376084,-0.291932747870622,-0.297952425684264,-0.297510677991576,-0.300800549835212,-0.297492015935414,-0.297827953653413,-0.300272170625478,-0.303780490061188,-0.308125486942032,-0.315222587130815,-0.322698319585291,-0.332249895126902,-0.333598877361524,-0.334893844635238,-0.346117230799399,-0.398112978184032,-0.394642988153308
"AAP235",-0.53373046377661,0.178935768244832,-0.40355109510091,-0.188663963863848,-0.41375420524048,-0.68223791285279,0.25715817559819,0.41508156846907,-0.435649913509099,0.269335868086709,0.00858444884039585,-1.86884892689542,-0.11182911219004,-0.0429349044615767,-0.11182911219004,0.696203541899834,-1,0.834304194079262,-0.163832490283551,-0.452810875808804,-0.945123825293626,1.08941090207083,0.243025656949697,-0.13729829683261,0.313429143433143,0.114515971595846,0.332180659909574,-1.25326592886069,-0.163832490283551,0.129123061942014,-1.1097116811366,0.858872326088155,-2.34624259602506,-2.04472919601445,-2.35104211128875,-4.63012400135095,-3.03721848515805,-1.78446321851152,-1.37320950412436,-1.26954335263871,-1.32896692691702,-1.56511228579397,-1.22438542583384,-1.24560044924926,-1.27929234825567,-0.959274438141583,-0.770257898359223,-0.915941035863764,-1.00929519473571,-1.12398644722482,-1.20805042794347,-1.23779150615096,-1.20207746936879,-1.05131906127694,-0.946346539518589,-0.904440835571653,-0.897037059142339,-0.900365060613985,-0.959405371075492,-1.09786648162974,-1.23860182015838,-1.1729986422181,-1.09805929112655,-1.42724949486453,-1.08176163278962,-1.09943398623533,-1.14795572444926,-1.09050139677523,-0.927736521701481,-0.772169558413454,-0.64261941869256,-0.531138874323187,-0.457423401949032,-0.45550675525968,-0.452230344193598,-0.450434424050673,-0.454428558710004,-0.45361201751584,-0.525441582354728,-0.537093189642231,-0.909637531305093,-0.546698047298271,-0.551907114295878,-0.526128343283899,-0.498116943692299,-0.580863293389345,-1.13707412369486,-0.921345359108407,-0.640010509871443,-0.521725224267972,-0.569401611606975,-0.623759135791262,-0.660165636420774,-0.63679189723338,-0.614139123795683,-0.588594288413194,-0.560063232410906,-0.544091202854666,-0.525140327286352,-0.538936537343629,-0.5832538546375,-0.531870141099186,-0.507982840562416,-0.502639591509394,-0.502662688784196,-0.501886598999059,-0.504478416911133,-0.50364423247583,-0.497347363420201,-0.487413287013917,-0.463087389228738,-0.43930920929188,-0.48747948639101,-0.484471362003413,-0.431525402311243,-0.417790083509185,-0.409834536627868,-0.404248538477314,-0.392667186148309,-0.390693465281878,-0.393146325172023,-0.394075447209113,-0.40629570818011,-0.416831778586189,-0.428260280253636,-0.450354001905182,-0.474560621161394,-0.500576366052725,-0.528838798038889,-0.5628850843203,-0.724857613261835,-0.829315866904476
"AAP236",0.495565392545853,0.253780347376733,0.227104779182655,0.438200860192626,0.403367121734559,0.426039212637638,0.0684523195166111,0.653089423829604,0.433028355575705,0.990524524326483,0.96286268399541,0.786615728168508,0.00858444884039585,0.198740484735103,1.17567186065927,1.01896585286423,-0.333708297118462,0.631984110269536,0.233892426225297,0.909637531305094,0.116410066114925,0.486572689530331,0.270490044590638,0.559550086186847,1.07050113695447,0.648177512069741,-0.109220890672624,-3.1164799616987,1.01896585286423,0.0429349044615765,-0.631984110269537,-0.433869014530238,1.56288825399289,1.53613380391072,1.21926216228042,1.53377796127624,-0.157910337767822,0.320025655701115,0.585630172223399,0.689589837100824,0.63269033816474,0.498557641531341,0.372770271018527,0.436833087790442,0.47669305754451,0.593151780690151,0.37529541362997,0.140094144131891,-0.0636332474992137,0.0600000267037322,0.181690490343363,0.213407110820711,0.268009809693297,0.358764600477305,0.421938680580567,0.46796768646741,0.520985329593701,0.531322808939619,0.558520284267907,0.568858413372979,0.647426341472378,0.806676685615639,0.925717112217695,1.32588375858921,1.14420715934034,1.07750356013367,1.01917357847995,0.951769353916669,0.871983979093172,0.805884096130127,0.737475308443778,0.679989983074103,0.624973422269253,0.641368645532273,0.656011344030847,0.630370352903881,0.615416088629378,0.597693164380822,0.626562932717275,0.495625130509381,1.24718746741375,0.584410667388671,0.592220668853204,0.628353650596424,0.449524835809006,0.312993231813348,0.484716220888402,0.447129486471695,0.415583376559484,0.42515183549365,0.598966603025028,0.554135430659688,0.439962074751851,0.394495554011609,0.354480944231766,0.321940186060763,0.294360158905222,0.258384997953859,0.210803629202003,0.168894476779259,0.19284141182769,0.245353908037561,0.230747443434291,0.223957445932552,0.20707176798084,0.196621180154023,0.188096780336398,0.176642224714927,0.163836862888475,0.151071605001047,0.119083301330839,0.0911600547869629,0.0717424686179287,0.0831560167933056,0.113314713887339,0.143177117186341,0.166704082950971,0.191542753065483,0.214180019661503,0.234771704583755,0.245344203313191,0.26317734004264,0.274065398203394,0.267440341839031,0.263614416075971,0.256229578507749,0.238537322987742,0.209120228590062,0.193858282524155,0.168273485897644,0.117910166066117,0.103113670873579
"AAP239",-0.392669594739709,-0.290016665250355,-0.30284517447444,-0.718552819730532,-0.326936639877694,-0.820376639260053,0.922002786475584,0.287182477071437,-0.278006894196148,-1.86884892689542,0.653089423829604,0.181258875917562,0.858872326088155,0.146455719262031,0.00858444884039585,0.909637531305094,-0.501099700601499,-1.46165557642791,-0.0429349044615767,-0.155138249122664,1.00397254757226,1.27269528881804,0.21056792788203,0.0536957263110878,-1.60674522518038,-1.03525059115444,0.296214913493536,-0.779895499727878,0.0343441240210114,-0.305121032902364,0.631984110269536,1.24718746741375,-5.11421287985386,-4.74644979001433,-4.44397792855184,-5.64045659791068,-1.16205189960886,-0.447051535924949,-0.382601451658551,-0.402264174663531,-0.404006105159183,-0.453105778888528,-0.351066336314518,-0.512478626265055,-0.686883841374228,-0.527135350053146,-0.36621294610698,-0.378551679822277,-0.359964744449188,-0.39268450757886,-0.564592056105059,-0.626193251589789,-0.644552396430999,-0.572724256348416,-0.51922278158787,-0.509933977233726,-0.526379731469414,-0.53310159361398,-0.576966351445088,-0.659485555313273,-0.747047498363168,-0.707222663066644,-0.67859727623427,-0.966186725298463,-0.782641127587483,-0.785768318556533,-0.819624346750976,-0.75221713858082,-0.614718941545046,-0.490311819633698,-0.378314829033571,-0.311352641199141,-0.258509471472424,-0.261915132257676,-0.256180791320874,-0.218639972234132,-0.18067966177368,-0.13865902170734,-0.222213670269255,-0.233717321408643,-0.471916624478022,-0.0573493844892642,-0.1741296435366,-0.239871974675667,-0.16778094138412,-0.134035868004145,-0.433122785647048,-0.312634320622846,-0.172461644693253,-0.113513881984771,-0.112725421771093,-0.0865649459444159,-0.146471866712022,-0.160602021359718,-0.169748280402434,-0.182296477671658,-0.190559471730386,-0.22219229466449,-0.258935814841145,-0.292659694092374,-0.282130271680684,-0.262728141773974,-0.276516080039391,-0.292106794324802,-0.315150568324046,-0.339347155739572,-0.343080231392522,-0.355944438117912,-0.359288892069247,-0.365361416206973,-0.422154638692397,-0.467001629176252,-0.509101906608594,-0.50451134489494,-0.477391018115556,-0.478765918198437,-0.468443256001171,-0.462275525918477,-0.452288438274143,-0.442465544035883,-0.434879807568558,-0.433732396887529,-0.425534305956831,-0.426318134117716,-0.422934514739052,-0.432051768522953,-0.434900798673776,-0.436263602191246,-0.445970801131943,-0.45711550267971,-0.558412018103706,-0.610292228168886
"AAP240",1.08873948728033,1.95356300297237,0.468096115851368,3.93500658355567,1.14614803347769,0.511999707346645,-0.668085496638109,-0.858872326088155,1.68146833713884,-0.611156632840205,1.17567186065927,1.21065567398101,0.935918660781145,1.77837390382636,-1.07847480902485,0.550186035237781,-0.505631169773524,1.63171411090351,1.14207064165905,1.56990009216296,0.892275137419613,0.591208496224482,4.84263398452014,-0.77131976396352,2.9859447517111,4.2402948328319,4.51514851532685,4.15465163268083,-1.07847480902485,-0.41508156846907,-0.530319525843568,0.786615728168508,-4.68157502286482,-4.83858004471355,-4.23191225561612,-3.11952748181901,2.98162876528869,2.66312306111666,2.31904988307444,2.12777489332858,2.20189754213338,2.43441397976898,2.06917198479957,1.80450745141817,1.55877389568861,1.21795990634075,1.05450676112531,1.24957235276129,1.39751520277476,1.49291463794305,1.37416996653575,1.31186549088071,1.22415353708446,1.10139858679308,1.01043984173868,0.948351962006127,0.896745183986178,0.895250995271228,0.923494483256914,1.01023118452635,1.11070314230471,1.11549717208017,1.04525120752525,1.07827479845113,0.650971018645518,0.623445147664023,0.615072450810839,0.619990674184944,0.631020424499748,0.624601587522345,0.621157320028257,0.590328286428457,0.577015915043598,0.566335942358387,0.56291578207336,0.628150955485824,0.686181484532023,0.750487146118102,0.713187895863476,0.736587919411162,0.491196221367693,0.904218949955313,0.71873343629809,0.564910311495319,0.655647176790395,0.818064082631117,0.94371902593732,0.875321166133504,0.778122712591003,0.728022735584761,0.720605174845188,0.84349157562952,0.849069755941855,0.835695310477584,0.813543706777409,0.777030062181672,0.733386221588517,0.674598144299942,0.615057064887603,0.591513282215812,0.649270724348073,0.680726490889977,0.632245380432161,0.592502650913918,0.566021260114181,0.53559990469132,0.522305486698627,0.499255328059219,0.478190968793459,0.451272738989136,0.424901295322665,0.408086826884918,0.431842099930808,0.42911565404876,0.395385242529677,0.387606415536309,0.37236127483652,0.36564599923761,0.357004987508356,0.34987251503215,0.347285071084807,0.341218679848464,0.339372904040582,0.338491251946398,0.342526823239021,0.351835853285868,0.350990145176394,0.37156310054207,0.375411991848716,0.394478916544926,0.476254918513836,0.522373936103544
"AAP241",-0.03850947754231,0.296385417685791,-0.282828256639467,0.220698887051593,-0.0528012969250354,-0.399647025027966,-0.913048097886568,0.146455719262031,0.53453750216209,0.471916624478022,0.094568546305323,1.17567186065927,0.883970146130975,0.990524524326483,0.0773361111366767,-0.433869014530238,-0.0841410858299035,-0.729405875748817,1.24718746741375,0.396439512633857,-0.0257582997419301,-1.48735206750599,0.758653666376535,0.465390877795258,-0.545278643957108,-0.172862451849648,0.824758562492381,0.896318270059327,0.11182911219004,0.41508156846907,-0.909637531305093,-1.1097116811366,-1.30670997962208,-1.67014829908597,-1.36889468636813,-0.0584410786890608,2.40968584484445,1.58501742930092,1.1354312284766,0.930630577387343,1.02629784626084,1.28635731010722,0.991813384173652,0.78592725932416,0.62506032746615,0.388953710405825,0.311809398467883,0.488211404489158,0.661377637383788,0.675850559047225,0.596228962876855,0.524262742297311,0.440125364153734,0.319538662361827,0.237670779727986,0.191186362123875,0.1594444783668,0.147166182626606,0.14341519124518,0.172083292955952,0.205947995534792,0.199365915645673,0.197603466693554,0.385486132253123,0.0721850417759728,0.00553450826541058,-0.0480996138682631,-0.0871626027850325,-0.104270092492312,-0.108294926229076,-0.098022429964274,-0.0883868276142307,-0.0768175211426712,-0.0937138691314993,-0.106230936754075,-0.0966868590533099,-0.0780848328064285,-0.0502042468034973,-0.0589627812964684,-0.00314289503961296,-0.146455719262031,0.0105149706136041,-0.0624426632191445,-0.0635483767825649,0.00996157590796121,0.0421188642699686,-0.0742340298331053,-0.0651905464671196,-0.0401353146138119,-0.0421194909236949,-0.09175779444586,-0.129858301690108,-0.175927097720162,-0.17322065784584,-0.15649395263737,-0.142552370056732,-0.140998195327452,-0.167406679918199,-0.18573788585786,-0.200462334727219,-0.186787873007184,-0.143326673169409,-0.177068659283099,-0.204608371457362,-0.222679182852743,-0.239574919034452,-0.255044262793334,-0.277243235959356,-0.289997778872945,-0.299939843022739,-0.363776468016903,-0.426021370427811,-0.469798068005429,-0.480708821423452,-0.463033118488758,-0.466649489929125,-0.464566278085133,-0.464695530258586,-0.45307889808089,-0.446259740850848,-0.440476321454693,-0.438766645609057,-0.435370837200085,-0.43236821936088,-0.430391434006366,-0.432683668105343,-0.433336837626175,-0.434343651082255,-0.430387618743636,-0.426399732948894,-0.479578931072045,-0.493657943278412
"AAP242",-0.491786726562692,-0.511777535666708,-0.526555082990509,-0.570728211001291,-0.69694623812794,-0.544089329047222,1.23413516564333,-0.570272115143842,0.520461308616286,0.146455719262031,0.570272115143842,-1.97785377045181,0.71825067121788,0.611156632840205,-0.0773361111366767,1.36825306468233,0.652390652673405,0.198740484735103,0.396439512633857,0.11182911219004,0.222797759090227,2.0082051132545,0.0676075354625674,-0.722996729133673,-0.432557585126601,0.0170493091339472,0.373806979305221,-1.5834633552377,-0.0687288174169471,-0.452810875808804,-0.491196221367693,0.233892426225297,-2.76650918703674,-1.95228262595621,-2.65826681175354,-6.14837665184813,-5.9260423654109,-2.96948377510491,-1.83111041361645,-1.43024819794032,-1.64161762811132,-2.22841889227914,-1.57838843715232,-1.39850405679736,-1.34566408186074,-0.630686573648596,-0.568420745797721,-1.00064015336395,-1.33650578195782,-1.19123211741756,-1.17463763405269,-1.1764705453548,-1.07554008475639,-0.80709847975722,-0.626387613921995,-0.544732840220062,-0.497675339906681,-0.514232122720036,-0.580179058093569,-0.771460450769143,-0.897952783761622,-0.686407413489098,-0.499780804722261,-0.641151590788625,-0.356951408351991,-0.439625477225249,-0.572285937442535,-0.514644561938774,-0.361272673760278,-0.221374639675846,-0.112298998314849,-0.0579363267706617,-0.0138126558931705,0.0148061538910249,0.0556998701614677,0.0670720261819997,0.0733347734260048,0.110384435899772,0.0629110841398972,-0.0534556680467471,0.71825067121788,0.138235486223484,0.0517056499581876,0.00046085224740966,-0.112862628498111,-0.264366948283879,-0.388996516724977,-0.319103558395291,-0.188688106965508,-0.101481135747729,0.0602866450785167,-0.0250946493266178,-0.216219960200075,-0.270589124859301,-0.294900318404828,-0.338399108993992,-0.342931906818958,-0.405817695820338,-0.489675537520429,-0.608646435855044,-0.62077369685707,-0.484016812799971,-0.495613014542842,-0.527920126731917,-0.569804128706644,-0.610472880852697,-0.635659745281936,-0.667935959082845,-0.691431962373821,-0.706424864184138,-0.793470387730295,-0.853062065737209,-0.916282351006205,-0.914447096866157,-0.848421503454566,-0.8219853369522,-0.800429396084537,-0.772572252688934,-0.733071732453113,-0.710052734561279,-0.686304073269665,-0.658060937770897,-0.641667719234207,-0.617750349065473,-0.61449931626141,-0.604945895505835,-0.604938255170492,-0.590517921799965,-0.579494316537556,-0.566206872243582,-0.609290337767586,-0.592463096367814
"AAP244",0.00642670966501835,-0.730441941594889,0.0721473343203356,-1.1769760874559,-0.318600805135477,-0.661163952391492,0.789610951340374,-0.909637531305093,0.267349449342582,0.834304194079262,0.341301375746541,0.696203541899834,-1.63171411090351,0.510660161724907,-1.46165557642791,0.631984110269536,0.0583679702943836,0.181258875917562,1.07847480902485,0.216283046469253,-0.303730039645696,0.395728854141115,-2.256835404647,0.579210332201621,0.85999282491478,-2.15415586199831,-2.33643421626822,-3.10393442477621,-1.46165557642791,-1.41341326833765,-1.77837390382636,-0.146455719262031,2.85880878529594,2.57317849411732,2.49809204523163,3.67141929319527,0.855682039305602,0.113795152062358,-0.0614229764384828,-0.11673909065485,-0.0815884835436879,0.0361342198091954,-0.138783307502866,-0.049637892240886,0.0850521238593325,0.0883843921567267,0.0334696547578865,-0.0207719935293808,-0.0171392658049925,-0.00654364454657907,0.0535900469927419,0.0650080395491099,0.0749008813941738,0.0630283565090026,0.056140200951821,0.0698941016659633,0.0907791269558385,0.0854926997140413,0.0814216165911661,0.0607978692806803,0.0479995909140747,0.0384575396009641,0.0679522397036614,0.38557514138706,0.354017159232781,0.350385256638759,0.360041876491758,0.325424590927803,0.260676084918942,0.222265307194888,0.183942254416827,0.178593105553714,0.167357434618866,0.181803094785668,0.19295203405093,0.149694771100487,0.101276050086199,0.0688196550710702,0.132016036438672,0.0980914367261989,0.359557484765686,0.0535921381669517,0.165720890757698,0.268450172235633,0.1415089359285,0.0210243664576921,0.0696571917346405,0.061281050006492,0.0576210114648927,0.0591507588578271,0.0993570619986883,0.0175573328694405,-0.0189097510619324,-0.0257161616952244,-0.0214815464553264,-0.0285098123366564,-0.0112895555894613,-0.00392201248757895,0.0240527148000171,0.0359735771097782,0.0372428210750495,0.000817934928177388,-0.0117333250407337,-0.00246254970738247,0.00377758159593466,0.0172735591903526,0.0225936753213931,0.0361350449145963,0.0459895638100498,0.0601874673570817,0.0842269165692344,0.109228419116921,0.107072347302633,0.114591135790281,0.119959766346746,0.123099483997654,0.121380371045189,0.121627569167114,0.118421890042085,0.118183077993498,0.114763484914258,0.111689026443554,0.104667922532522,0.102881642455066,0.0947410838116161,0.0896047269468694,0.0927180340908083,0.0889763197960922,0.0793503503848019,0.0789308918174714,0.0797444114654053,0.0889565823539422
"AAP245",-0.592771974791798,0.428054842184479,-0.462609561468159,0.215410563623494,-0.623520205605092,-1.02863494184328,0.356555092869238,0.935918660781145,0.556590297640057,0.251574639495799,0.0601266125902895,0.146455719262031,0.96286268399541,-0.0601266125902895,1.04825627769741,1.04825627769741,-0.829838968838265,-0.233892426225297,-0.0945685463053228,0.631984110269536,0.220938109404192,1.64456200620287,0.589540491806104,1.18226180666901,-0.504411907173548,0.612369379052602,0.685000741203589,1.04112565108392,0.909637531305094,-0.287182477071437,-0.510660161724907,0.146455719262031,-0.0600672039685239,0.13077073544739,-0.371679485127429,-1.56766975233965,-2.92520563515602,-1.85984051170677,-1.46112023160275,-1.33336258651124,-1.41563462819224,-1.63238451414237,-1.31552346982323,-1.33918927283217,-1.39142700939131,-0.92084738127954,-0.767778675918525,-1.00736028887756,-1.16187186645767,-1.21764960296506,-1.22058604696846,-1.24416306560709,-1.19305946880638,-1.01877363489592,-0.882206735178177,-0.812761379025641,-0.761468397273545,-0.767194306108769,-0.813435442605997,-0.945400828774822,-1.03228674516628,-0.864684713313609,-0.679892656757145,-0.514948575004529,-0.376405930106471,-0.481970573175935,-0.617601033788464,-0.653805259293815,-0.574381996765526,-0.478957176613011,-0.408414661638979,-0.348693556904955,-0.313312075055181,-0.298232375928924,-0.274352778712249,-0.283998758464792,-0.294599668639571,-0.264497543673559,-0.315449842009621,-0.410416288229086,0.094568546305323,-0.213152443086698,-0.292566414644426,-0.260281598655453,-0.356320872667952,-0.52451760080613,-0.88891416996959,-0.749046474617362,-0.529891537805699,-0.409763785549206,-0.276203410286161,-0.331596836589439,-0.48719183003577,-0.505942697682036,-0.513487347107302,-0.531576627377091,-0.519642504980864,-0.547872361468633,-0.544938373795264,-0.546622966340249,-0.548979043380667,-0.570660556019416,-0.578482117740977,-0.586568619318801,-0.60028003076698,-0.605969594461912,-0.59912503303375,-0.595032524975112,-0.579827271188947,-0.550824515364979,-0.621221670623057,-0.675502494217645,-0.730867199128221,-0.73271275615235,-0.697191680465285,-0.697676215351578,-0.695731255621589,-0.684005548509298,-0.667865059264433,-0.656099868368631,-0.637727631735815,-0.623701450418859,-0.61169942233341,-0.597341784100889,-0.588328334405991,-0.585699047203428,-0.584593539897454,-0.5753181095654,-0.578606013459805,-0.583488615404306,-0.68529816479109,-0.709761096387967
"AAP258",1.42899486660678,0.127624419748992,0.905079231871014,0.266434917258648,1.28271004892989,1.29039167262563,-2.60739554152948,-1.46165557642791,1.26044712650903,1.97785377045181,1.1097116811366,1.32572287710879,-0.786615728168508,1.1097116811366,-1.97785377045181,-1.36825306468233,0.182165714402571,1.97785377045181,0.611156632840205,1.51356191643183,-1.66038523674898,-1.32769410501347,-0.919995898775917,-0.233481812121714,2.04136286130583,-1.17536535495794,-0.973054311232687,0.297029549907152,-1.86884892689542,0.631984110269536,0.377934231521411,-0.763432540700372,-4.65866952208555,-4.73529819594163,-4.30484668960803,-3.6517200549009,2.12276246358822,2.33946902038733,2.30020141979254,2.22909462547054,2.28495246851079,2.36080826812068,2.01900873807643,1.92757916767159,1.83843172093449,1.68970060209273,1.44442427645781,1.46229988985595,1.45127580368661,1.53349783592406,1.53022019573394,1.51936377312396,1.49073081468026,1.44512519650299,1.40979584437241,1.38651345292642,1.36224594385943,1.36194225789147,1.38413596970723,1.44460129626738,1.50467662931755,1.48304508958758,1.40309224038711,1.5416994874063,1.17737248038789,1.18208142383335,1.2077560088664,1.25400756605337,1.27386701829957,1.27537402643771,1.28561651678543,1.25795995293292,1.24727851248168,1.26383258781868,1.28603369487666,1.3740857898813,1.45038968352526,1.53090821873897,1.48077762725321,1.41795915608935,1.56990009216296,1.63823955641784,1.38598369798296,1.15840194806104,1.19406638723102,1.32777951263473,1.61340108147631,1.53850078655105,1.42704802234144,1.38341358563636,1.46674263910862,1.63538548309364,1.64845811509127,1.61610150944182,1.56673178453053,1.49430883927248,1.40160060449897,1.29798652928637,1.16738120744345,1.10383201500199,1.19112842946054,1.3110401878834,1.26562351524375,1.21344053598766,1.16880697204589,1.12744079041859,1.08848654386483,1.05121456150057,1.01201250525954,0.961443301838732,0.957266053483837,0.946977847431844,0.980138604860075,0.983351127704962,0.943753312702138,0.936707052224578,0.929222758382989,0.924671955739606,0.909795597963248,0.902514231150207,0.904237827360368,0.905861140296191,0.900370569857998,0.896917636520187,0.898497249364372,0.91156554314691,0.909190743814306,0.920913279860635,0.926294785839041,0.934172398597054,1.03675290790743,1.08854952943849
"AAP261",0.417863807695962,0.457294581461734,0.186136804843698,1.87792684647196,0.361602519770661,0.190241899547162,-0.927371530332916,-1.1097116811366,0.780794701072987,-0.611156632840205,1.32572287710879,0.740652594517764,0.653089423829604,0.433869014530238,-0.570272115143842,0.0257558775277432,-1,2.11715641174795,0.305121032902364,0.433869014530238,-0.466087631536677,-0.622757305539367,1.61893408370727,0.377086330202714,2.73870865469947,1.6137660884631,1.46453868783691,1.27709911581915,-0.631984110269537,-0.163832490283551,-0.11182911219004,-0.653089423829604,1.51556301000611,1.21663361874841,1.14505624168708,2.23462808569597,0.686577602877632,0.527448537784539,0.541507551122252,0.564754669597919,0.568727174817286,0.632981917547428,0.42835928626335,0.430290147868025,0.417877766192843,0.407284998584117,0.221560692253054,0.14081119553174,0.0872233464963192,0.32837072349657,0.378484053884524,0.361849287928877,0.360276274790075,0.348294609288526,0.345853432709826,0.349135027294393,0.37123832596301,0.374094009897611,0.405139361000114,0.442663673571101,0.550684057514659,0.710446751254767,0.836902485974921,1.3312597161113,0.988457127319425,0.859370652271811,0.746871817216947,0.669806165103574,0.562141141751156,0.47473842447736,0.397860326954923,0.317990544727294,0.263454602468458,0.26003277375901,0.258323718938066,0.233319387666851,0.218154506859007,0.217055361951988,0.248105228725072,0.205867929760842,0.59059096426631,0.268232780063908,0.277039221268659,0.299020035760028,0.226337472346841,0.201137401012787,0.446978315180136,0.351347819172267,0.248059856033062,0.215627305412319,0.304847439437275,0.307834176479168,0.272104429393133,0.258887206607228,0.244120905103849,0.230774745009222,0.233652394945754,0.249275876119505,0.27769427870821,0.299671607357231,0.302486058635144,0.236050531992442,0.233889373843387,0.245106971807864,0.252919691458747,0.262005615507868,0.269964555942322,0.28466621768481,0.288840052739846,0.291440077823048,0.284474308868739,0.272231436485825,0.287171107974785,0.290202730045904,0.262459620849725,0.25908033904715,0.250904215173414,0.242955441016047,0.236949006987839,0.234272483131099,0.233950541855395,0.229765122906026,0.222518488271103,0.216456365994554,0.220216429878424,0.222634807128389,0.221388907269732,0.22405170274937,0.23276363485459,0.240610631073073,0.293509327259517,0.33921485550231
"AAP266",-0.307980076138587,0.317586153514966,-0.221949407830823,-0.972562869949209,-0.00149252414982937,-0.678254799096025,-0.281826325922286,0.550186035237781,0.221045531649735,0.452810875808804,-0.00858444884039585,0.570272115143842,-0.810229615729571,1.86884892689542,-0.0429349044615767,0.59059096426631,0.157208930068392,-0.341301375746541,1.51356191643183,2.70408313391125,-0.23987420600999,0.4737184045382,-0.972994436926184,-0.0920676548486276,-1.0497185703826,-2.50970991226865,-1.10699474353771,-2.52657036976043,-0.025755877527743,-1.01896585286423,-0.653089423829604,0.834304194079262,-1.62744739939969,-1.98869909517457,-1.61895666572318,-0.347546497059092,1.65620434497449,0.509159804849185,-0.0564449239144299,-0.328435925399858,-0.204927776753506,0.103264372270379,-0.14150038126764,-0.291248481104584,-0.332947630932336,-0.335893091040725,-0.198184393238437,-0.128372636254319,0.00567616324245845,-0.264642531364777,-0.355697923051468,-0.40531050751932,-0.43998992431921,-0.453101382211878,-0.460436827288032,-0.454858769303137,-0.464784415141624,-0.481666508265876,-0.533930761430223,-0.625147285071499,-0.763216815057798,-0.899477529309522,-0.940584685703232,-0.778770989903128,-0.747163700537921,-0.737330348661181,-0.72319805855667,-0.706087253033424,-0.62656452038786,-0.51954410694907,-0.420100593801721,-0.295472761013712,-0.214560912214942,-0.200126416249134,-0.181348294314759,-0.179425592295047,-0.180130071329369,-0.176324138390534,-0.199108088930281,-0.223149563625615,-0.530319525843568,-0.233304372743565,-0.20196327898139,-0.136784073078094,-0.168619828471376,-0.295640824816816,-0.76670920969942,-0.603571630458474,-0.382889706949901,-0.291227870976103,-0.312728586369316,-0.372831306996229,-0.39585212488876,-0.375817364136651,-0.350466597347685,-0.322469076845466,-0.304739015917307,-0.321586555919768,-0.348003647045093,-0.374213453593575,-0.370323007192818,-0.286008050660596,-0.282483632895771,-0.298814764374594,-0.319675812448408,-0.338385391705349,-0.352604178429551,-0.36473384676198,-0.368825478502328,-0.367148342485921,-0.402509428631607,-0.434795331730029,-0.484637423922576,-0.480773445690385,-0.431637929306544,-0.416877286544867,-0.404568947231292,-0.389754829298977,-0.374852938276822,-0.364224706947698,-0.358691737403137,-0.348701691699609,-0.33882793108119,-0.338381405944945,-0.345562043364682,-0.346265413706113,-0.367340746242361,-0.379955887806201,-0.403190941434033,-0.428829873634812,-0.563927893297373,-0.636094068804034
"AAP267",-0.0965425815782736,-0.974628150646094,-0.0410064953614249,-1.90509727065885,0.711569370910271,0.481291250792056,-0.458156139319284,2.31618911585471,0.477524276784052,0.696203541899834,-0.11182911219004,0.858872326088155,-1.70047776180866,0.909637531305094,2.11715641174795,-1.17567186065927,-1,0.810229615729571,-0.025755877527743,1.14207064165905,-2.81705352546426,-0.747721402655817,-3.58011736396003,-1.51901774185875,1.46944321117163,-2.41032213814269,-3.45620116177879,-6.96297162073547,1.97785377045181,-1.97785377045181,-1.46165557642791,0.396439512633857,-1.51627045622936,-1.80212609944875,-1.47231344875711,-0.0959476964494741,1.96046095756899,0.970411450616663,0.48751970021665,0.263549887285165,0.390141306282027,0.699054634250902,0.35305205223631,0.226827927121913,0.169309235147287,0.052813437122434,0.0615144580142359,0.15347530990275,0.299811172623019,0.105418931898183,0.0067335592217026,-0.0645175019271292,-0.11938922313229,-0.181184099625441,-0.224003817867295,-0.242737357091017,-0.262783030585776,-0.282974793087865,-0.324274741590673,-0.379223287811514,-0.470105632053361,-0.55656902675368,-0.56408526529496,-0.357564064128214,-0.413922446306835,-0.434633563364997,-0.445199877208779,-0.441843301454369,-0.40432437055275,-0.34021961770636,-0.270534798271484,-0.181916540484756,-0.115541456890241,-0.110046766754002,-0.0934247253915164,-0.103362776848137,-0.119664543374255,-0.124860185159822,-0.134775833278592,-0.152054268255688,-0.570272115143842,-0.22561191917284,-0.166450708991277,-0.0849995563319439,-0.0938380879970925,-0.188293997151599,-0.614210332493076,-0.458087140584533,-0.271918738135203,-0.196969756101469,-0.26399944832269,-0.336382538627786,-0.329994356054888,-0.298083610975323,-0.260627706753045,-0.228473334553003,-0.190457558477785,-0.176612735096794,-0.172334906984137,-0.191841948548669,-0.212769782982666,-0.166501760586135,-0.149811435938684,-0.141325474094134,-0.146605424379,-0.151795870026295,-0.154029216298799,-0.150521462689304,-0.146996290361686,-0.141968294394013,-0.0962381337153569,-0.051422490313066,-0.0749263771597142,-0.0599656582863646,0.00931506403958493,0.0288910931159179,0.0540272047670503,0.0761690909657471,0.0981716321748003,0.105671499369929,0.111748185873388,0.122880754061217,0.119887630421545,0.118835159849647,0.113063836096611,0.105993792415265,0.0936223141284585,0.0726622483203612,0.0497407410754533,0.0161301565074423,-0.0948595617346638,-0.173144607642244
"AAP275",0.812066175634501,1.1630873905451,0.411592810873261,1.91167999088525,0.104079023112583,-0.301008710719529,-0.364471461243211,0.696203541899834,-0.32189119684602,1.24718746741375,1.24718746741375,0.510660161724907,1.51356191643183,-0.341301375746541,0.41508156846907,0.323158322823721,-0.00761097041661196,-2.31618911585471,-0.41508156846907,-0.611156632840205,-0.99975453211628,1.02318292856643,3.53769901140457,-0.894345856466317,-2.31328805472274,3.42320885366247,3.50825000035682,2.06181152979564,0.396439512633857,-0.323158322823721,-1.04825627769741,1.14207064165905,-3.38334449720137,-2.81318632638668,-3.02671651156909,-4.44173945598431,-2.36479198668642,-0.32101237896093,0.417838418955187,0.646642945365531,0.536127694902605,0.224933312442661,0.427000790227583,0.55934341572427,0.58827274550043,0.939606662821692,0.804501601511675,0.555457074886959,0.297181471421968,0.623753109351534,0.725061974326895,0.740160408473281,0.797001684759492,0.898423900171534,0.958050826742136,0.983045761543287,1.01246611599097,1.00444303619566,1.00619491228426,0.982524132765566,1.02644655080017,1.16607588822429,1.24501974236954,1.50298438697331,1.23813037984773,1.1565267068229,1.07699854649236,1.06461912023371,1.06126673593649,1.03970610510674,1.01577162451381,0.966439952604486,0.92751067278012,0.950011579491602,0.979647460225218,1.00012733481224,1.02410647267154,1.06390191447366,1.09527830045726,1.0231889906582,1.97785377045181,1.21771265752379,1.05189308813528,0.946589405177628,0.906131190180878,0.927920861075454,1.37530501473655,1.20090195607883,1.01935642241762,0.967920316435276,1.13245379325581,1.12438757016335,1.00841358130816,0.956899966829066,0.902471213261456,0.850796353221843,0.810897138777792,0.741972815969398,0.66366785419551,0.612462976672641,0.676939015899273,0.689544197706714,0.664417938321978,0.636992973658173,0.590555424132445,0.552929472459473,0.528018124268282,0.501855430018195,0.474198921150417,0.439264840179749,0.379480419288418,0.328644758933705,0.321302771686954,0.319768869675346,0.311031678360186,0.304908597342737,0.301764968265103,0.299713170901139,0.294655755257019,0.294169371284714,0.303941283671415,0.306614824825395,0.307041000793929,0.297302490981539,0.296833872161961,0.304453204877068,0.30014094200053,0.314058111737342,0.318629932558961,0.319412018613394,0.363112555471517,0.410755511698635
"AAP281",1.21748428203481,1.03296917193688,0.373775423792606,1.81380923172291,1.17194210277428,0.320964200765172,-0.600621690185803,0.0257558775277432,0.957578417878669,1.1097116811366,1.56990009216296,1.97785377045181,1.46165557642791,0.0773361111366767,-0.216283046469253,0.11182911219004,-0.168129250523137,1.24718746741375,0.653089423829604,0.198740484735103,-1.32151218801972,0.115924374791453,2.47529056316903,-0.46007798619745,1.04063308371691,1.37416182886721,2.27899417877553,-0.615443308889612,-0.198740484735103,-0.510660161724907,0.341301375746541,1.21065567398101,-3.51459336205763,-3.70373342784268,-3.36750286523637,-2.10098549091103,2.84420609073087,3.09180117418746,3.00506913789434,2.89947688425446,2.91781604472094,3.03455830503314,2.67941765606005,2.48961262152689,2.27804204229778,1.97326783876448,1.73348494691744,1.87099090337563,1.91302916499304,2.17110922375765,2.1882028687413,2.16102326346088,2.09385172575662,1.96172246171858,1.85402591352063,1.80110195196144,1.77932104381038,1.78283261171305,1.84849428378694,1.98574246287063,2.18828239408739,2.26768797621278,2.23372592549009,2.56389119247797,1.8030428845242,1.72274635497,1.67559074011849,1.64637927273296,1.55357010557967,1.44633081953678,1.34801727106144,1.2180054021907,1.11906027108152,1.09167649862378,1.0556118615402,1.03830229627778,1.03177862080009,1.02552732246987,1.08625444868232,1.13050461972667,1.70047776180866,1.10238110867183,1.0978226792847,1.0851052450956,1.12124042774958,1.25327680795422,1.70493711673654,1.4749097790734,1.21193152369282,1.08676994121323,1.08753686073135,1.05083031093861,0.924166231441747,0.842928387352692,0.760229415619936,0.691473750854068,0.624049149606468,0.542771679151157,0.434117192502725,0.362248182773728,0.40875528417674,0.480017457401327,0.458899057827603,0.429494157471568,0.38519947542273,0.342828433356995,0.326955260697953,0.303537343715357,0.275091115849226,0.250271928998506,0.246175415382234,0.244649674651472,0.257346122168032,0.265126705029353,0.272362521930464,0.283536840383773,0.293822056104287,0.296584767999666,0.301419070530521,0.307728255637459,0.31525365974758,0.325799809198378,0.330085905569886,0.337539351514217,0.344833087392809,0.355207693261369,0.368045763292791,0.381058235764347,0.396011248170741,0.410459563888871,0.448216865617335,0.474524053337005
"AAP297",-0.662954080341418,-0.118409372510044,-0.475264485515371,-1.26410349291371,0.490017173029629,0.736856261651871,0.321404981188131,-0.359557484765686,0.722026413593188,0.163832490283551,0.0773361111366767,0.530319525843568,0.530319525843568,0.181258875917562,0.452810875808804,1.51356191643183,0.988430362303887,0.146455719262031,-0.129123061942014,0.00858444884039585,1.6891892727182,0.914674277326785,-0.881487076379005,-0.218860916036355,-0.437784918673501,-0.620812366172187,-0.615142991521574,-0.718238183025264,0.452810875808804,1.70047776180866,-0.233892426225297,1.97785377045181,-0.213128398459817,-0.20936728637951,-0.0959403846083493,0.409912120615504,0.16070938711081,-0.0698596180163961,-0.185218423403058,-0.232877869370341,-0.193357307603292,-0.0937120265840771,-0.254452962649378,-0.254162795851482,-0.249226957759328,-0.252459434003383,-0.321832222318012,-0.322650514589303,-0.275158021680277,-0.298426982688104,-0.332548665042655,-0.360230176505971,-0.378103760660226,-0.38465978177347,-0.392614070635684,-0.386484859570753,-0.385904533097368,-0.388289969661582,-0.406293934608903,-0.432301664646319,-0.448429076137194,-0.377933061886146,-0.260394518636874,0.0193968411995538,-0.00100974409255095,-0.0772981343732962,-0.147494635774558,-0.207466790197281,-0.248903328579539,-0.268392567150188,-0.276083168596731,-0.267445819812153,-0.263074765719861,-0.280329697669737,-0.298243740142342,-0.38648668170469,-0.47525954356669,-0.542082788676192,-0.516832257137751,-0.532371864074485,-0.674489750196082,-0.73716464033741,-0.553264455325378,-0.345040958603751,-0.400809639074049,-0.540448316557463,-0.880023869643703,-0.750705160555835,-0.590884709162803,-0.52589094266943,-0.586600400051082,-0.761624588895544,-0.834624793387957,-0.829548271146936,-0.821335861668189,-0.799976314925943,-0.757607042285257,-0.718064419131159,-0.694700780805982,-0.740393105459306,-0.801278326495695,-0.77730001224377,-0.738638559457068,-0.715527720534719,-0.707150258172086,-0.69942414688252,-0.695798511622725,-0.696450451078329,-0.69670134522894,-0.699861208176714,-0.702740724846708,-0.712055200464958,-0.790383835520981,-0.784182377170082,-0.700059743155422,-0.672679654214407,-0.650231501347352,-0.622807981129992,-0.596307508262258,-0.579281002118921,-0.566709291727213,-0.547295213771027,-0.535712444562721,-0.531491414961803,-0.53773758600807,-0.542826571403514,-0.557605157164022,-0.569057086532287,-0.587879880596921,-0.610412989190072,-0.794433031803256,-0.888225265080364
"AAP298",-1.59537941349617,1.67625548694946,-0.96981937178478,0.482943597320706,-0.533542529628261,-0.082111238996607,-0.604941599978633,1.1097116811366,-0.682688088057424,-0.611156632840205,-2.70408313391126,-1.28546414903254,1.36825306468233,0.129123061942014,0.471916624478022,-1.77837390382636,-0.00899694918164473,0.341301375746541,1.21065567398101,-1.24718746741375,-1.33081084323088,-1.6882113224273,1.92946671690086,0.31292154438788,-0.348132037798556,2.08351054685312,1.97546341709785,1.37512325827324,0.471916624478022,-0.696203541899834,0.094568546305323,1.86884892689542,2.25457486382322,1.7946387880577,2.43597156342694,4.21340787693418,2.33434382382515,-0.923247714029948,-2.2681569690001,-2.74565795452925,-2.48174436985511,-1.82068959526303,-2.06496607475389,-2.14239035211037,-2.01519649187449,-2.29283326909828,-1.73885782752953,-1.34406133576844,-0.887965050015205,-1.57152514586293,-1.73466933446581,-1.78064560356241,-1.84329618177631,-1.97279533960287,-2.06267011751528,-2.08814154135028,-2.13812634708109,-2.16168724995766,-2.25906063358445,-2.37578495882459,-2.68327526222931,-3.11875601082059,-3.31307152303165,-3.67262664719667,-3.02578736521615,-2.83197247115436,-2.63647755825183,-2.56295246165632,-2.45289910353653,-2.31947908894537,-2.17749480517353,-1.9651974356343,-1.81287256399127,-1.84318237514108,-1.87728304427803,-1.98218103669912,-2.11194390686948,-2.2309053695976,-2.17160990853287,-1.97220347369868,-2.70408313391126,-2.58854778687399,-2.08792016546066,-1.70231477254456,-1.59712642912179,-1.75591068444609,-2.77797604631918,-2.41433842276032,-2.01355305438075,-1.90078535001464,-2.3049638604069,-2.55224935846545,-2.39013772574351,-2.2708148436631,-2.14593579223502,-2.01599105840824,-1.87650177588489,-1.72171345991379,-1.57681004709474,-1.54783538254638,-1.69567841912207,-1.64356348843408,-1.57134912727465,-1.50691074166587,-1.44271649645242,-1.38845303070879,-1.36500372867436,-1.33743228223114,-1.30393438922647,-1.25603360479737,-1.13462189963008,-1.01762931869744,-1.05910559953494,-1.03809345668146,-0.941432260310483,-0.909201755396896,-0.870266709964448,-0.842881995277756,-0.817748457133021,-0.810765906264008,-0.812781591367891,-0.806279818322715,-0.808367410338752,-0.815773157572117,-0.822350561127595,-0.853552185707906,-0.864914783553314,-0.904311022925773,-0.937384181495886,-0.97693510244676,-1.19049605316945,-1.35024807114519
"AAP68",-1.00064001436336,-0.0941263825992408,-0.673681386928162,-0.48419345816923,-0.884260029275324,-0.624367217336441,-0.627101720960303,-0.452810875808804,-0.864415129882845,0.0601266125902895,0.0257558775277432,0.163832490283551,0.377934231521411,-1.04825627769741,0.0601266125902895,0.146455719262031,-0.174192549949699,0.00858444884039585,-1.56990009216296,-0.740652594517764,1.09134376776812,-0.362050758515679,-0.0560855148058524,0.452107271861372,-0.835302589867558,-0.222410379703401,0.00317749266407819,-0.305628075187623,0.094568546305323,-0.786615728168508,-0.471916624478022,1.1097116811366,3.01435293530909,3.11825708445832,2.83557616046143,2.20518057835312,-2.0182917658244,-2.1485450261053,-2.0630902849552,-2.00661628459297,-2.04414386417359,-2.12389951016745,-1.86841928315551,-1.74242286343915,-1.60810953660051,-1.31046089748946,-1.08092976083206,-1.21269055236271,-1.27499901428663,-1.41359181688121,-1.37326009792133,-1.34781234217169,-1.29098378284518,-1.17952071026446,-1.08937880130883,-1.03047649460842,-0.986569647817331,-0.981446730287812,-1.01570434760855,-1.11492034472449,-1.229531165655,-1.24119336778793,-1.19569432281619,-1.28635623252792,-0.922182510445335,-0.886883207253708,-0.866831528789954,-0.852996687584784,-0.8048637181844,-0.741029042399729,-0.69008011889426,-0.621739911041075,-0.583624485546243,-0.569133859330562,-0.556021719228787,-0.612599619468447,-0.679311216227944,-0.729483054329499,-0.711646099221347,-0.76314411674722,-0.653089423829604,-0.8186867631243,-0.673317496338409,-0.54509183314526,-0.649517142546247,-0.831716419244935,-1.13916996934571,-1.0063548810256,-0.829912461052238,-0.737039877084992,-0.707584914533157,-0.828034005152328,-0.909131474265236,-0.926916729256352,-0.934517770393172,-0.933724356982001,-0.906879220897799,-0.887716222513644,-0.868816809975394,-0.892844057760129,-0.937698198472554,-0.961252169550056,-0.945173252458157,-0.923164243435964,-0.919836879997702,-0.909593107463718,-0.894627034827594,-0.88559724722289,-0.866170174690049,-0.843052413589892,-0.858880351094037,-0.863736757528682,-0.911721792836053,-0.907080514620274,-0.846621501763385,-0.83587787473212,-0.818756934635802,-0.797417798213053,-0.777195153256219,-0.762552341643856,-0.752766233194308,-0.740213828577775,-0.725521756328686,-0.710314281419769,-0.706152588491993,-0.702633103559236,-0.699153866316129,-0.689742950940798,-0.681893595551579,-0.681581373201337,-0.767566148022636,-0.794900981061562
"AAP91",0.973268984232271,-0.642824727016634,0.563871088061387,-1.27006679116294,0.843433365530865,0.545892111813314,-1.80568068791241,-1.63171411090351,0.435858449333355,1.36825306468233,1.63171411090351,1.51356191643183,-0.763432540700372,-1.46165557642791,-0.59059096426631,-0.685306255956671,0.172713945513633,-0.729405875748817,0.786615728168508,-0.631984110269537,-0.51922098665409,-0.978294578309281,-2.16859420214135,0.861881981770493,-0.699025746800605,-1.27428184863814,-2.26850287420298,-2.18824640020025,-0.611156632840205,0.71825067121788,0.935918660781145,-0.510660161724907,1.59752150872728,1.21784169769724,1.23213376662376,3.16123717534582,2.51800518230705,2.10964477052329,2.0316278827515,2.00057159878998,2.0273614618044,2.14678043989312,1.78455997748739,1.85312356958052,1.90783646216798,1.71739739767973,1.42378436845718,1.4292701418279,1.38112664504998,1.57292821565757,1.7457015233549,1.78986675314636,1.7911470583226,1.69897254784982,1.63759979944943,1.61747760246796,1.64366481831765,1.65276201693251,1.72365563906763,1.85407615506767,2.03074222316466,2.06614359401085,2.04869297924896,2.63423996673617,2.12129818083117,2.08657217640212,2.08932437645303,2.00745486459402,1.83425019749593,1.67564222970199,1.51650664956931,1.38084688188929,1.26554290790013,1.26824582236402,1.25630426844643,1.21848880185691,1.20369019461422,1.15199478056621,1.24746117544195,1.20653600529088,1.86884892689542,1.1993680680306,1.27570407159343,1.31888092963864,1.21688050839486,1.23851995561396,1.87477980495624,1.63342649799581,1.33654470664223,1.21693297008242,1.32602365214939,1.2978739103646,1.20692032798534,1.12225893516322,1.04172255417904,0.979066819369134,0.901541761688365,0.828400816282186,0.736020884415385,0.688395934317173,0.751054055554929,0.771206075411382,0.750989716167901,0.727147440100578,0.69564330872283,0.663036958902401,0.647669795987747,0.632398714730663,0.612661869907765,0.576840455630313,0.565416406405341,0.551154825729436,0.574550413476293,0.578502913950082,0.564064506905798,0.565219907022657,0.564865066355605,0.562503430094648,0.560885997622792,0.552845650059279,0.556896516358816,0.56002030550918,0.559932620158998,0.56617438282178,0.562060812368251,0.57244731588372,0.582423117382614,0.591518607771534,0.60269873456076,0.612860690355603,0.68714538572136,0.729470977105578
"AM407004",-0.11284231011539,-0.832430015356271,-0.258622489898006,-1.71347781615967,0.946073885155386,0.174759798630396,1.84518010208936,0.129123061942014,-0.323081883497885,0.359557484765686,0.163832490283551,2.31618911585471,-1.24718746741375,0.341301375746541,0.0429349044615765,0.740652594517764,0.4895408899459,-0.0601266125902895,-0.251574639495799,0.41508156846907,0.202948641302027,0.952327431375013,-2.14440291490025,-0.00694747178870758,-0.0946519407884352,-1.93533433210548,-2.2106347893037,-6.65279384151828,0.0343441240210114,0.198740484735103,-0.611156632840205,0.674489750196082,2.34365603639661,1.50399410751672,2.12851342656412,6.52264963841064,6.16801271292928,3.34067770208619,2.18717799183144,1.74846923103959,1.98015438469677,2.6372847666464,1.73479381403371,1.58397789744384,1.57615149624021,0.925312849227381,0.742758278843943,1.11984125710128,1.48395281473108,1.43600388773967,1.42719699451861,1.38070130619103,1.26650693323119,0.967087759321729,0.760022423012735,0.681786270791728,0.652474693376237,0.650087389999902,0.698434627617803,0.846086393849971,0.960604556009194,0.82542803787017,0.777993094965424,1.54133121217653,0.95911072368053,0.912242624687886,0.921274072294418,0.794859221481043,0.569699437147881,0.393030621391347,0.251770133699725,0.186160732897413,0.129977279182404,0.0796291351101615,0.010116527819978,-0.125985644852411,-0.239628658414224,-0.387840292479143,-0.244925697043421,-0.0966889062942176,-0.810229615729571,-0.67113381333581,-0.236046639453372,0.10710699055106,0.114995690168969,0.0758816421323159,0.0115232797116926,-0.00234594172894165,-0.0476035217759032,-0.122694391642798,-0.372097041344501,-0.609450700222164,-0.593663813117973,-0.587923373528533,-0.556054690835034,-0.528896038936793,-0.500765768852161,-0.45673779219581,-0.430897668229907,-0.468658679352431,-0.527817271601066,-0.450648710873566,-0.44016955912337,-0.41829482012903,-0.40154175430182,-0.383520210568248,-0.389536846570404,-0.383152791482049,-0.389779714395501,-0.387522469384727,-0.283178203426307,-0.182822207178038,-0.190710995842981,-0.16626237320238,-0.107449404234868,-0.0749731214404035,-0.0515057118829412,-0.0380325609108086,-0.0218359393829154,-0.0231413537688197,-0.0321714967367336,-0.0209047578838035,-0.0381688439731472,-0.0496526261664328,-0.0684887190874311,-0.083152476656983,-0.0946678897431462,-0.126869482658145,-0.1481373460408,-0.174041286170774,-0.264520858462072,-0.346215597939893
"AMY07219",0.175293292007494,1.18150310364305,0.170219645474285,0.600157481278413,-0.519221402088792,-0.00170394510974303,-1.9660198179993,-0.530319525843568,0.735208426115076,0.96286268399541,0.11182911219004,-0.452810875808804,1.07847480902485,1.70047776180866,-0.0945685463053228,-0.990524524326483,0.7573519500519,0.653089423829604,2.11715641174795,1.26609393971761,-0.594406147330464,-1.22636284839522,0.295748316851099,0.186134512158474,0.0438270691060245,0.663150346541643,0.203327156798827,-0.826423412221932,-0.0945685463053228,1.51356191643183,1.17567186065927,0.216283046469253,-1.90578949303288,-1.29820073711705,-1.78528856013146,-4.88575608079356,-4.45045564871588,-2.23571651267875,-1.34422630073556,-1.00422182290903,-1.18474791706714,-1.70722241287267,-1.19473562145656,-1.08745505525109,-1.06949209373907,-0.606307498029356,-0.583499255573793,-0.925313384286045,-1.20626143786769,-1.19350895454592,-1.16653921256888,-1.13747762137127,-1.04499636375811,-0.823922386935886,-0.659768376856872,-0.589454065424204,-0.548734572363766,-0.544028515076234,-0.572661554064205,-0.686034585714103,-0.763276482823214,-0.605673321517075,-0.486005329466907,-0.865184160413724,-0.435109558600771,-0.435402695986023,-0.481704178223073,-0.415538304328819,-0.27124670199738,-0.156262525470064,-0.0683941471840536,-0.0193839867039493,0.0201988168585963,0.0510934790267443,0.0936924119578659,0.137322804129406,0.164967791127201,0.200126103851513,0.0997126891764155,-0.068205557807281,0.198740484735103,0.154325486806021,0.0736208909517384,-0.0226950830025353,-0.137575044792267,-0.262052296540814,-0.457021830623462,-0.32341890612925,-0.151079146097194,-0.0464891248660616,0.103803830031637,0.168828774680359,0.156366298904134,0.163837548019936,0.171397770314787,0.175176995948784,0.208671844150014,0.215374598399052,0.199220020233111,0.145627268623628,0.124974297908886,0.178044205910851,0.212415814756253,0.214666435530848,0.202474422777827,0.18519325651145,0.181558604453681,0.175420447009818,0.169269438763403,0.153077315273696,0.120584756968176,0.0839838168712019,0.0711614664479983,0.0731909531463324,0.0948583956687665,0.112721044886958,0.124408837073639,0.139106873518916,0.159688824313212,0.173065384055618,0.181031517555075,0.189492563455932,0.195313642122981,0.192270534476548,0.172763222638023,0.16818053831035,0.149992314599609,0.119395601115942,0.0973876119628876,0.0736944837895859,0.0374237516079463,0.0191779527682583
"AMY07220",-0.0417469180314235,1.53594991517606,-0.39555139024136,2.69237378870532,0.386826792048621,0.120080360237262,-0.456355823353788,1.04825627769741,0.25749051843176,0.323158322823721,0.990524524326483,0.59059096426631,1.97785377045181,-1.01896585286423,1.70047776180866,0.674489750196082,-0.164293604461911,1.77837390382636,-0.550186035237781,-1.86884892689542,-0.40324061506513,0.406573948791607,3.34885123735954,-0.91687139087701,1.24176355258778,2.91732553478037,3.32875226103869,4.90452326205196,1.17567186065927,-1.46165557642791,0.163832490283551,1.01896585286423,0.557712881727511,0.384609779546848,0.378242390211078,0.944853301598754,0.39490594451466,0.156548912695913,0.0607594739868436,0.0213523537713451,0.0576979299785094,0.154591807335341,0.044979487391587,0.0499747938907886,0.0528394085945285,0.0708394313371499,0.0603002229456555,0.0512808006226451,0.0735715251686258,0.0996482098642277,0.0967605472202813,0.0727971631630651,0.0670533362256045,0.0638565452210911,0.0598189083899774,0.0634266991767936,0.0713879721695545,0.0691174452841987,0.0677271534444812,0.0729720303548773,0.0911418727791871,0.134353207522963,0.195449553137215,0.500999788467924,0.34054847644222,0.286636994307333,0.230172741538788,0.18908376630809,0.150822452801162,0.129198056356464,0.105664024866529,0.0987091913956228,0.084623338843842,0.080346529872777,0.0734880947977441,0.0441019910667542,0.0278063857029811,0.00263606924787418,0.0132207849122763,-0.00276286949859683,0.0601266125902895,-0.0207822948574803,0.039952420465853,0.123508243987097,0.0849307934725663,0.0349151801256087,-0.0121691599933127,-0.0101926511090953,0.00512444440925242,0.0107140733399236,0.0216830841467794,-0.0400645856023986,-0.104398527261396,-0.123996528450702,-0.150978291830617,-0.155235668921775,-0.174497338467951,-0.208936903092749,-0.274843862333316,-0.333023639115677,-0.332017717904733,-0.280878380334384,-0.295500222811318,-0.316434448013838,-0.339841574796578,-0.367348762507925,-0.384438524251271,-0.407044809546581,-0.430040087988164,-0.453400391366535,-0.508690545841064,-0.560563791778491,-0.612594242824968,-0.621237497799714,-0.583009725902682,-0.576143027727417,-0.563564069012694,-0.556897102058382,-0.53943733068096,-0.52843772111256,-0.517522851110942,-0.510882477668953,-0.497995968865946,-0.490162968679269,-0.48716414259283,-0.488437926826448,-0.488756360821922,-0.480065176716708,-0.481916084491887,-0.48923089237463,-0.596846711836341,-0.645604160594483
"AMY07221",0.800884284336784,-0.917408144452224,0.435210057045108,-1.12156633539433,1.60496521505235,1.08091019522121,0.327701231426665,-0.287182477071437,0.0820855167164034,1.17567186065927,1.36825306468233,2.70408313391125,-1.1097116811366,-0.00858444884039585,0.377934231521411,0.163832490283551,0.227522252295227,1.04825627769741,-0.674489750196082,0.0773361111366767,-1.42009967899311,-0.235478778961193,-1.98767620504525,1.47552989275899,2.13286046046543,-2.16507956618259,-2.20713198484486,-3.99474921420631,0.341301375746541,0.570272115143842,0.611156632840205,0.305121032902364,3.57157232250101,2.40237084825045,3.02647430253889,8.3021891080623,7.63644098855206,4.66464064293135,3.55276298006798,3.12839438105591,3.36637944902546,4.07436926800185,3.08888813750651,3.00254773361428,3.00926566492017,2.21237882147654,1.85329632243227,2.23781020529692,2.53914154127683,2.58478376538889,2.71796147356119,2.71829366727268,2.60088565716943,2.24581923398865,1.992889545468,1.89001920753983,1.86127383931529,1.86338658568482,1.95156052376765,2.17975618047384,2.41075907828346,2.2752688546756,2.15289405862387,3.07397401499736,2.15118163340068,2.11074356840856,2.1488371020606,2.03556869467862,1.74217233551889,1.49620804084897,1.29592021429734,1.14429008851193,1.03378162689103,0.99603142905975,0.942947584848521,0.840762138146075,0.760548682433736,0.66268036700771,0.813798177076801,0.905284758391483,0.810229615729571,0.530053812714999,0.803578642332135,1.01149743147211,0.988814507164292,1.01775454385094,1.42835893776096,1.21445567189461,0.944402593610691,0.804384554065888,0.695084811209754,0.596141776495966,0.607606984582197,0.584285343196685,0.569577853069092,0.539048709736976,0.509453427425586,0.493619583294777,0.44368697300038,0.391663565182409,0.386616877800891,0.47797974582855,0.494627983551901,0.488021144342854,0.474985018541518,0.454079902734235,0.438126848475396,0.426259995039917,0.405519717363027,0.375366516247573,0.433523983228976,0.478185406781668,0.491983603929584,0.502356057533055,0.511278378614688,0.532339224352955,0.538383554504247,0.54748805469133,0.548364515609248,0.547298405454262,0.542766179144581,0.545281235147876,0.534661392211879,0.52810697283626,0.519531437874134,0.510309913126546,0.497461398593216,0.472883232060975,0.458194972547092,0.437292990435358,0.415746279075196,0.385661348247825
"AMY07225",-0.51833003098872,-0.565361520767098,-0.124447775686954,-1.07962402163858,-0.523213319528814,-0.167013323872843,1.963426719438,-0.0601266125902895,0.734800206379006,-0.611156632840205,-0.763432540700372,-1.46165557642791,-0.96286268399541,0.396439512633857,-0.396439512633857,1.07847480902485,-0.0529502388897354,2.31618911585471,-0.00858444884039585,0.233892426225297,0.548290028411889,1.24016409445174,-2.15453213194284,-1.38337066552774,2.03656629653695,-2.21959165944861,-1.56327042563164,-0.706067134886725,-0.41508156846907,0.11182911219004,0.0257558775277432,-0.491196221367693,-0.174412112638152,-0.32145950528819,-0.0836428704162352,0.38696189983129,0.350176005571015,-0.704143455187173,-1.13690930352283,-1.29427793077702,-1.2213590813828,-1.04458837432165,-1.10544213854606,-1.19008026349614,-1.1883299816283,-1.07507431620783,-0.865574854573143,-0.844853199958735,-0.730198406621052,-0.865156201694431,-1.01175853550693,-1.05641275859359,-1.069404612405,-1.02981135277688,-0.99132051815439,-0.975420907538233,-0.984341794559188,-0.996941309259924,-1.05487167972101,-1.16010208907914,-1.32085617727751,-1.43865978363196,-1.47355299061319,-1.60677393731304,-1.29883827828994,-1.24842496039118,-1.21066362931364,-1.14341373707844,-1.03089284570517,-0.916728929461744,-0.786638257982951,-0.669148929699936,-0.562929642446433,-0.535269014410632,-0.486347757386549,-0.414254633213729,-0.364843352116336,-0.28595034544524,-0.381436611128984,-0.428117501990131,-0.834304194079262,-0.220192610826274,-0.369700940504475,-0.482401136510224,-0.480216909368332,-0.518239052253381,-0.834794746632874,-0.676235572714018,-0.495325605884593,-0.407961111698239,-0.383731309015584,-0.270205850626561,-0.175154255491644,-0.121539536416721,-0.07142296259494,-0.0424249883150977,-0.0131191836414044,-0.00124213432971632,0.020819666580606,0.034593032682279,0.050179676822443,0.0350018904479257,0.000367546090162429,-0.00790722508185093,-0.0057160807629888,-0.000279556330590292,0.000126566504998094,-0.0031127042819139,-0.00278769926695743,-0.0018302399531418,-0.0267079163127713,-0.0417343897253898,-0.0330685758068218,-0.04046923788984,-0.0562356194605066,-0.0635485497317356,-0.0672040340160368,-0.0705466325592244,-0.0741969644673771,-0.0757886775176064,-0.0784750310813257,-0.0766614457098684,-0.0771034830430283,-0.0724847068973863,-0.0719950307139535,-0.0659063974358087,-0.0629709334744731,-0.0625383365630524,-0.0538607316891523,-0.040920962453149,-0.0187735557364712,-0.0120838543335323
"B104",0.680789554767978,0.99727629688585,0.312335383485499,1.44600835741262,0.600978810238382,0.114619817990982,1.25060042692186,0.674489750196082,-0.482164205794884,-0.611156632840205,0.834304194079262,0.631984110269536,-0.146455719262031,-1.1097116811366,0.094568546305323,-0.396439512633857,0.488711411278243,0.094568546305323,-1.32572287710879,-1.51356191643183,3.8803991087409,-0.457833428194213,2.29438047568166,0.643791908929482,-0.108789673470565,1.41835992463125,2.29325874646912,2.59488040089973,0.0773361111366767,0.452810875808804,-1.01896585286423,1.77837390382636,-2.1726814208026,-1.99447848715564,-2.06710228868486,-2.42378674782934,0.10231782451679,0.976683916609139,1.2434218141726,1.31922166477282,1.28373964496486,1.17069072316316,1.10864555145687,1.11360434344073,1.05527600933398,1.00217455704918,0.811368229244487,0.802678970992756,0.744205722930879,0.897527880736861,0.907810064639162,0.911660090592817,0.904692914319958,0.897329595427929,0.877710272702557,0.858485717437781,0.8476074142156,0.85152912395119,0.884383693694309,0.946931174235655,1.03803306603891,1.10777481319457,1.11154105130256,1.17291962077589,0.91800053815572,0.861228164133557,0.824114323674585,0.824926692917997,0.801188230262272,0.765313893423894,0.728536542260637,0.661680364336382,0.623517479530681,0.613303963366821,0.605760309592384,0.640417435351459,0.680899963793273,0.714728936803152,0.687074646982922,0.682558266955228,0.611156632840205,0.797811971567235,0.6679694823681,0.552169529225652,0.581011172030079,0.688348462886039,0.928522211132606,0.834966777082305,0.710868695846001,0.657830365872724,0.675132837630817,0.763492385756525,0.764399667915973,0.740022737588967,0.716480509641407,0.673894312007259,0.633636314456881,0.58181192053645,0.517055113858369,0.471410138498445,0.510188478393114,0.550232082224644,0.521440721379011,0.48903381185359,0.458631863683576,0.432646400296584,0.410691743684722,0.386064917932142,0.359986491699579,0.327271003868399,0.291200639863856,0.26803189333154,0.281321580795659,0.277122145191351,0.245148441037051,0.236292353588591,0.22225934717225,0.216893078550809,0.203655537879926,0.198576697523216,0.196808943718482,0.185475996460265,0.180205146194193,0.179058176925236,0.172956870176618,0.173995055494954,0.172387167295304,0.17407099838788,0.176151730546696,0.186447447904579,0.245722568345109,0.280647995254238
"B105",0.485575196070356,-0.186188237492036,0.297887285379916,1.02193387009774,-0.494622966258427,-0.89446219706948,1.08123829525822,-0.11182911219004,-1.09763296550566,-0.611156632840205,-0.763432540700372,-0.452810875808804,-0.163832490283551,-1.17567186065927,-0.491196221367693,-0.198740484735103,-0.0233581406560056,-0.396439512633857,-1.14207064165905,-1.28546414903254,-0.927644831429849,0.176185051153388,0.675857053026285,-0.357834049980875,1.02379224660245,0.505530090285594,0.46953591763477,0.0628653136974242,-0.471916624478022,0.216283046469253,-0.834304194079262,-1.24718746741375,-0.281966160273759,-0.138971701824498,-0.283338961753226,-1.10616423650246,-0.751961499706573,0.0701029666995605,0.415940704932746,0.600017156657321,0.504700606780252,0.290627718146772,0.404605656940824,0.423596567738499,0.366801356645442,0.368147431024,0.183202219436647,0.102439655854683,-0.00169470745734301,0.258038026358713,0.2498675220029,0.250899745441065,0.260671798507938,0.275820199393978,0.281917990523903,0.268472730777293,0.258356969070245,0.260868760005897,0.283370542514371,0.324389578763135,0.406453167525481,0.510911810757799,0.535493049119522,0.343439114462422,0.324581553144102,0.306228881119522,0.279807759583437,0.265476359637731,0.257678601538804,0.241630347702207,0.206941714022818,0.162193397390547,0.132014225817812,0.143709371564548,0.157728964555059,0.24191976255683,0.332734372000854,0.401785972299184,0.344213969051936,0.307365459859433,0.433869014530238,0.568225647827075,0.349126268186557,0.143877451002067,0.163293838137607,0.287522386811491,0.633310936597369,0.514248313361857,0.361923270561098,0.311819086831467,0.383294149058991,0.544715395355639,0.606721318712254,0.616613952595305,0.612027538367953,0.616413748744481,0.595221587600828,0.581084973217265,0.561640822922157,0.586854933833871,0.633536025571433,0.599302756476273,0.576872241129567,0.560367017712879,0.558865911910335,0.553696550752832,0.554567528097381,0.546568101639788,0.540965566073907,0.526979136703208,0.506961207296604,0.481315111829857,0.525033590489099,0.517740651241703,0.459374880572489,0.448503311080219,0.436693532594016,0.423318380011739,0.409194233619848,0.40235634656538,0.397556717886429,0.390255116189278,0.388472776137093,0.38933977014098,0.395974162189097,0.413356004414468,0.425813760410674,0.447125813210987,0.46436780061171,0.497460531506974,0.647713505174972,0.7376463769892
"B52",0.106842596835074,-1.05431226332317,0.298095726344096,-1.16191062575554,-0.147474121931116,0.284446286277037,0.201091066730855,1.36825306468233,-0.24979486009796,-0.611156632840205,-0.763432540700372,-0.452810875808804,-0.71825067121788,-0.163832490283551,1.51356191643183,0.810229615729571,-0.0607515884973102,-0.729405875748817,-0.611156632840205,-0.233892426225297,-0.395172428535329,0.987359569524126,-1.89313039203951,-1.23195232411288,0.0665177473658027,-1.85755759533009,-1.74178224611914,-1.54005729463435,1.63171411090351,0.550186035237781,1.36825306468233,-1.17567186065927,0.118947642409185,0.285975630588555,0.0782133365098698,-0.759986092346654,-1.24723964007603,-0.571385419313251,-0.247387961800652,-0.112001284280739,-0.201021561752427,-0.424775724885004,-0.209112232224399,-0.143467568043011,-0.116410414701948,0.0388425662562961,-0.0158024131345905,-0.166325747363261,-0.300541308959666,-0.271224574630805,-0.236866873115495,-0.201918476839037,-0.160664622003453,-0.0736612557964162,-0.00816108035182106,0.00996553835850333,0.0206082842909918,0.0199362031452472,0.0133061018487699,-0.0115739867445241,-0.0249411931576995,0.0185512855078718,0.00961634739201767,-0.185515270464629,-0.0596362499822273,-0.0423153066564658,-0.0480782219140728,-0.00142287895603543,0.0551838491710219,0.0908782578425893,0.124642057487197,0.118675919177747,0.127884773163917,0.147698862005831,0.174148758110644,0.23947137949653,0.297378554069311,0.366529388467971,0.295424837781173,0.228286712287604,0.396439512633857,0.501118974020466,0.284587478188109,0.0891495310463279,0.0777060818058328,0.11978412344847,0.251077632321471,0.251538254233684,0.237390702780572,0.256281152354408,0.380370869369452,0.545803299539567,0.579412167707797,0.583496030569828,0.576887094674031,0.561267605420603,0.550092446868647,0.531918951090038,0.518629606817165,0.53492680261903,0.588797462228005,0.553218446534379,0.528135587274908,0.512556269628579,0.498552920354937,0.494764308215335,0.490915636593648,0.489554454591726,0.487674173696564,0.4843868818839,0.440832462779321,0.402212972103466,0.427967068226516,0.420339682655797,0.372607325412482,0.358256549144449,0.341257745257532,0.330665779080959,0.318037105067547,0.31029178849874,0.307014500581286,0.296829456229358,0.290435088916077,0.287846940644536,0.288940367481628,0.290058574010759,0.286629695136203,0.297999446757403,0.30156819890326,0.319376372968695,0.411092684803858,0.468050734683761
"B68",0.964066737330205,-0.93508186542627,1.11478171034974,-0.491185733437798,2.27512635390295,2.78479796064539,0.931971257779841,-0.763432540700372,0.754928006749824,-0.611156632840205,-0.763432540700372,-0.452810875808804,-0.510660161724907,1.14207064165905,0.0257558775277432,0.935918660781145,0.178599011583304,0.11182911219004,0.822207336306158,1.32572287710879,0.488162122390863,0.155183565302255,-1.035732154568,-0.943948614560414,1.32967585084852,-1.18387090885194,-0.983653816361192,-0.265185340949168,-0.0429349044615767,2.31618911585471,0.0429349044615765,-0.834304194079262,0.81252356398954,-0.283934800951831,0.962706963071713,6.48842749183893,8.86293378361392,5.03044326817646,3.45378105066931,2.89066055251549,3.23631681631988,4.13754757918204,2.92760766580929,2.82024755475905,2.83417728241727,1.84219831765181,1.5590952241014,2.11281500634176,2.59295892798407,2.58662961313608,2.5250619902875,2.47904569005116,2.30904378561549,1.8773847457694,1.56100205330967,1.41191438124499,1.3246526406817,1.30880482174771,1.36607893791791,1.58968764627169,1.72279549752168,1.39373433257431,1.13622786349174,1.70206434031338,1.04170674203178,1.11417742092456,1.26742097641851,1.20287959922878,0.977386582060275,0.794070295592572,0.656313432333361,0.591340268121604,0.553233290225252,0.526002867940719,0.490316168031627,0.476339026117728,0.464729687265162,0.406320192000469,0.495523206859138,0.621467792958306,-0.305121032902364,0.280749763432631,0.496932245589534,0.572667802325411,0.668528787339894,0.819712903910065,1.10879372948659,0.959337367122083,0.723672310197071,0.57344037542153,0.338371621752581,0.378225197109289,0.669279572439059,0.749640390854154,0.810218120711127,0.882043742267548,0.934207819641119,1.01245751856661,1.06568343103184,1.12210206213992,1.11763386149588,1.07520224368248,1.12629945060651,1.16322088682867,1.1874065457815,1.20421048132684,1.21484611254493,1.23419816599345,1.24816470714871,1.23950798839049,1.39491735878332,1.52324226796358,1.62640434159251,1.64396780586627,1.57222165790435,1.57484496733387,1.57038906404551,1.55467369925446,1.52355977722834,1.50304701421322,1.48581296239746,1.47154549385176,1.43899055215752,1.41163833063744,1.39576109441601,1.38807481555445,1.37755787718796,1.36080554114089,1.34573113202324,1.34317324133995,1.49089892528931,1.52508472053673
"B73",0.323046467520379,-0.636730024813252,0.650839179445452,-0.0109379137942754,-0.517344619704696,-0.713272443728732,1.39889553770337,1.14207064165905,-1.52384561434667,-0.611156632840205,-0.763432540700372,-0.452810875808804,-0.510660161724907,-0.0773361111366767,1.41341326833765,-0.685306255956671,1.53410787187244,-1.51356191643183,0.0773361111366767,-0.674489750196082,2.60973000537189,1.3645658131311,0.126697839817246,0.480808773364254,-2.92507037740538,-0.120815594127023,0.173020210454334,3.36665554906979,1.07847480902485,0.341301375746541,1.86884892689542,1.04825627769741,-7.53069283181783,-6.33553163157759,-6.60760123966867,-11.7110191606622,-5.96717956939785,-2.38385472167005,-1.1294996878792,-0.684122964213838,-0.943718872650959,-1.73153770670981,-0.90234482119429,-0.9527757818603,-1.16302244508366,-0.556139951574816,-0.443544998533066,-0.820342019416908,-1.21514780130724,-1.06949584924974,-1.14313952402014,-1.12785598004637,-1.03070352357648,-0.715323145890406,-0.48921221575504,-0.416520113284286,-0.404534546638291,-0.384438557199987,-0.402706880439856,-0.503902558295288,-0.558282925754437,-0.363924276353571,-0.320541864329112,-1.26007852547845,-0.800935447456889,-0.783750633994967,-0.825337260508064,-0.680561357455812,-0.399379878919002,-0.185891024199718,-0.00647043747145204,0.0686582127371618,0.14132326846824,0.183865798413053,0.247934956452813,0.467115490495848,0.661418663784001,0.863383024545252,0.598675684808063,0.438521657918205,0.471916624478022,1.18027910147505,0.568688349639979,0.0491446691605619,0.157615088245809,0.323958978870395,0.294726248501253,0.347772606614478,0.436189977722516,0.529028068935098,0.753844316300112,1.15328640453012,1.21925291395313,1.23475692286305,1.21169805808333,1.18381266104288,1.11882093306795,1.02446271355851,0.931664331865499,0.883478911848656,0.950054892334821,1.03320848463661,1.02889694693578,0.972891020399691,0.919947316011027,0.868298318561824,0.833009839801117,0.796469514524612,0.757951303206622,0.70049504031666,0.594630147969603,0.4897783877718,0.493105290629448,0.480799151703161,0.448181483322686,0.442089493632171,0.440612786335656,0.443806735592546,0.447123188060335,0.453383438220229,0.465174105919877,0.469756116441187,0.480973345631217,0.492138306124395,0.500477618745442,0.505947447504117,0.505731267303266,0.521883131887756,0.519100978093616,0.531905381466955,0.577571320623359,0.613184221153141
"B73Htrhm",1.82477018538762,-0.719649199871949,1.36764034886937,-0.576720895602976,1.3111378280119,0.447056323563085,0.612630947728943,1.56990009216296,-0.984694579450736,-0.611156632840205,-0.763432540700372,-0.452810875808804,-0.510660161724907,-0.233892426225297,0.810229615729571,-0.0429349044615767,0.265013098098223,-0.729405875748817,0.0257558775277432,-0.96286268399541,0.92262933714745,-0.601945302208201,-1.00785940961786,0.923863641017534,-0.935378840418081,-1.24972931476804,-1.11103977654031,-0.412463959216679,1.46165557642791,-1.04825627769741,-1.97785377045181,-0.129123061942014,-2.3039285399138,-3.17809053512875,-2.34603418151478,0.745546723535266,6.89833240292636,5.20979173530004,4.44900085211397,4.14090185631491,4.34457664208068,4.81488785189672,3.94060604609757,3.81240470541155,3.71495245518313,2.84440210901416,2.43664609349294,2.85213500472482,3.08948184205377,3.22974730742803,3.2691222943666,3.2732230093545,3.15214043997011,2.8181607229643,2.57743043431269,2.45156281461472,2.37144613934882,2.3865494870492,2.49677681575039,2.77761407352053,3.02909471797565,2.85442193430901,2.58149583561184,2.7722347442438,1.97542532603057,2.0313811253072,2.15907053279993,2.15141880432365,2.00938386876469,1.84833753578677,1.71564762830008,1.57752089983381,1.48804176145263,1.45936210714425,1.42066816653865,1.47982740758027,1.53971840464028,1.53935956465305,1.58705548542348,1.68560833388983,1.14207064165905,1.58276398111332,1.5469047044413,1.38375468852545,1.57314336014342,1.9176996860563,2.61937858491408,2.31358961089823,1.90030083732143,1.69449878335372,1.57659194622522,1.77677138526405,1.95858917744061,1.9452249668932,1.89843390166559,1.85379089688326,1.75943574785757,1.6971024409277,1.58792697719455,1.548690333399,1.61417746189821,1.68948027809447,1.6894164958187,1.65764801058293,1.62581135456522,1.58697049328752,1.5600170071311,1.53918846009443,1.49727673073846,1.43940191766467,1.50706457019824,1.56060727814914,1.67272823413998,1.68237861405188,1.59043094316896,1.59414882011381,1.58114940127481,1.56716808424492,1.54121171669949,1.52253754568697,1.51137802813058,1.50329708023914,1.5012934019295,1.49668858663902,1.5044854786784,1.52833578370945,1.54987185381144,1.57199773555008,1.59496055748099,1.63457162534405,1.91064871085561,2.04209333769107
"B75",-0.217932020694704,0.537364821595456,-0.298841415272479,0.577338413892416,-0.611210895829395,-0.829593542448205,-1.19412224413465,0.59059096426631,-0.247268463875791,-0.611156632840205,-0.763432540700372,-0.452810875808804,1.1097116811366,-1.32572287710879,1.46165557642791,-0.323158322823721,0.568116357134544,-1.41341326833765,-0.990524524326483,-0.883970146130975,0.527537391434707,-0.858153553778331,0.780624219798076,-0.33452477317618,-0.99210169231503,0.764615968084235,0.801687251599237,4.32402693859588,1.1097116811366,-0.251574639495799,1.21065567398101,0.269335868086709,2.03540929622581,2.18989247347308,1.73365555225732,0.945853735047874,-1.62414080670413,-0.82149373400165,-0.407184599111654,-0.227197327375029,-0.317998418808728,-0.57530865737029,-0.381302734383901,-0.297311558159208,-0.27185256617033,-0.146298987360992,-0.23213964606701,-0.352220381440639,-0.475005483839393,-0.325076337202256,-0.238580954246159,-0.20748650629596,-0.172141643467793,-0.120702983174779,-0.0877043943468676,-0.0643980511996104,-0.037041194912091,-0.0276090399946042,0.00201281942743892,0.0255926820904639,0.106734962934621,0.257942545488209,0.373817713273771,0.456485269595999,0.434046211723398,0.367192132059072,0.289572217327086,0.238072999407844,0.16544674418782,0.0899643601028843,0.0192947096690199,-0.0573235104217639,-0.114256651896675,-0.127637994707871,-0.14293116007846,-0.177389329919724,-0.203835587568627,-0.220013619485404,-0.198259036870544,-0.203927708917403,0.233892426225297,-0.20295283597636,-0.177749116461957,-0.132917705134757,-0.180791911260348,-0.190585415632308,0.0206519393113509,-0.0478882766884744,-0.134372425674285,-0.170951447932638,-0.12032645555734,-0.182008880136664,-0.271429835395985,-0.309538409044152,-0.334817199634102,-0.361207185287848,-0.372871719807786,-0.382387843159982,-0.37035614102819,-0.348362669046981,-0.337552548726314,-0.353288893868513,-0.364361449405157,-0.356737913056103,-0.343199643597918,-0.323941297253898,-0.310630253646793,-0.298196487236692,-0.277088684104958,-0.248208309358385,-0.262376947154937,-0.262218888874503,-0.250801500505212,-0.25096575132398,-0.257539348803962,-0.261594926037263,-0.263597397262292,-0.265359673246865,-0.271066005999436,-0.272369691156398,-0.26265213644461,-0.271026058032834,-0.266655902257928,-0.266422110188614,-0.258066585854075,-0.259362056541094,-0.253156846010172,-0.238038061132238,-0.229971404448786,-0.21601635227265,-0.184895615946985,-0.146801287889232
"B76",-0.00524576928119325,-0.0526600616346496,0.167421072596468,-0.862204909545109,1.24929933392803,1.45963106514523,0.577940622307688,1.51356191643183,1.02822911516216,-0.611156632840205,0.216283046469253,0.11182911219004,-0.181258875917563,0.287182477071437,1.63171411090351,-0.685306255956671,-0.00407693367245432,0.909637531305094,0.0601266125902895,1.01896585286423,0.951162516200319,0.143047558222957,-1.69647501007572,1.3032160850096,1.87495213490909,-1.65211955720908,-1.63726084091508,0.977162106567193,1.70047776180866,0.653089423829604,-0.0773361111366767,-0.216283046469253,3.72279251353027,2.56830523840816,3.17634530709378,7.51095857338292,6.39284497066182,3.00279089811215,1.69238349512283,1.22042743211063,1.48781669122558,2.1985989395534,1.36085322168986,1.2773764253182,1.33549162483238,0.661232262511427,0.530586528455853,0.9480488549603,1.34264006108543,1.14245134882756,1.11560900656599,1.09156217329272,0.974498604656851,0.686966406520971,0.480072444616399,0.390189769741503,0.337081755131002,0.331772649231506,0.358072890274555,0.487940834297723,0.549452715103488,0.335277784035644,0.223071061135069,0.734860603145924,0.312411951952815,0.31883970231634,0.367984914961894,0.297814869147342,0.133156199877821,0.00433517635268443,-0.0716398877334273,-0.0879221504034421,-0.0870128786527676,-0.11803236957719,-0.152175545604775,-0.199936151039515,-0.250516712683258,-0.299308989814727,-0.257125875177473,-0.162907511880423,-1.01896585286423,-0.45875162118568,-0.289222458470694,-0.157223592152072,-0.0855224588605175,-0.0643483004249136,-0.177806885683922,-0.148438140110419,-0.149622039138925,-0.176276876622276,-0.371767607431868,-0.404941159657733,-0.236848678600576,-0.165527922393902,-0.102842575622477,-0.0492009184254056,-0.00921558855567706,0.0556973238185332,0.101367396361826,0.115877885041024,0.0851924974418063,0.0911027460130225,0.113734637613746,0.130990738360533,0.151283093817703,0.163669093281185,0.160766721531403,0.165117713455016,0.168640710513351,0.167681755938978,0.224834829686138,0.268515700629346,0.283600802214296,0.290331992530804,0.280521651011084,0.283457494326136,0.286299151761472,0.277738034256339,0.270281111545122,0.264414823037709,0.259091051540795,0.249000275261489,0.238977972381438,0.232053708264307,0.225327992062803,0.213948000338965,0.211834908945035,0.193331781115162,0.190030121841385,0.182595197957154,0.167715338145291,0.141886727972605
"B97",-0.476428400051981,-1.87437252669093,-0.0634086504218968,-0.905162605060614,0.163170085421688,0.544649103906708,4.04542518320229,-1.01896585286423,-1.58767942321645,-0.611156632840205,-0.763432540700372,-0.452810875808804,-0.858872326088155,-0.935918660781145,-0.471916624478022,2.70408313391125,-0.149807536577626,-0.0773361111366767,-1.70047776180866,-0.990524524326483,1.60625329501222,3.01359419383505,-0.833922933454248,-0.157033342370032,0.0715807426589037,-0.958281246252716,-0.837508701311452,-2.3640651377973,-0.491196221367693,1.63171411090351,0.883970146130975,-1.04825627769741,2.1616119519943,2.03999917264849,1.9331568634882,2.00406076711598,0.239990187342133,-0.211528041185354,-0.309381460989942,-0.316922703804121,-0.331567803066562,-0.356224462909028,-0.282772134762694,-0.295059971703938,-0.273076094447745,-0.35755287122716,-0.353733783807352,-0.325453654373917,-0.298485683012779,-0.331273945104937,-0.332045918538215,-0.315234813505631,-0.308970047624267,-0.332183533523566,-0.344408604303936,-0.355099030397763,-0.36466371150328,-0.362447881509105,-0.359586645706432,-0.34786763233099,-0.363760027484428,-0.438695606593862,-0.495740032417039,-0.69206382590094,-0.592743558724013,-0.544643503649324,-0.497897067507091,-0.482893988561001,-0.485103056887516,-0.482566713140669,-0.47911888168604,-0.459411253707628,-0.442669259230317,-0.440085010437492,-0.435957390879127,-0.415153718880173,-0.399434013585802,-0.382378025774991,-0.40198744715255,-0.376967446114834,-0.631984110269537,-0.406263002359096,-0.432648875494209,-0.469134077450755,-0.467530947064649,-0.464309136123011,-0.517171466228222,-0.491843701601023,-0.471492673861013,-0.466912564515685,-0.510286455888157,-0.464255369779506,-0.369820853577017,-0.320257710428234,-0.279508354553678,-0.242463150974707,-0.223415364693898,-0.202536577512587,-0.175608867710938,-0.14594437904861,-0.130104368253204,-0.0951599648336698,-0.118269069804573,-0.116270011540849,-0.100569166450891,-0.0844267579333766,-0.0858032910365377,-0.0865512442016312,-0.0816433211719636,-0.0745806496728355,-0.0733953108100883,-0.073708805069583,-0.054538181213393,-0.0507988516623223,-0.0598924332659858,-0.0594125923711534,-0.0529165390656706,-0.0492469425090034,-0.0474022956748664,-0.0431295287593155,-0.0413302488031757,-0.0413370396585583,-0.0295435948059316,-0.019067978550443,-0.0094199562101972,-0.00123493327353397,0.0151051371550268,0.0333972648128438,0.0501063523073417,0.0695990095699359,0.135862704089193,0.170981436849041
"CI28A",-1.40511423123505,-1.4882661604086,-0.884129508978017,-1.91119624270471,-1.26561059989797,-1.67249596281528,3.44532714036453,0.740652594517764,-1.41135392737837,-0.611156632840205,-0.763432540700372,-0.452810875808804,-0.510660161724907,-0.631984110269537,0.96286268399541,0.858872326088155,-0.64659522331186,-0.729405875748817,-0.96286268399541,0.163832490283551,1.55863884988515,2.47984019957259,-2.83497737021484,-0.646505905198397,-0.678214195550866,-2.79761474856789,-2.85707831939027,0.469411652839749,0.883970146130975,-2.31618911585471,1.56990009216296,-0.251574639495799,-0.110549113584053,0.438912459562717,0.268354932577054,-1.69724746458312,-3.6159337896049,-2.61926990127857,-2.22839633393959,-2.03287418470541,-2.16221844432476,-2.47168439829482,-1.95421065663822,-1.99865043927488,-2.10376513895009,-1.78343072707382,-1.60454048820086,-1.7455718100241,-1.85767161485316,-1.85085648892939,-1.88585558241805,-1.89895610836621,-1.86842068401313,-1.73692854293297,-1.64132980177202,-1.59841038057783,-1.57454309673566,-1.57271744614346,-1.59646566011427,-1.67034954534856,-1.71464788714246,-1.5673439323389,-1.43693522190219,-1.82262210153308,-1.42467858841234,-1.46969467825841,-1.5615279597924,-1.57451458594741,-1.49998890051164,-1.4390526895046,-1.39612063905191,-1.36997444508516,-1.35752883273044,-1.36947602664092,-1.37980238171563,-1.39829111018007,-1.4044735802502,-1.40301281795378,-1.45733216560626,-1.46908574878091,-1.24718746741375,-1.3659887652167,-1.37571199516776,-1.34911406370504,-1.35527156740115,-1.421694635338,-1.69099952265457,-1.59290624940534,-1.45405789651782,-1.38668343628417,-1.36507729702669,-1.41688057471246,-1.47945633452425,-1.46754705413758,-1.44654169665807,-1.404826146267,-1.33871468689255,-1.27508323599275,-1.16733022342402,-1.09350566988258,-1.14210268814161,-1.26755880711717,-1.22450430158459,-1.18322683555171,-1.14037942517057,-1.09506051100348,-1.05279261169713,-1.00743221603002,-0.948855033608545,-0.877864718190108,-0.906262718163261,-0.924544093989416,-0.936261349154482,-0.937716029067194,-0.922772705669736,-0.922873165636318,-0.914707293191349,-0.909773825218943,-0.892789115274539,-0.884995547501072,-0.88073243428482,-0.880660068530119,-0.858981137010276,-0.844393621257365,-0.831345399103069,-0.823642258876107,-0.808043068312667,-0.788219950742608,-0.769657652995575,-0.746451706635277,-0.722537764059703,-0.691947894135604
"CI3A",-1.40733489360913,0.17640028719123,-0.67300421186026,-1.14052884239115,-0.959144631309239,-0.401500746765991,0.20287158440459,1.63171411090351,-0.491944880504176,-0.611156632840205,-0.763432540700372,-0.452810875808804,0.146455719262031,0.550186035237781,1.97785377045181,0.786615728168508,0.0223981259394641,0.269335868086709,0.251574639495799,0.181258875917562,0.316957610100438,-0.119683616718821,-1.36765252671853,-1.0724207585331,-0.615597653975391,-1.6064317075095,-1.33246243381996,-1.03726561828127,1.41341326833765,-1.24718746741375,-0.935918660781145,-0.990524524326483,2.88567216493212,2.4745162854148,2.97307448313516,4.45558742842819,1.76971073695236,-0.990163805050954,-2.03020694318241,-2.37882181078319,-2.18874903591789,-1.75275942053974,-1.94634726611484,-1.98673283359975,-1.85843597562447,-2.00789191349936,-1.62046847011752,-1.38262002973347,-1.05504249619195,-1.52896368663878,-1.68427559180123,-1.7162574699932,-1.76008453518502,-1.83159995948746,-1.87415877016517,-1.88224222399416,-1.91290506901389,-1.93257336260782,-2.01237952998404,-2.120243773048,-2.37514899505248,-2.72059806926392,-2.86564870825506,-3.19108155864701,-2.56161139433534,-2.38927379689456,-2.22662094802829,-2.15531466131923,-2.06891195558314,-1.95678750572325,-1.8278810823866,-1.64902783398789,-1.50385150256431,-1.49891226929764,-1.48533500735985,-1.50715108232615,-1.54697096486528,-1.57881685156028,-1.59711150222427,-1.5360236794437,-1.97785377045181,-1.79097089938243,-1.59176255550593,-1.4422123906378,-1.41107924228773,-1.54720759723314,-2.29701636966624,-1.98830161819629,-1.64942975963675,-1.52749970330739,-1.73645245937008,-1.80898060355955,-1.61170169978597,-1.49001188514231,-1.3650411094332,-1.24241025515467,-1.1270603936057,-0.998206834539853,-0.877165110034666,-0.832919169382657,-0.909574681028669,-0.942951358044581,-0.929650433462405,-0.885579779380999,-0.836112989770783,-0.791749797452589,-0.777871943302624,-0.762229687541108,-0.739815231787812,-0.712602559356294,-0.673784202570149,-0.636994178808559,-0.666897890431483,-0.666523041220505,-0.622187411400807,-0.611528067932967,-0.59738102968291,-0.590687874598136,-0.576814990683622,-0.574634881034461,-0.57434984733171,-0.577789883169223,-0.58284913430965,-0.590609239176161,-0.596829561021838,-0.607578431592992,-0.621395322531117,-0.633709142141467,-0.644407073538042,-0.662537211148171,-0.773508568671068,-0.83610255848826
"CI64",-0.26030429867249,-1.16664604095995,0.176550145249238,-0.741991072702041,-0.283034784270633,1.59615655710563,1.22196739846257,1.97785377045181,0.350808318346048,-0.611156632840205,-0.763432540700372,-0.452810875808804,0.181258875917562,0.452810875808804,0.674489750196082,1.14207064165905,-1.221000597922,-0.729405875748817,0.510660161724907,1.07847480902485,2.24508629878493,1.03412550452775,-0.216084315654946,0.323474585615596,-0.715232756567517,-0.58532317829221,0.0593977107468164,-0.687824468063731,1.77837390382636,0.909637531305094,-2.31618911585471,-2.11715641174795,0.685932923667834,1.10515133068966,0.680340828110902,-1.29067347296786,-2.96316998308644,-1.92877261995626,-1.48438717348083,-1.3283733763569,-1.45649983452639,-1.75754541282696,-1.19567947593565,-1.11502764907812,-1.00351186182039,-0.680347016737536,-0.451529716738341,-0.633079462188707,-0.823181306946936,-1.06713558033852,-0.941415918382615,-0.843284666018807,-0.751877970074861,-0.601162884857304,-0.489809041424856,-0.434818109015968,-0.404868466045492,-0.397024241022038,-0.422443893513405,-0.508387002774209,-0.627505321459225,-0.70470902330368,-0.775848291822665,-1.25477417349903,-0.868201485569033,-0.757803617772064,-0.667591858903047,-0.553345984541038,-0.422832830698652,-0.320132020718088,-0.230339553918114,-0.168432873051685,-0.117286631861407,-0.085234930616193,-0.0469324911554589,-0.00687402229687817,0.0109045878511385,0.0386335264510924,0.00218886822466957,-0.0578064437396335,-0.00858444884039585,0.0450860572092027,-0.0143031502456148,-0.110206222355295,-0.186875416905957,-0.268667851620069,-0.294643784015778,-0.239052794696846,-0.169825938165807,-0.118860244398188,-0.0202859118387509,0.0710640305474739,0.125627812461553,0.139531110136837,0.151734196170699,0.14804076918286,0.143566817581006,0.150247045454313,0.164466107347434,0.180327705232016,0.201411988799721,0.181292693336832,0.166210131849736,0.171693878179942,0.176513470590623,0.183877199098243,0.192410861521829,0.205454842370476,0.213132406100762,0.227551410397983,0.226742908855911,0.23201092517184,0.272300875842485,0.276733421200796,0.243970276054417,0.244075227566343,0.233012346374546,0.223090362902185,0.213864740032351,0.211916475731602,0.205249342975525,0.204564884250751,0.205653986140879,0.210691044704356,0.212551478183706,0.220818066664165,0.236990209136533,0.252603162698358,0.26434169495153,0.286490889588707,0.408951939129068,0.490193370199658
"CML10",1.00535944127225,0.844029922122759,0.113951273607352,2.08920065085412,1.56962262437213,0.917050917374903,-1.47767053188488,-1.97785377045181,1.38672178662865,0.396439512633857,2.11715641174795,-0.452810875808804,1.01896585286423,1.28546414903254,-2.31618911585471,-1.97785377045181,-0.506406821270114,1.46165557642791,1.56990009216296,1.21065567398101,-3.26980588467428,-0.856002446688988,2.13232919339539,-0.478111861168652,2.9439801080296,1.35314361712948,1.84036132536663,0.0733287382809535,-2.70408313391126,-1.1097116811366,-1.36825306468233,1.56990009216296,2.15526849579487,1.24716644862258,1.7787445319858,5.58671375693723,5.86022814656696,3.67853744162356,2.87961156695319,2.57043025094672,2.74928396908054,3.25962634154535,2.41744818544774,2.38077530695335,2.41937952705681,1.74436856454686,1.40985167279765,1.71438542620659,1.96127569148532,2.11832910320019,2.19448082824205,2.1982970812246,2.11557623753828,1.8410195897738,1.64281858930105,1.56313452089328,1.54521133880433,1.55639591103033,1.65204085954343,1.86510105328483,2.0845893981216,1.99206684643522,1.88230072487055,2.50442506985584,1.7919529227999,1.7867754290274,1.85079101492361,1.75732131989136,1.51022500705188,1.2868440073084,1.09479129266158,0.950937167211391,0.838450857029826,0.805612290930119,0.754622256942942,0.659305792604596,0.576496404993557,0.455436259004685,0.59917689868284,0.678784964558372,0.631984110269536,0.422761041582439,0.72488194176182,0.874103599090726,0.815657133787107,0.896498320450814,1.43357343661091,1.24003833451924,0.931550269226403,0.762659447225796,0.653260389220885,0.537863287955391,0.509898561227404,0.443742670400408,0.380790029900477,0.325293775800714,0.261050499209358,0.200384132737942,0.0932806690196648,0.00706295531072132,0.0921990330561133,0.113310608808753,0.0604101234131396,0.0356111414403191,-0.00649305477819651,-0.0317946093550457,-0.0510851205780904,-0.0633636847642708,-0.0918713271222358,-0.108409196240649,-0.0760214059716989,-0.0263782922061006,-0.00528493911157557,0.0154899533727049,0.0310654060349485,0.0463741098570762,0.0500166457813764,0.0466776462235201,0.036863818707384,0.0329262115359024,0.0160765212094509,0.00308625260567319,-0.0162891885332647,-0.0281501866585598,-0.0399637682611563,-0.0441770959703365,-0.0470295909714037,-0.0475471517573289,-0.0367495378137136,-0.0264568242861791,0.00638419776707311,0.0285900053292338
"CML107",1.29453222935199,2.2460973937037,0.864602539083579,3.11599753839854,0.386992569028441,-0.0520379946960844,-1.25887772181549,-0.198740484735103,0.503862893594712,1.21065567398101,1.86884892689542,0.834304194079262,1.14207064165905,1.63171411090351,-2.70408313391126,-0.00858444884039585,-0.334623318447325,1.36825306468233,1.46165557642791,1.70047776180866,-1.29793473806933,-0.252809870004989,3.26519673957225,1.45124810337065,0.87498101972835,3.48764126494225,3.15546500054029,3.90373018764253,-2.11715641174795,0.433869014530238,1.14207064165905,0.696203541899834,-3.32499026949149,-3.43303834675824,-3.1522047650177,-2.9413030835745,1.3878559309411,1.58400205016688,1.58271939309306,1.5231573155778,1.55038458657544,1.58191640142602,1.43088793520349,1.33611716200061,1.26018506717096,1.15655299931788,1.04272203816459,1.06424265723522,1.04760163838601,1.06718107381587,1.07858310406332,1.0838965353149,1.0719129030383,1.05016338225618,1.02995442930673,1.01352924818393,0.993964659210576,0.996126556282544,1.01044631315477,1.04622763863164,1.08129427243892,1.05216679578545,0.960610632257566,0.892976928057661,0.69426244087602,0.733757239831575,0.790716941566593,0.816996239342105,0.85867834521111,0.885235927140773,0.886047196199886,0.880523461081176,0.863638949354267,0.885360802263611,0.903968357886004,0.991471408345031,1.08322032175703,1.13964533172553,1.09149234493756,1.03968472901473,1.04825627769741,1.20895218946265,1.01198913768765,0.822298700801581,0.831094237360059,0.925244825199671,1.16543047698017,1.07230087025511,0.959961353809988,0.922128116937462,0.995583282887261,1.13927620145061,1.16970209117595,1.15953143738516,1.12531682703802,1.10250896780275,1.03811822246367,0.978025127211667,0.89315869874799,0.871797316005042,0.938445481482853,1.00745401841647,0.976927067773201,0.947163320167386,0.93087846825415,0.914796622769942,0.899012910053288,0.882676303776176,0.868082503510627,0.846233562850746,0.877729756322009,0.895002821293122,0.949980184634292,0.965666911381702,0.94421192016335,0.962736022476588,0.965768682981659,0.97605112166336,0.978794359028963,0.980667663486201,0.986634831675832,0.998283157271251,1.00314427651578,1.01631042037836,1.02980859248524,1.04465229574019,1.06236868072923,1.08070275016792,1.1003307110893,1.12223572437176,1.24894936106589,1.30882858386863
"CML108",0.287805473294654,-1.48510487454947,0.444597791530353,-3.31029686844822,-0.20914590926118,0.165512709548176,-0.542861267019577,0.359557484765686,0.54647429825029,1.41341326833765,0.883970146130975,0.396439512633857,-1.77837390382636,0.858872326088155,-0.341301375746541,0.834304194079262,-0.412380247453729,0.287182477071437,0.359557484765686,1.36825306468233,1.2911427000548,-0.576630782646757,-3.74493197390076,-0.192909230716994,-0.303894197777861,-4.23868308218954,-3.54811597886941,-5.66473616384171,-0.323158322823721,0.251574639495799,-0.858872326088155,-1.63171411090351,-7.83529895237303,-7.14983448841912,-6.67570535816459,-8.76980023024903,-1.61005375534403,-0.0767713725544663,0.285202120764999,0.371774609885976,0.330784110416218,0.143207381779363,0.35871280972248,0.267593278204774,0.119112587083782,0.262811634111693,0.332607268373741,0.28602359874159,0.20015140948381,0.282724596480699,0.21579927022044,0.206525212542147,0.215560657952835,0.294765047165517,0.346683595847034,0.348478037707044,0.327411013228125,0.326023713137265,0.314576424467225,0.295843166923958,0.263874696182887,0.265771685601897,0.18301996730231,-0.293740233687381,-0.215430215310512,-0.159013314362259,-0.105153276282931,-0.0283933988059409,0.132276552005917,0.245394609459509,0.333607784222388,0.380436127536429,0.412924578534817,0.419824260305671,0.433427130227663,0.536599662071425,0.632216838363397,0.72079316494357,0.602250122306397,0.580097247926358,0.323158322823721,0.821340727176381,0.528196521652605,0.279118912384288,0.423597076843276,0.56919015699255,0.54395497418645,0.555661386751873,0.573565794066156,0.593018152246795,0.618056389056411,0.779254604234604,0.829559600608517,0.846457275186387,0.844925050655223,0.839512145364775,0.816998040872486,0.787792421705279,0.733330104306903,0.6892488355605,0.71168212678613,0.792151050533694,0.805255378220409,0.78356451408029,0.762979986503059,0.724222861509512,0.702457277157527,0.669674931926271,0.644336508918427,0.599670832825089,0.587579553857759,0.557599552525208,0.547198042703452,0.545106965178406,0.539469117513371,0.538286343489164,0.548511026582191,0.554768685869089,0.554072627241205,0.549167029892848,0.554293968202491,0.556772802980346,0.547037212958418,0.529114211617879,0.519856953602982,0.502446209277233,0.476530197325692,0.450601795853562,0.426160374410758,0.392659844614692,0.291216751334229,0.218740384818137
"CML154Q",0.62633546187311,1.19726560988067,0.189343676790895,0.520321725165212,-1.28957303481513,-0.796916860927885,-1.74121107802233,-0.810229615729571,-0.12656860961554,1.46165557642791,0.146455719262031,-0.452810875808804,0.287182477071437,0.810229615729571,-1.63171411090351,-1.46165557642791,-0.731392894302409,-0.729405875748817,0.674489750196082,0.653089423829604,-1.81452832153957,-0.889037205138526,1.00668100453535,0.466273835799409,-0.715503267415884,0.941030898146334,1.0678529428504,2.12887239797036,-2.31618911585471,1.77837390382636,1.24718746741375,-1.77837390382636,-2.11640950185045,-1.35124785983214,-2.21767949174181,-6.16918926311821,-5.40924165210522,-2.08338395155826,-0.748980366074806,-0.255085418420278,-0.518012648626948,-1.25836039892256,-0.575935445853615,-0.439282563756788,-0.476674004239029,0.0547394495913727,0.0123395366246537,-0.385275002101429,-0.796015794742381,-0.524285903216402,-0.459907687688954,-0.412049401835636,-0.302372407358069,-0.0518321165132513,0.123179137207454,0.191628639073155,0.229538794141877,0.244408240390481,0.247724806132682,0.190551092022066,0.216150690355059,0.475461701944814,0.620136288183513,0.278942602038842,0.483047379429641,0.418327904031336,0.316834690625196,0.353475154972931,0.464375927348952,0.539008906248434,0.580742785778176,0.564108453596279,0.558237626180098,0.585143623165714,0.616506979108687,0.709867575629262,0.806119991017261,0.881293951665318,0.766390400645504,0.65161862431683,1.01896585286423,1.03560565585933,0.745300895778105,0.493293773753802,0.488730767656181,0.557230677780547,0.779002256252501,0.737460890790108,0.7039067310644,0.728762422877879,0.917341907103954,1.09052552328216,1.04175823264814,1.00274197650088,0.963410360832393,0.910464149578165,0.842096385483514,0.76198794036863,0.670794824127371,0.603791020542557,0.639872593318268,0.699721085441783,0.674285193170308,0.633006722833532,0.589729722345063,0.547322776536836,0.518203678183949,0.486777646129601,0.444855446932323,0.388079476827793,0.324541330647498,0.262212451004585,0.250947350395355,0.239135584795204,0.228644319583702,0.218841437557084,0.208032567534571,0.20857605127754,0.207895663664149,0.204269035499581,0.207240167281328,0.206401229474365,0.209438066703076,0.204308051790784,0.198201459640239,0.202197084671954,0.195278473116861,0.202203491570635,0.202885484293873,0.198038832138551,0.213203046637367,0.227448656133054
"CML157Q",-1.49006023969729,1.04269528463937,-1.50737691360799,0.302146583594478,0.0764471035147358,-0.206465095433663,-1.13016407618678,-0.233892426225297,-0.640295000081259,-2.31618911585471,-0.0945685463053228,1.01896585286423,1.24718746741375,-0.025755877527743,-0.909637531305093,-1.51356191643183,0.326643744721584,0.471916624478022,-0.0773361111366767,-0.377934231521411,-0.436146216884963,-2.7662295792094,1.26603250998299,-0.0174527281980335,-0.240619540396064,1.40585663674096,1.21112204044576,0.754113865540516,-0.922698431338058,-0.550186035237781,-0.198740484735103,-0.359557484765686,-0.140451914380494,-0.98067912031999,0.00104790526011844,3.6043417296183,5.48550611821145,1.71267505460543,-0.0123298842540611,-0.743408309366538,-0.38518340025045,0.534629578317205,-0.203553811668392,-0.553054471090937,-0.628353080056229,-1.19517115410829,-0.787654648359192,-0.217101207451231,0.398992271475596,-0.259616286767023,-0.492963403690759,-0.600075172280492,-0.758253021050722,-1.0206227031869,-1.19398354112182,-1.26324785861001,-1.33757949006044,-1.35446001051604,-1.41993669251257,-1.45427683488546,-1.64854973928774,-2.03735154677747,-2.18606432664513,-2.03094765228501,-2.03760868354087,-1.97389933390445,-1.8759106751207,-1.86925639345841,-1.83474599444223,-1.76661885638789,-1.65022081122053,-1.47231745249856,-1.33467943841737,-1.39651425051814,-1.46254156737698,-1.59751855231337,-1.75692797520643,-1.89076654203765,-1.86546299207267,-1.64793980633324,-2.31618911585471,-2.38979478860142,-1.87970766184079,-1.43039345037952,-1.26720624944315,-1.42152599054411,-2.64451765473212,-2.23946831523937,-1.77346870367645,-1.63874704977375,-2.10892245784043,-2.40348344413636,-2.29984797982616,-2.19772442469408,-2.08103351654264,-1.99557363148833,-1.89260172459906,-1.77918757465329,-1.72083048583414,-1.83988074308966,-2.03944097529306,-1.79198347317728,-1.72775442883757,-1.70759734856599,-1.682590187123,-1.69417211539273,-1.72279340302937,-1.7562160105453,-1.79441780227293,-1.82883762745787,-1.79004840085747,-1.73672886140587,-1.89857673821581,-1.87958880936152,-1.70058377727292,-1.65456088631645,-1.5938292029113,-1.54160251071539,-1.4883157329579,-1.46752659063652,-1.45799642271218,-1.43286756101814,-1.43392856502726,-1.44354264101607,-1.45972938212487,-1.51208732169695,-1.55166689036474,-1.62612483021098,-1.68785294699946,-1.78512219398535,-2.28362760771758,-2.60625814081627
"CML158Q",0.0409944650370988,1.60053268251476,-0.153060828471954,2.1474571536939,-0.550170359182296,-0.624210589325065,-1.25224892089497,1.07847480902485,0.364596227385351,0.674489750196082,0.129123061942014,-1.63171411090351,1.86884892689542,0.11182911219004,0.269335868086709,0.510660161724907,0.554550259028703,0.491196221367693,-0.233892426225297,-0.129123061942014,0.851957124347809,-0.803820847483738,3.09949405900734,0.585363737911871,0.413944603567835,1.77627639481816,3.05936170296125,2.00148212338099,0.269335868086709,-0.858872326088155,-0.181258875917563,-0.341301375746541,-3.89028335408051,-3.20935006231505,-3.30198133702125,-5.66297095981446,-3.10760627190599,-1.43385491285799,-0.865957896513242,-0.666343142946614,-0.760200173283013,-1.04651648115323,-0.694795155443522,-0.688828080801828,-0.761358468700131,-0.468272392115007,-0.430468590752398,-0.584527040623665,-0.708674994429612,-0.71990048961671,-0.786114853545888,-0.80295311075017,-0.762843215202238,-0.621921616974187,-0.519805319908565,-0.489863826453614,-0.48524545295147,-0.488914207894832,-0.525032589725503,-0.613823940954341,-0.67779006830463,-0.547913128436965,-0.436928645403739,-0.6872331243493,-0.432909968573878,-0.469292551253735,-0.545205661362065,-0.496618411295767,-0.37719487477826,-0.276612649886027,-0.186571631504067,-0.134604604223878,-0.0824464103082205,-0.0752480497642678,-0.0615817740582841,-0.0276015030582235,-0.0103089491793239,0.0274046936265071,-0.077956488044893,-0.141016399170628,-0.359557484765686,0.0136339611269791,-0.122239434969254,-0.193279367949409,-0.177282060356867,-0.209499428163629,-0.54047442386025,-0.371241600837083,-0.168375601546391,-0.0674186740033779,-0.0299304063711744,0.0169033918925645,0.00496110120825111,0.0244907919486603,0.0432971715209514,0.0467989138605389,0.0624069394502367,0.0590813535624155,0.0491044566305767,-0.00388023753070943,-0.03291186769442,0.0246323271617188,0.0345709913985699,0.0260213423513707,0.0209841458795066,0.00925981255431263,-0.00770421023811685,-0.031881851789705,-0.0581745410321005,-0.0908187065074685,-0.120061176657429,-0.152183596829196,-0.219727029394329,-0.225500172561185,-0.175305838946867,-0.17114294926624,-0.154475427317453,-0.139875346493027,-0.12658495995222,-0.12519913662013,-0.117526333464466,-0.108551209956491,-0.114366486661563,-0.125436512326903,-0.136777749818439,-0.156355243563132,-0.173926389406636,-0.198103795994681,-0.227723184839803,-0.260999147300039,-0.420036266123209,-0.508596212558269
"CML176",-0.456809298158037,0.0586708387945034,-0.522791379849464,0.68310019480445,-0.619852967092825,-0.908902553644953,-0.958341731756856,-1.51356191643183,-0.626134966303907,0.233892426225297,0.471916624478022,-1.77837390382636,0.909637531305094,-0.740652594517764,-1.86884892689542,0.396439512633857,0.682130585834408,-0.025755877527743,-0.631984110269537,-1.63171411090351,0.365044128223622,-0.866982729249114,1.00983584094456,-0.188657812678304,-0.595684700921099,0.935894036959372,1.10639725342646,2.53934977469813,-1.77837390382636,0.471916624478022,-0.990524524326483,0.094568546305323,-1.75822287705485,-1.13812157840253,-1.38007428409643,-3.49380428750875,-3.3654864885458,-1.74008986578342,-1.11554999626375,-0.858543794286185,-0.98304459222918,-1.36213929606893,-0.991293927970896,-0.986440866380742,-1.09167011455942,-0.715470034745314,-0.701972643066803,-1.0162970964845,-1.2974461530848,-1.24895020736838,-1.23000204975928,-1.21136691397865,-1.13409364875208,-0.913550166365747,-0.757310944645455,-0.683672399065482,-0.636785277187807,-0.623122194375673,-0.631011596460592,-0.696421724159055,-0.703323036918232,-0.500681738885146,-0.361191062272896,-0.515233626380393,-0.267992050962819,-0.308739275731526,-0.383950450403084,-0.403883676152342,-0.336397617652207,-0.270951784694261,-0.236839666151171,-0.215204033654292,-0.21192322685632,-0.206380572503655,-0.201289126216275,-0.198250485572145,-0.184505061466948,-0.170285063602992,-0.237070625789006,-0.329393509194344,0.00858444884039585,-0.102794283965996,-0.197985674841466,-0.195360317141858,-0.25694799947226,-0.352098468491796,-0.569937667618495,-0.478816534443526,-0.331290754962164,-0.241083251166132,-0.126064358146973,-0.151195043922596,-0.299045912033069,-0.33487367570179,-0.365895462599295,-0.386109216605808,-0.398451123950964,-0.436942520042893,-0.482803301843055,-0.563052812042401,-0.592769229261392,-0.483152200258271,-0.462484878093337,-0.475008546338967,-0.501111456520207,-0.528128655693084,-0.544848402361045,-0.567947885590852,-0.586197741119988,-0.607774231118826,-0.71034928998308,-0.805425626249265,-0.908908889971663,-0.91418416423551,-0.82323937227686,-0.784268811131416,-0.740890093068621,-0.691276985054007,-0.636403187134163,-0.604641474080402,-0.574895613728556,-0.546285769153962,-0.522444505526589,-0.511544018755675,-0.525344530339791,-0.541831712185205,-0.577404883833798,-0.616512382567661,-0.650289683269716,-0.698505297406588,-0.904144158879026,-1.00678554160096
"CML218",0.0172793411833594,0.456020415677225,-0.15658536951151,1.04704840192068,0.483974396766359,0.420024660899256,0.350189277651703,-1.17567186065927,-0.214838882158669,0.570272115143842,0.611156632840205,2.11715641174795,0.631984110269536,-0.198740484735103,-0.530319525843568,0.0601266125902895,-0.504594621157176,1.17567186065927,-0.935918660781145,0.471916624478022,-0.630556848253397,0.588330871678642,1.12399189716105,0.0253224119177575,1.34083073253688,1.0372283629103,0.979559200254325,0.730972083674238,-0.740652594517764,0.377934231521411,0.71825067121788,0.41508156846907,7.37053131022322,6.27779716699474,6.36671747175995,10.5480871932711,5.05512469617117,2.09093672512337,1.11292980320717,0.782549555835472,0.980594151182602,1.554816319309,0.849714231867834,0.95599694482713,1.15203398770291,0.667984495450842,0.542817860666717,0.800541394334669,1.05362720556856,0.958451507188598,1.07806311055835,1.09740664846328,1.04329385973419,0.812768046205701,0.656488993654611,0.618914644467276,0.631135754558614,0.632942548709615,0.674493808050406,0.79519043756929,0.886724591177344,0.738964133238476,0.689330596893617,1.47134313305614,1.05019091121316,1.04381714147547,1.09396653393792,0.985559681905527,0.742355019975002,0.549013281014803,0.404937214957643,0.330551438558087,0.27180418139418,0.25244687385617,0.223125429142849,0.0754125093766154,-0.0629502880152946,-0.195431747794626,-0.0148055635406197,0.0323255202264965,0.11182911219004,-0.369709577637301,0.0363023764161028,0.359962264340789,0.250333617637581,0.121477906899514,0.244334243849448,0.180986201854113,0.0886033849672996,0.0289732267912473,-0.0631493786518563,-0.266246439564263,-0.277741658584469,-0.286385399477186,-0.289120137747169,-0.28888638655939,-0.257515224224708,-0.213000861896915,-0.184681218693567,-0.205673285566568,-0.240001148767641,-0.280986136916181,-0.267965844700015,-0.244208633672709,-0.234390705398946,-0.225581880584044,-0.216555315399354,-0.209051510799372,-0.208930990514711,-0.207436002021122,-0.161521249488436,-0.116920829529281,-0.131602397081736,-0.119920204324898,-0.0826745245282496,-0.0712301117063123,-0.0608056017471349,-0.0514712412229036,-0.0473044499430622,-0.0458429201516113,-0.0492642248788088,-0.0422678207317448,-0.0473213996961888,-0.0504781126831805,-0.0594177662228211,-0.0661657251796151,-0.0698624249201499,-0.0811227095914215,-0.0914546574911493,-0.10112309226246,-0.152328252872646,-0.182676474365176
"CML228",1.10128758645432,0.0658186700164689,0.884230905653772,0.580186167501151,1.39123911895567,0.92071781589583,0.102894398965553,0.323158322823721,0.621438815677246,2.11715641174795,0.631984110269536,1.77837390382636,0.41508156846907,-0.0945685463053228,-0.763432540700372,0.763432540700372,-0.331304134905806,1.21065567398101,0.163832490283551,-1.04825627769741,-0.0320995255960667,-0.25774702413734,0.775638770439645,0.48486332644511,1.00290712323421,-0.625902145373737,0.776062567057727,-1.45973356840364,-0.786615728168508,-0.990524524326483,-0.763432540700372,-0.0773361111366767,-1.3363161154454,-2.03644283978574,-1.38176729410111,1.75767553071136,5.9447701353979,4.03455822685346,3.10045373648685,2.68703093851843,2.90983620663625,3.49476124259187,2.74360055499002,2.535356624311,2.40754988188798,1.69367574424835,1.58070435786265,2.02050588934664,2.35346443954212,2.2742134705317,2.24054204295854,2.20200715048513,2.07837785624182,1.78491799313299,1.5746009371079,1.47559565633819,1.40379142330923,1.40784057797801,1.4570343468014,1.63514690644564,1.77229628277114,1.60227688245269,1.44043846083225,1.83766125721988,1.13891837663196,1.1395520159613,1.20318762446829,1.15100714083651,1.0417069775057,0.946336372897539,0.875440865044865,0.844233052238047,0.818274099801255,0.784883979902567,0.738935810398583,0.746574850462685,0.75218542988768,0.73603510577626,0.747246277538859,0.862307407638274,-0.198740484735103,0.659638195233201,0.765512723281151,0.812746738415566,0.953304300261229,1.08792474750364,1.12714691939814,1.05145622742595,0.940081849398518,0.860715581169504,0.650183566508793,0.686395824379988,0.847100485551461,0.904257062697526,0.93484894668228,0.974733200514545,0.985394352946847,1.0018722495397,0.985159352095309,0.943840476841135,0.920779960545422,1.04471968361363,1.06597075579678,1.0577682707952,1.04837427301921,1.02346988829692,1.00099880529109,0.975767056850983,0.946137263254302,0.896744897585777,1.00107466491503,1.07600218723582,1.10155480914279,1.12383416186322,1.14208101798568,1.16113321308641,1.18975239003584,1.20212167809868,1.20487332375694,1.19515150918054,1.20070592804016,1.20336793439785,1.18900593959482,1.16543622242873,1.15540481737235,1.13786810176716,1.11653983433103,1.07577496739811,1.04352430504242,0.995628372565532,0.92393825904612,0.83336087063315
"CML238",-0.143198333554267,0.532592062494707,-0.155527911405802,2.12684248106363,-0.584782556087714,0.572441665920506,-0.0797952301022444,0.834304194079262,0.58564350488041,0.611156632840205,0.810229615729571,-2.70408313391126,0.59059096426631,0.0257558775277432,0.59059096426631,-0.0601266125902895,-0.193011347543456,-0.163832490283551,-0.452810875808804,0.094568546305323,1.35052301490802,-0.0893614200724517,4.1929329417997,-0.615128455439059,-0.769026475783003,3.89300579936155,4.29861088647832,2.67556533464249,0.570272115143842,0.530319525843568,-1.32572287710879,-1.14207064165905,-3.45762215754342,-2.46264748500485,-3.26551274618086,-8.22821686820831,-7.0634586419689,-3.69599966549739,-2.41506999894257,-1.95720279996104,-2.19896279215536,-2.87805851657846,-1.93248902752355,-1.78528270587298,-1.77669613397359,-1.00700700020659,-0.712442854958777,-1.0875429811665,-1.43390770297444,-1.44823494267047,-1.48196142144634,-1.47010869130311,-1.36328060222418,-1.04907605129526,-0.819057038068312,-0.732232899411777,-0.706420937850006,-0.714357647826144,-0.798241315257774,-1.01532901385063,-1.20384333532171,-1.04317128499228,-0.93978101773922,-1.60620032531384,-0.981286869460943,-0.984942896594923,-1.03685391352941,-0.923316210921194,-0.641938960670042,-0.405690892129449,-0.210755377326945,-0.0865717107160399,0.00712879438353964,0.0495298320387225,0.105389272442326,0.207074772126693,0.283001306564089,0.391096949406261,0.249063064217413,0.157778268146498,0.269335868086709,0.563908131909234,0.205522690424479,-0.0222635536412056,0.0305161717104081,0.0476813752569809,-0.233118727778399,-0.0730452260733359,0.141680724701284,0.276271276224722,0.434849255286572,0.567026364783143,0.478632667610683,0.448170769450505,0.409638925627179,0.353584298199866,0.291641936662881,0.205021439224798,0.121698183738477,0.0859198746141914,0.136593127701696,0.12754967783554,0.105461193042891,0.0688932580227295,0.0336920231902269,-0.00269948434481948,-0.0210803226944708,-0.0459036481414653,-0.0715448105928963,-0.103852287908549,-0.17715223181239,-0.246134528268074,-0.316917506822569,-0.32301689728506,-0.298933187135585,-0.320618813120676,-0.328502125974613,-0.339503633647527,-0.348299467615255,-0.351916373854622,-0.352218999721749,-0.355035224628927,-0.354324452192978,-0.349466539981469,-0.347571473130446,-0.336950723802615,-0.333967626574753,-0.323025629249607,-0.319019882876642,-0.324416516487869,-0.460381527660741,-0.544990985526273
"CML281",-0.355333710405711,0.463330124467459,-0.35127173297472,0.659771231270344,0.0814325249978749,-0.243325892157668,0.449023767810232,0.0429349044615765,0.680015492781882,0.377934231521411,0.287182477071437,0.653089423829604,0.786615728168508,2.11715641174795,-0.377934231521411,0.377934231521411,0.32651569664773,0.858872326088155,1.63171411090351,1.86884892689542,-0.817166485476718,-0.167772329821111,0.848460935448065,0.742609357838604,0.259838201036749,0.802513688581841,0.744652973686861,0.977755546458657,-0.359557484765686,0.305121032902364,0.129123061942014,0.631984110269536,-1.26718670470732,-1.35500339474402,-0.706752963488079,0.761271746099968,2.0234432720147,0.655830561735317,0.0572335567432913,-0.187782405143873,-0.0470595306297387,0.294194844258909,-0.0514323666191658,-0.166059591277619,-0.206619499049749,-0.383996894279283,-0.318474737828304,-0.145319483493643,0.0688347759439965,-0.02930153206318,-0.112913423875484,-0.157689472940931,-0.219984951234848,-0.311988450867011,-0.370758319947054,-0.403140339301127,-0.437504973296484,-0.442986959161085,-0.458303782387176,-0.450865026116774,-0.482579472677015,-0.565538904940612,-0.579924837135092,-0.433604542192895,-0.479338542490653,-0.481182354691445,-0.472691787524554,-0.503346117047333,-0.509202730863002,-0.500496279692639,-0.480337995663643,-0.435078084417408,-0.401901423134236,-0.423254144855726,-0.448660159615363,-0.479657654841232,-0.511430101197094,-0.544368917875361,-0.580347587119649,-0.529674329027569,-1.17567186065927,-0.683342458121397,-0.559673935285644,-0.434706177369994,-0.378928374243745,-0.412277254619004,-0.774640965288433,-0.638627808785017,-0.48871303020157,-0.44593910530983,-0.589810754636967,-0.655679868507826,-0.600479236075168,-0.553064037159186,-0.504406973287697,-0.461488473552905,-0.418606278995149,-0.3789916070309,-0.361402244875868,-0.418890633109944,-0.493701066318742,-0.37755399752633,-0.334112481602767,-0.329082117782781,-0.322913231036032,-0.335360975509446,-0.356696857177258,-0.385071331514907,-0.407178010753983,-0.440867851666679,-0.428683266765661,-0.419706281046156,-0.491081078446401,-0.485460627186006,-0.412789787665099,-0.39560483077384,-0.367840372786328,-0.341020921900667,-0.323529157242304,-0.316227610292717,-0.308601921168359,-0.298556089860777,-0.302709191314324,-0.317531593976464,-0.32428741769393,-0.350661437714228,-0.377962026408674,-0.41390291155127,-0.449555932892786,-0.491940483822218,-0.702977383824666,-0.847032085131994
"CML314",0.833827969861423,1.28903882435978,0.218613321764414,2.36976715986133,0.988524243673636,0.668165386919909,-1.16746428627349,-0.653089423829604,0.457186935586314,-0.611156632840205,0.323158322823721,1.63171411090351,1.32572287710879,-0.305121032902364,-0.510660161724907,-0.471916624478022,0.493212151888701,2.70408313391125,-0.786615728168508,0.0257558775277432,-0.96752088911046,-0.135027605324201,1.61361491723545,1.20660912161218,2.83353837499295,1.81986430695563,1.33922643678417,4.14690402799028,-0.530319525843568,-0.763432540700372,1.07847480902485,0.181258875917562,-3.79396738005154,-4.19880725007706,-3.41192342462157,-1.56078416816702,3.94854212629015,2.73898725122122,2.06619605586625,1.77562420374516,1.94260559417558,2.36114716116704,1.85943159708684,1.68152303964578,1.58558021063078,1.15090921931845,1.05560365933482,1.35682396518413,1.59291725355895,1.52936164533041,1.45138766263635,1.41915893571195,1.33814962158807,1.16662987488672,1.03923896999126,0.969075288629873,0.917529826830921,0.91609604450594,0.938652218874246,1.03874985906908,1.09624137261356,0.949235442011854,0.804137885199951,0.918367350115148,0.573479117452035,0.61768895069946,0.685173119492645,0.729992953530119,0.700101807674218,0.652624603477996,0.629045551391804,0.585718082365275,0.564052369321213,0.54315924949459,0.517474426317706,0.513112242164879,0.502920856071571,0.496795051942696,0.554275021690814,0.630268176066243,0.305121032902364,0.510371003001167,0.565623628230312,0.564331086832111,0.654986664156616,0.803913902481572,1.01174695366742,0.92250524660895,0.764108663029963,0.666093524184743,0.577014776740851,0.591960265180347,0.61155387111453,0.581006206780609,0.539244704274152,0.502978147724098,0.451953346184614,0.405396132356281,0.328186925662921,0.299236123403756,0.336483198690816,0.38023798557447,0.353915413330224,0.331832137607569,0.308864277408562,0.284119315430259,0.2700799964827,0.258335521570596,0.241378689220883,0.227440896364977,0.229971067177481,0.231886825047702,0.269811549393502,0.268450626310858,0.238117502137299,0.236732525704573,0.226140869793091,0.221715186568755,0.20737142432553,0.206876204194689,0.201228495608134,0.197887146149374,0.196547406513912,0.198785462047535,0.205865214369121,0.217656821459498,0.229694304182873,0.243361931917614,0.26384403176758,0.285192630546631,0.392770656233083,0.463134594736703
"CML316",-1.17197830659069,2.30385299244091,-0.916734176782555,2.26254914311358,-1.32683327982567,-0.596187623091833,-0.170292695022072,-0.146455719262031,-0.19327017949635,-2.11715641174795,-0.025755877527743,-1.70047776180866,0.740652594517764,0.71825067121788,-0.452810875808804,-1.1097116811366,-0.0200142586324068,0.452810875808804,0.822207336306158,0.146455719262031,-1.68381038676475,-0.995535693453859,3.20874392842085,0.503837499063569,1.22946444303267,4.02495886525835,3.08189400085155,4.16774521362249,-0.510660161724907,-0.11182911219004,0.233892426225297,-0.530319525843568,4.72594054132642,4.78391679017052,4.59438630162477,4.99148402611374,-1.47837470436798,-2.62726661263532,-2.93108748258631,-3.03093670299432,-2.97957098786058,-2.85550438160575,-2.73519106489134,-2.53714109984621,-2.24761339000189,-1.96108992184035,-1.59180393155015,-1.66646086420581,-1.62660668382939,-1.97809283771606,-1.92357579743879,-1.88475271235722,-1.82363918584187,-1.74047996560083,-1.67102347580997,-1.59922281474983,-1.54585040534058,-1.54986552830477,-1.61373865693965,-1.75587519634652,-1.95953055582754,-2.09186844394068,-2.04597453514746,-1.93427346608908,-1.42918383964029,-1.36873502767834,-1.32206069829238,-1.31531266126589,-1.31400011939984,-1.27789601710012,-1.23272817337569,-1.13646206888829,-1.07543972832808,-1.06841999199393,-1.06397129588221,-1.21306418367967,-1.36688530494612,-1.48504523484652,-1.37743299326505,-1.37779185435797,-1.36825306468233,-1.72343186738561,-1.30583970853734,-0.929067572586574,-1.10488328276596,-1.44475120066094,-1.96567897167261,-1.77091055070548,-1.50828913497016,-1.40375119672081,-1.4571871410373,-1.7436973149969,-1.78963808872601,-1.75719106983908,-1.68855236307245,-1.62335606388213,-1.52986159603347,-1.42614616874652,-1.28858280045142,-1.25348763501032,-1.35409275923435,-1.39613390130073,-1.35408504049894,-1.30143736114703,-1.25639328947925,-1.21062760976986,-1.18329250252251,-1.14739824434394,-1.11643557812883,-1.06901454982241,-1.04215251306965,-1.00814739775493,-1.06949364578993,-1.0576912868581,-0.969794876374684,-0.951512834170966,-0.927120315018635,-0.902983309030076,-0.874595858560979,-0.863360633649632,-0.855087352869654,-0.84348963206475,-0.834788835986326,-0.829571884404784,-0.833835433223885,-0.840975024727849,-0.854445569161304,-0.869549475391072,-0.88656728798726,-0.916973777369808,-1.07937822555326,-1.16934250450068
"CML322",1.33910262747035,-0.436794378475402,0.958711113473359,-0.501014118643921,1.08685732086628,0.811785730500966,0.185880407102783,0.216283046469253,0.668851688562993,2.31618911585471,0.740652594517764,1.46165557642791,-0.740652594517764,1.46165557642791,-0.129123061942014,0.198740484735103,0.34104259950822,-0.377934231521411,1.77837390382636,1.97785377045181,-0.601037548066355,0.966330688678418,-0.855628280233647,0.493711953887964,-0.205591466275615,-0.780315559278841,-0.987364964530703,-3.15855007654369,-0.120471583142005,0.935918660781145,0.251574639495799,0.00858444884039585,-3.44230483855301,-3.76122627511947,-3.23198953004562,-1.57252902934659,3.86382727092554,3.29153178846526,2.92651918513369,2.72908891031223,2.85103040933553,3.13045359552742,2.59124591649451,2.48185432063803,2.38378960840461,1.94950384734068,1.71408559592382,1.91628748287997,2.03231471671909,2.11044865601547,2.08911288305148,2.07498614545929,2.00572421628447,1.84166228202946,1.71341936022437,1.64707030399062,1.5972713023793,1.59325274862736,1.63717986849579,1.75252569259307,1.85332309690275,1.74896782046606,1.60741117114238,1.80955241727146,1.27626690590428,1.28869966687312,1.3495471189795,1.37150841172075,1.32589042778691,1.26831949248758,1.2314894241415,1.18774978231735,1.16652635122951,1.16204743275662,1.15787610413915,1.20903384114709,1.25032346212618,1.27679892589479,1.30309598811709,1.34229707171691,0.935918660781145,1.29325988815598,1.24947302672556,1.14128243901757,1.21197888889281,1.36656495116565,1.6773440624012,1.53417108438679,1.34444973950381,1.24872573442458,1.19346530393021,1.29397680754043,1.38931138430657,1.3903302665584,1.36633105780093,1.34283851938892,1.28756101060018,1.2326368602515,1.13683688299219,1.10365857405697,1.17498677976029,1.26880204994012,1.23781118649329,1.20144905930165,1.17095387603121,1.14361679896768,1.11578255773997,1.09536961506068,1.05844277433362,1.01813732852921,1.07371669692272,1.11006092112136,1.17197194924601,1.17965021980125,1.14339584495912,1.14720110485514,1.13423157574594,1.12394373472503,1.10491458798447,1.09311860837771,1.08550794721936,1.07506207641859,1.06026149740179,1.04344255331672,1.0372420460719,1.04093955475454,1.0336128836175,1.03178197030008,1.03433036916503,1.03506121888924,1.14863532089795,1.19253739631821
"CML323",0.638570012290313,-1.30127942474478,0.811096576284778,-2.55666703178477,0.785037961034613,0.716965442084269,-0.571453650174605,0.810229615729571,-0.247423954461634,1.63171411090351,0.550186035237781,1.56990009216296,-1.36825306468233,-0.510660161724907,0.71825067121788,-0.163832490283551,-0.176172436856414,-1.21065567398101,-0.763432540700372,0.305121032902364,0.748135267024587,-1.61650545164284,-2.85657592344207,-0.677629677218598,-0.967145587308268,-2.48129870421911,-2.75452155576533,-3.98178788262374,0.611156632840205,-0.359557484765686,0.305121032902364,-0.631984110269537,1.15834472755133,0.472736358983374,0.953907406044658,4.14809077766123,4.81980816192924,2.87066217042807,2.09000061017675,1.77689604082784,1.94536410233212,2.39766695582608,1.77870000588083,1.7183077097167,1.75403806462122,1.28622802128152,1.17589656287604,1.4342008899755,1.64196199908286,1.5578640509428,1.61858918380315,1.62451265644488,1.55981199302334,1.35013657252776,1.20280117852381,1.14781867356545,1.13178227918453,1.12948751755691,1.17078811171842,1.28751398585976,1.37523987636637,1.22192336025067,1.10478472056879,1.60344089724357,1.14508071371658,1.1746793105656,1.25186077556693,1.20032241143508,1.05153117951361,0.924894522968513,0.81949427187571,0.757816238375759,0.706346146706291,0.693609951479655,0.67286056654496,0.624670694508076,0.585284726505142,0.526719668999247,0.640792732201793,0.689650782078655,0.530319525843568,0.447643903489912,0.664466950153752,0.796153285010297,0.764810912010167,0.770846694092303,1.02875013830461,0.901884912930489,0.736524758874208,0.639976448939256,0.553914921802728,0.493797612695611,0.580031136919738,0.600217064469311,0.612671093465103,0.640885098657258,0.660792737859506,0.696510102154084,0.727078938171319,0.762220052854953,0.779842267042004,0.764954830413156,0.776106908388006,0.800185639122949,0.815374841059583,0.835813640846173,0.84722861904157,0.866320716378425,0.868815627058556,0.873080774005416,1.01463073587633,1.1280560553505,1.21012795545418,1.23060873307697,1.20529333227448,1.21429538906318,1.2158039575129,1.20798884948617,1.19091263509971,1.17316707328752,1.15404452940511,1.14367278391213,1.11160415967217,1.08690816075033,1.06720117277697,1.06049999703949,1.05119427245833,1.02666287893107,1.01655279844798,1.00627138660024,1.1023323672586,1.12593557328796
"CML328",0.817126666514197,1.14395254866671,0.227370360288248,1.9512304340694,-0.180932025091601,0.0881222141165858,-1.35071423687866,-0.740652594517764,0.617306865486205,1.07847480902485,1.46165557642791,0.377934231521411,0.471916624478022,-1.97785377045181,0.287182477071437,-0.685306255956671,0.118926827769205,-1.77837390382636,-1.63171411090351,-2.31618911585471,0.954938182124752,-1.04368377540497,1.63041286125268,1.60311478954159,-1.24956173880278,3.45421828712138,1.66286859369257,3.88053006439082,0.305121032902364,0.858872326088155,0.990524524326483,-0.71825067121788,-1.21195663841427,-0.523038166250235,-1.18368676264955,-3.27455756031626,-3.30201865036406,-0.736451235206758,0.299480030406966,0.650030623658033,0.469573072384998,-0.0500023746598243,0.340162836375198,0.45624578167856,0.480477461591238,0.886131077301429,0.745016039867834,0.375937349033722,-0.0429952101231554,0.137082109129832,0.368276907283541,0.464761705067067,0.577572289837461,0.772343269726528,0.899204505455573,0.967666487946493,1.04124106876363,1.0546597620945,1.09384836113266,1.09278568053071,1.18663922115544,1.40351056375332,1.50701239086235,1.66575136246516,1.52929877952806,1.46859812220425,1.40503023184103,1.38765276531859,1.36756654691362,1.33325098192988,1.2661951866927,1.18368094564153,1.09882616989824,1.13333969813756,1.15932465453454,1.16664008671032,1.18994316384007,1.19348620693149,1.2394129653662,1.1005670854325,2.70408313391125,1.32868484651106,1.23278995698524,1.16396460316814,1.00027537489083,0.936906669417788,1.45886548937493,1.26761819783074,1.07972502289298,1.03446786461266,1.29735916240469,1.28846362980322,1.08427150145369,0.979066257332265,0.865944644578622,0.783363492453892,0.697861864242425,0.583081569624142,0.442622452480308,0.35900740135871,0.430039626787581,0.479379925064186,0.439082144544133,0.400738108734994,0.342250265752744,0.298536497433072,0.277685574912321,0.2547600394016,0.228267180382926,0.203157551468566,0.121592795428503,0.0495328067899243,0.0522283769855345,0.0551894874693277,0.0716004474911973,0.0988105515426194,0.112436684438803,0.137363237512391,0.165744427341665,0.19366877911539,0.209673936624823,0.241135735201243,0.260363692610106,0.278592621302174,0.289158624127415,0.315488237483097,0.321576563813417,0.341836031128426,0.35766210685724,0.379945367729808,0.483236561731638,0.559719814545615
"CML331",-0.39832809402413,-1.65360672029876,-0.125750060667931,-1.37436310447434,-0.0148158746879157,0.265064153531549,1.97472750003752,-1.77837390382636,-0.86062251275373,0.094568546305323,1.14207064165905,0.198740484735103,-1.28546414903254,-0.287182477071437,-1.24718746741375,1.56990009216296,-0.00106517128848849,0.935918660781145,-0.198740484735103,-1.01896585286423,0.84027725983604,1.61892151988926,-2.30969635883573,-1.52206115647201,0.71348031606025,-2.35220416603066,-2.26426078641902,-1.8404265377927,-1.28546414903254,0.00858444884039585,1.46165557642791,0.287182477071437,2.48916805706985,2.20266201196475,1.89767017582493,1.87090161544848,-0.901973320290088,-1.11953750856594,-1.07253739018795,-1.01266770620679,-1.01640940108188,-1.0590065289502,-1.07499450064308,-0.883989845839198,-0.737181655243416,-0.513229945131437,-0.511723800931869,-0.659167927194366,-0.731276591056198,-0.629427504366987,-0.632177646793239,-0.643625379582731,-0.608409510234535,-0.542490978584173,-0.497778353719093,-0.474486546141075,-0.46007366756567,-0.472883074736194,-0.509390796010039,-0.589335601542755,-0.677111145117056,-0.686395712155635,-0.638168243088012,-0.525108756524811,-0.321220783902233,-0.333177005413876,-0.352363439383729,-0.344484319927811,-0.331723616545487,-0.301693201085605,-0.265471161038903,-0.224751143069171,-0.187888636539899,-0.166766537144093,-0.138912788155873,-0.130098516241278,-0.124784558068714,-0.126184048220476,-0.12390619172986,-0.172701326743964,0.129123061942014,-0.101975653143446,-0.123700115202117,-0.155610193495255,-0.196061408882998,-0.253663593378412,-0.258546159211946,-0.217924977077281,-0.168214778410658,-0.136115895253261,-0.0636347787825184,-0.06140826092315,-0.0573958048425238,-0.0599749040390729,-0.0577712117359586,-0.0609651586023116,-0.0558375853915836,-0.060328520498275,-0.0676272533399629,-0.0852081683727361,-0.0789258207668317,-0.121866487485709,-0.1314779236933,-0.126997498139286,-0.140085996019365,-0.142927798604709,-0.138175090400918,-0.137746266886604,-0.134754428822799,-0.130719970277895,-0.16129249606709,-0.178768568643933,-0.174077572075792,-0.176112075075771,-0.174917635469096,-0.178799504178831,-0.186184016854145,-0.18835926043661,-0.182037124607984,-0.182222359187678,-0.176255642991293,-0.172909461894335,-0.164957676724292,-0.159022118661352,-0.151253711088872,-0.137939267857231,-0.126827900891262,-0.10909191458053,-0.0925080824849084,-0.0708432993054627,-0.00838701756787885,0.0451189218948513
"CML341",0.0452130815462344,2.72501470834999,-0.471296790953721,3.28040384745025,0.0945235013393582,0.254127577917745,-6.14382680895099,2.11715641174795,1.34818339324634,-0.611156632840205,-0.0601266125902895,-0.452810875808804,1.56990009216296,1.01896585286423,2.70408313391125,-2.70408313391126,-0.165810443492773,1.32572287710879,1.86884892689542,0.570272115143842,-3.89240627247109,-4.16782377218274,4.5416333428099,0.0662510889311769,1.82084296550138,4.65310595457294,4.59727485525915,2.3592667440705,2.70408313391125,-1.70047776180866,-0.216283046469253,-0.305121032902364,0.430439498032295,0.930082690226542,0.459228682985948,-1.13031851178245,-3.04096009115038,-1.31522707871713,-0.545764581471085,-0.22112335820332,-0.383836144366145,-0.78041498479105,-0.449982573838957,-0.344513513378278,-0.360631914126514,-0.109455710447531,-0.324921214380036,-0.571298362139712,-0.792581051541117,-0.466104357835662,-0.42313009842372,-0.421041435410177,-0.380934152088876,-0.281133076470166,-0.213686515161029,-0.190200028709501,-0.162434015790639,-0.157858922679785,-0.140745470153245,-0.146340344815346,-0.0552397267352025,0.202291216547213,0.396256310842353,0.479997470077472,0.414532232134502,0.283421436494882,0.132151126161275,0.0702709101481676,0.0187571295533846,-0.0321517348785945,-0.087371963773913,-0.159353985746444,-0.214629684131466,-0.227862095283671,-0.2431796598341,-0.293455505217806,-0.330554338333095,-0.35872037647162,-0.339501645127945,-0.3571790123701,0.181258875917562,-0.383858272281152,-0.355495967158801,-0.292184024477102,-0.353170721716994,-0.389228521800401,-0.3034507056345,-0.34391073496036,-0.374633928573254,-0.381864494052283,-0.349212809098498,-0.459613812788776,-0.595490311277085,-0.634846611016434,-0.66030599605203,-0.682699272341476,-0.682912607752182,-0.687806202652099,-0.680832068459536,-0.688917478158111,-0.711654802095828,-0.690351023388403,-0.684460347068548,-0.674297070548023,-0.65726395275621,-0.646777266619535,-0.639390144633723,-0.636009899993704,-0.625859211531729,-0.610774060720215,-0.611259335065036,-0.602396709306653,-0.632087110572434,-0.62918609499141,-0.583325198279703,-0.570521107265685,-0.55611050236987,-0.543179087863693,-0.527443755450679,-0.519599033928801,-0.502535155712487,-0.498397949231986,-0.48212899827712,-0.474790587636259,-0.460172582968327,-0.458307648853255,-0.440924249955463,-0.428335766448692,-0.411824763253103,-0.402392780217208,-0.419368599446839,-0.402472131192177
"CML343",-0.239313335212369,2.13982877967001,-0.267381703916281,3.67629415243333,-0.537176337060087,-0.49384077194903,-0.0543348986795357,-0.696203541899834,0.204664430170974,0.341301375746541,0.251574639495799,-1.24718746741375,1.41341326833765,0.251574639495799,-1.28546414903254,0.269335868086709,-0.507299406016316,0.251574639495799,1.17567186065927,-1.17567186065927,-0.398374198485796,-0.0254403119046539,5.8116780787049,0.123089861469004,0.113383670991871,5.7321618370417,5.84694812463701,5.8625078945214,-1.17567186065927,-1.56990009216296,0.0773361111366767,1.17567186065927,-1.06736414358602,-0.723059555060133,-0.7650397231519,-2.0047701168469,-1.79701162437663,-1.44392249429566,-1.35239127541006,-1.32677616496671,-1.34614757900475,-1.43625174569238,-1.1954621862149,-1.16605209923109,-1.13164784775398,-0.935015760681607,-0.683137790877512,-0.73752167981957,-0.764165928131277,-0.913512473480444,-0.952536679047904,-0.93779606189883,-0.90098614681858,-0.805408259148517,-0.729407034094728,-0.697131659271142,-0.688390079551083,-0.682219014823155,-0.719462418602855,-0.805590515253379,-0.930266609918023,-0.986873549896119,-1.00949962815112,-1.34937636497743,-0.990689316288196,-0.929081678033141,-0.882973932102882,-0.807365339500589,-0.688644759371707,-0.586988887457335,-0.489841368225262,-0.405780835077533,-0.347504964738364,-0.341738946335159,-0.332984007829709,-0.335042804010266,-0.349009521442157,-0.354559074399167,-0.381114822498189,-0.355269598450339,-0.763432540700372,-0.376331909767941,-0.314439074080105,-0.287701026455486,-0.261527474633757,-0.29820774061839,-0.581184339004242,-0.46056978784238,-0.32145938568809,-0.264478774343607,-0.303886464315238,-0.322454690592292,-0.326485338503495,-0.322760638509472,-0.314842986823181,-0.316669955880812,-0.328895365293226,-0.337849973664468,-0.353146602994681,-0.418527732862167,-0.457917592947781,-0.307053688842103,-0.316434454932849,-0.33423956933903,-0.337147326930021,-0.352029780286038,-0.376207012121531,-0.404095431900386,-0.431543801682102,-0.466387960045768,-0.469779632327051,-0.463466076722642,-0.505725937364329,-0.502178040514868,-0.443489369097239,-0.42768687096527,-0.394698941354942,-0.374807690852065,-0.353098972467444,-0.343305624584978,-0.334526429046444,-0.32098451605118,-0.317976853414634,-0.314750894723996,-0.308878179176928,-0.321293031540512,-0.331448265268179,-0.341704663226402,-0.356230044884387,-0.373406493136467,-0.503971311870531,-0.587403633074731
"CML348",-0.188925167164374,-1.82539678975224,-0.0732190289112006,-4.64399155729037,0.366516469938136,0.108567774903586,-0.360744718393705,-0.471916624478022,0.439361771856204,0.530319525843568,0.233892426225297,0.990524524326483,-1.86884892689542,-0.129123061942014,-0.163832490283551,-0.11182911219004,-1,-0.181258875917563,0.740652594517764,0.834304194079262,-0.962510878578798,0.0435729053283815,-6.0941430778377,1.59841732255781,-0.626897036142801,-6.29718120603701,-5.83572743272374,-4.39078035813067,-0.146455719262031,-0.341301375746541,0.740652594517764,0.740652594517764,-0.453036282381985,-0.673402340638251,-0.435366396716787,0.505481772752117,1.55936225915586,1.08656621000433,0.876619626792138,0.790356492606781,0.844221531160393,0.988399401784436,0.697321073614279,0.646660064701386,0.643408609348324,0.47256209349768,0.320809897536487,0.392460813757022,0.469583707226103,0.551458043887893,0.541205421680334,0.52571417837036,0.497478678187097,0.427199762196824,0.37192331674261,0.354379192528331,0.346242258416394,0.349894172144499,0.372363399717131,0.425732554826985,0.484248626136637,0.482492334624215,0.492165819837745,0.753985016536997,0.542558576364842,0.511830813920421,0.504209444276474,0.459452177223866,0.381144957519929,0.317170112662871,0.260772497659299,0.22147355644683,0.188373842191099,0.169874381059608,0.145465036930599,0.096849004068843,0.0605157719952623,0.0111676644938532,0.0559229368022802,0.0876934201586002,-0.0601266125902895,-0.0753505615837319,0.0390304548255023,0.121284566694753,0.106684867859512,0.100464980049198,0.129326958882618,0.124575127043896,0.0973711759888316,0.0698939617218408,0.0202164990457214,-0.0644552667681577,-0.105941723720072,-0.128603234830065,-0.137717109887238,-0.149787693841663,-0.1577315213178,-0.162637683679077,-0.174148982909481,-0.186094736683735,-0.187894860909123,-0.168126591091702,-0.184533237022118,-0.186786982173091,-0.193754043192765,-0.193208841955946,-0.2001398327633,-0.199962603032516,-0.198744399494367,-0.193784746180627,-0.201301682151338,-0.202417084714404,-0.218087930943127,-0.219974318209217,-0.215770898053192,-0.218637886118106,-0.217239601976254,-0.2155550151223,-0.220327935654777,-0.220213679349445,-0.218381263648446,-0.230183116082613,-0.23001474908089,-0.230775915119771,-0.240917228119009,-0.247111026713845,-0.249184296904713,-0.254220584289521,-0.257215236264282,-0.26098652960189,-0.28326083882538,-0.287672206013465
"CML366",0.475707370980074,-0.301752031961794,0.552792779087733,0.637469862135256,0.0443907741205314,0.0719615121864992,-2.32204507299293,-1.28546414903254,0.436260568867604,1.70047776180866,-0.0773361111366767,1.28546414903254,0.433869014530238,-0.696203541899834,-0.198740484735103,-1.21065567398101,-0.988360059911467,0.233892426225297,-0.396439512633857,-1.70047776180866,-0.398805069500668,-1.60271061323397,0.839186197883654,-1.33766932319092,-0.336495777500487,0.447452231816921,0.883018773567562,1.41749542154137,-0.242724046399698,-0.233892426225297,-0.025755877527743,-1.41341326833765,3.51398888060303,3.28878331544559,3.22993777377361,4.91486411039283,1.31317338869359,0.703868527089144,0.632012403092671,0.645288032826147,0.673463804420309,0.713951728782846,0.371894938065972,0.465393575873341,0.542247689821316,0.528868018975973,0.261256835152075,0.0818114802827867,-0.0816003600637704,0.0961117716459758,0.244506430539515,0.285497659503827,0.332581842006488,0.365270686762827,0.389181375621029,0.42130128144139,0.47355163149156,0.493668849230011,0.545956205297267,0.617045892903029,0.759320373164195,0.896161718999263,1.00293671539905,1.58878574313544,1.32140566502044,1.2511442101824,1.2015288811609,1.09867468913143,0.923421452331489,0.779490295168807,0.650937378040685,0.549409539518527,0.473997231393089,0.48915816414116,0.502068752916849,0.461640502698559,0.428930890800917,0.403543727836701,0.463197609727527,0.326724278941434,1.1097116811366,0.461871986482056,0.482775404782007,0.533803491326185,0.366081727801691,0.254645501707435,0.574162235356455,0.47667564533203,0.378857695439077,0.361429200107916,0.538584105689103,0.544933976241269,0.517231163131792,0.498449003796787,0.48127957508448,0.477610932794526,0.49518407269207,0.526857195275759,0.575963909073665,0.619388314231043,0.641549661506595,0.510562686633194,0.541375895081792,0.582913228350348,0.593716160561936,0.616619788557432,0.639753745782165,0.672365230870428,0.696374704956248,0.718293383799142,0.73661786485169,0.735382342467614,0.780932090006784,0.784641434089376,0.766587003708175,0.795182507639867,0.801880695165582,0.82017009004157,0.834696599418234,0.847728677801412,0.855472999236255,0.863241159771238,0.860569837509856,0.862952588823024,0.847651558901211,0.850251383067621,0.83389208914348,0.81805992593149,0.806811070642499,0.805108372863964,0.936194568665692,1.02470242056902
"CML376",-0.657742911003739,1.40602474234216,-0.731676773854032,1.00124173653426,-0.0839738642494893,-0.453001440572702,-0.28565725489195,-0.323158322823721,0.0378092184526615,-1.97785377045181,0.181258875917562,0.341301375746541,1.21065567398101,2.31618911585471,0.129123061942014,0.181258875917562,0.351510191528417,-1.24718746741375,2.31618911585471,2.31618911585471,-1.05859575136676,0.404333562232009,2.04191410075818,-0.939647159200361,-1.09605683140646,2.28346519483436,1.979691218583,0.348298719200976,0.146455719262031,0.0257558775277432,0.674489750196082,2.70408313391125,-0.111647484932593,-0.187582826301785,0.0539825093909005,0.934211039457111,0.656907427452927,-0.370310020103311,-0.85059876355385,-1.07526727256266,-0.970429169377109,-0.697310690031704,-0.754191841972918,-0.788614945406027,-0.727556067504147,-0.718796001299514,-0.403638736902152,-0.242106832420752,-0.0628908661862488,-0.384486958299169,-0.437576677352707,-0.471437089158993,-0.502493162178346,-0.551032145734462,-0.583379059735547,-0.581026853390106,-0.588712458179084,-0.601817748094946,-0.657236360823787,-0.740944998229043,-0.903031001773086,-1.08290323994273,-1.13582808318285,-1.02839790271815,-0.866834614504117,-0.831696540442304,-0.780975174919462,-0.775063281765875,-0.740118108944759,-0.685489181666242,-0.622903201257363,-0.525094609787885,-0.461795424591123,-0.463691144203815,-0.469535403574646,-0.561334209655894,-0.656599421583118,-0.734308284638237,-0.646772751020573,-0.562180929737152,-0.935918660781145,-0.897175321766267,-0.672081805112105,-0.434547349541933,-0.410149197981212,-0.519608902631018,-1.01689371614607,-0.849265041458435,-0.643080167071813,-0.578472351950173,-0.705743585699421,-0.920851882374873,-1,-1,-1,-1,-1,-1,-1,-1,-1,-1,-1,-1,-1,-1,-1,-1,-1,-1,-1,-1,-1.0949843144235,-1.09526858077408,-1,-1,-1,-1,-1,-1,-1,-1,-1,-1,-1,-1,-1,-1,-1,-1.02917136602737,-1.26750913383692,-1.40888594418909
"CML38",0.637667349497923,-1.06522149683799,0.26977888201829,-1.24540786400687,0.518486080934177,0.886576802379937,1.6633826301305,0.491196221367693,0.911599080107734,1.01896585286423,0.71825067121788,0.674489750196082,-1.41341326833765,1.17567186065927,0.491196221367693,1.86884892689542,-0.0974777938878455,0.71825067121788,0.96286268399541,0.990524524326483,1.75123814343644,2.19688622782876,-2.34411235890674,0.120254799602019,1.11919733194701,-2.29266803916014,-2.58073708039686,-4.26956234676138,0.433869014530238,-0.0429349044615767,-0.359557484765686,-1.46165557642791,-3.47942882102768,-3.32663395915381,-3.14645491734816,-3.44379438339337,0.402934963943567,1.06674466521038,1.23689844587852,1.2597571932394,1.25253464510908,1.19537667751504,1.11953468185591,1.10356922608829,1.06653208631587,1.01434179472208,0.875537190579462,0.855443795045819,0.800860846272425,0.875340046553919,0.903793326344924,0.918229405630388,0.922143925555686,0.916800912414879,0.914416804215556,0.904042474697174,0.894741633867323,0.898932329495957,0.922738185950725,0.965186343723531,1.00753091744611,1.00943316985129,0.950415227558937,0.913068014620674,0.725842076410373,0.745483795462599,0.788925803226564,0.809070692244074,0.83230316103445,0.845182991797901,0.832237975286828,0.814785100243086,0.788025903921658,0.791651245639096,0.790352533381421,0.821631750962637,0.850300653715415,0.849122445053265,0.850144644018483,0.829628643784769,0.858872326088155,0.853197849065826,0.798256248354492,0.719474912468369,0.736510956789115,0.817038956621399,1.01128818690773,0.947635532105026,0.858529289524756,0.817992585451134,0.838711894336117,0.877701197042894,0.852664627638868,0.809570808229668,0.755595643882601,0.706623916327919,0.640996830370653,0.579414552193321,0.485532685966265,0.425465431309357,0.46405556965926,0.504607946649341,0.483194140621554,0.456738418844201,0.42152507325256,0.389704641320489,0.369460116370315,0.348802403205245,0.327298768753364,0.303894773679407,0.29987443370387,0.294133223552598,0.304220324842916,0.305557344833526,0.287172587763734,0.28173363974351,0.270244103346139,0.26109338679879,0.246454556496378,0.245167533860118,0.236502902821562,0.226218915542547,0.214337191772096,0.208879242655964,0.194301410211945,0.197716070180031,0.194292278218833,0.188234283599792,0.187019107827313,0.186852970404113,0.223772359338867,0.256520136686212
"CML423",-0.67325051356795,0.248017933278227,-0.523079065977938,-0.580532771366228,-0.65543669185532,-0.876565286652174,-1.00667563860901,-1.07847480902485,-0.0601480386717025,-0.611156632840205,-0.763432540700372,-0.452810875808804,1.04825627769741,-1.97785377045181,-1.01896585286423,-0.359557484765686,0.168363739251426,-1.28546414903254,-1.17567186065927,-1.32572287710879,1.96675598583379,-1.16502670904818,-0.00327028189471512,-0.0645147922271465,-1.16734983053365,-0.912129456858876,0.0203063173160516,0.56257720698623,-0.922698431338058,-0.59059096426631,0.96286268399541,0.883970146130975,-0.254445297002135,0.21594252418641,-0.281490005052144,-2.75854075413714,-4.0438354721425,-2.33924772327149,-1.65976593154421,-1.38202114735184,-1.55833606272341,-1.98260114599302,-1.40564039312007,-1.42210037615309,-1.52761971548095,-1.11265359000318,-0.991606894185175,-1.22526532900756,-1.4501531629761,-1.35810482632389,-1.33582090711851,-1.32585439505475,-1.26534872063258,-1.08127317882265,-0.954099596175183,-0.899056721641933,-0.867624209322452,-0.855002202035285,-0.860863716209703,-0.919451241998269,-0.913642373759015,-0.709381656297854,-0.562917005653588,-0.790759126449752,-0.523066096228615,-0.594121328648877,-0.704600035848414,-0.708839688305537,-0.649921869525536,-0.609211373268414,-0.579473061165999,-0.596340689766379,-0.602682130120098,-0.609777566884319,-0.612958740102152,-0.589576664390647,-0.555575963756641,-0.504933745127338,-0.601187861987733,-0.659946226290759,-0.323158322823721,-0.394882450928244,-0.569677823335803,-0.664246980174962,-0.650721747785028,-0.64119817758031,-0.705514890009904,-0.634252059915699,-0.558766601588997,-0.502993854132869,-0.403734256213837,-0.339976449285422,-0.411314392762251,-0.430515844405818,-0.446702887387354,-0.454734037928361,-0.456606849797456,-0.457764587287536,-0.439929367830239,-0.420696277427598,-0.434865002313623,-0.497730020649621,-0.494805350140084,-0.498363748817076,-0.495673563346497,-0.494760361767697,-0.483463882125745,-0.475567009588976,-0.459292788725231,-0.441174214670661,-0.530073572674746,-0.615457268567369,-0.648636773511089,-0.67937681310671,-0.696939354593582,-0.722692329128303,-0.741704263471054,-0.751021321152225,-0.764199277500703,-0.764926238996809,-0.774045024151472,-0.786653186678116,-0.79649410041281,-0.804819214052379,-0.807276562733903,-0.825798472033774,-0.837837746583968,-0.837293721542036,-0.846250488986081,-0.848478196321969,-0.892141393658066,-0.897482370755857
"CML450",0.443679538719592,0.800957871486079,0.560785556815814,2.09259376162482,0.167372961333991,0.143445935812658,-1.24968449087362,-0.269335868086709,0.442040740752313,0.883970146130975,0.305121032902364,0.41508156846907,0.763432540700372,0.216283046469253,-0.990524524326483,-1.32572287710879,1.00875450744465,0.530319525843568,0.896729989949441,-0.530319525843568,-1.83526562448823,-1.56953913139612,1.62552030727323,0.970114550548634,1.90187777922432,1.40448178404825,1.39473000225231,1.01170228225207,-1.01896585286423,1.01896585286423,-0.786615728168508,0.198740484735103,-0.760805496474663,-0.948579644895619,-0.90831834370057,-0.972273458722958,0.134149777083969,-0.0564627305950376,-0.196981312403606,-0.247559012615332,-0.214662520891314,-0.1495303845901,-0.137184644738663,-0.251237353983334,-0.338164752358749,-0.329543081148046,-0.26623323365298,-0.244384795393614,-0.198338614048337,-0.265711878742985,-0.334443871705043,-0.37249034701787,-0.390910021528587,-0.373123461363674,-0.357859690209425,-0.358937139777926,-0.372346083926286,-0.376087010277089,-0.401002434987711,-0.445196521984813,-0.495783012778977,-0.49789513291152,-0.492362380575359,-0.591021392680268,-0.562852583476338,-0.581800929143568,-0.613091936875873,-0.579588232543777,-0.497477265361893,-0.412190114421108,-0.319824046275291,-0.243745194560812,-0.173793762898921,-0.153661969603062,-0.12061481382277,-0.0418903960070219,0.0167233118521264,0.0917383681722892,-0.00168925482967297,-0.0411194014879508,-0.233892426225297,0.167713614131527,-0.00226974708360039,-0.132633574523807,-0.0875990736994637,-0.0775622693536296,-0.288892711410687,-0.206103305445241,-0.0957873504273943,-0.0286729918115235,0.00503457289015707,0.149228407718578,0.265650622873921,0.33470193705482,0.401129434247728,0.444373694545178,0.485680910778912,0.532566834901974,0.621302620418437,0.687839894740057,0.682823852177403,0.648064406603532,0.65800199851227,0.664752957064491,0.688681143188506,0.711833027488362,0.718056793110003,0.729291613416974,0.748687155272671,0.750473106226963,0.806422705953866,0.838697816012834,0.873911562792593,0.870372717366287,0.837294673619173,0.825177749646838,0.81352891370917,0.798732375646501,0.774588818605226,0.7581624802091,0.749129337104915,0.727591290812548,0.704813616206306,0.677498591340424,0.66123435576567,0.64111066211826,0.612963096720834,0.58706258749257,0.562162108289174,0.53966837454106,0.538836814673317,0.519614059584088
"CML479",0.0270858244371563,1.67846651065671,-0.280729007186335,1.96205277963727,-0.0175220442975084,-0.0018975975691371,-2.65352133846517,0.858872326088155,0.813327001020201,0.433869014530238,0.491196221367693,0.287182477071437,1.63171411090351,0.570272115143842,0.786615728168508,-1.86884892689542,0.506996834266014,0.740652594517764,0.550186035237781,0.530319525843568,-0.95543207288268,-2.42602420754359,2.8533387618642,-0.435908668279501,0.928743396846698,2.8561623174445,2.93913344974938,1.19507694053201,0.674489750196082,0.0773361111366767,-0.433869014530238,0.763432540700372,0.680691826725993,0.98770716767643,0.509801047507698,-0.709820170163414,-2.35090135585385,-1.01139537391682,-0.427235881308609,-0.224031272951706,-0.341106820794721,-0.602015026302831,-0.333545597784676,-0.293026648817246,-0.28694481133,-0.0939333490768217,-0.167715197174135,-0.337773939642613,-0.494948029766805,-0.328224358881395,-0.277561171895852,-0.262833689621237,-0.21534892374029,-0.13514648957934,-0.0864881260603585,-0.0592565992608424,-0.0291965875460967,-0.0304016145095578,-0.0280024583581668,-0.0466108863343911,-0.00807335501102258,0.161954480657642,0.300188906442657,0.436303030263816,0.407724131090367,0.329880992441437,0.25106750505214,0.192373101412636,0.150650590517665,0.113282142186677,0.0598051521365806,0.0189722931828171,-0.0252159953350236,-0.0250880634598115,-0.0330955621679488,-0.0855982775822384,-0.123360036910249,-0.170415016146657,-0.11413344060185,-0.123866857703803,0.287182477071437,-0.221731422579713,-0.0847731076967622,0.0270377963112864,-0.0733684838255275,-0.155975835172725,-0.0400588873476947,-0.0909225974085119,-0.142455337406956,-0.162666869371571,-0.139577748654478,-0.272922185731982,-0.374599418323471,-0.408223072166501,-0.424000459019323,-0.416810117231842,-0.405589757962895,-0.396531469475856,-0.388824363163251,-0.385992358178122,-0.403488006948675,-0.420175490316005,-0.432033179976302,-0.424555973010914,-0.415343756654016,-0.409345123731078,-0.403997174503153,-0.400903940211044,-0.387091838497133,-0.373570187425443,-0.368476125709809,-0.351850118463096,-0.368872815580186,-0.36713453178837,-0.342151408730002,-0.332009874920363,-0.324460791157226,-0.321289742621858,-0.310342287613619,-0.307052552825553,-0.30810153893198,-0.305151293561477,-0.30574862060043,-0.307669304235833,-0.304733299260847,-0.308845105717018,-0.313818609520267,-0.315490816687808,-0.319962604210381,-0.329030810699236,-0.370113172566258,-0.399279053428679
"CML50",-1.1763633143522,-1.13521813027552,-0.706823843398143,-1.53101946150863,-1.31077427931681,-0.592483429918688,-0.674783894513168,-1.56990009216296,-0.00770273551081935,-0.611156632840205,0.396439512633857,-2.11715641174795,-1.01896585286423,0.96286268399541,-0.611156632840205,0.094568546305323,-0.0491637215879661,0.163832490283551,0.530319525843568,0.674489750196082,-0.038674837067915,-1.04506356985286,-2.24306868952561,-1.73015113167047,-0.405116526445675,-1.35974641447277,-2.08867727063237,-1.16577653164511,-0.550186035237781,-0.570272115143842,0.909637531305094,-1.36825306468233,2.64010540685072,3.02256692174419,2.29037744001668,0.0330120343719522,-4.65632231518281,-3.61817032539974,-3.09442352692854,-2.8756087989846,-2.98924669976523,-3.3118125986311,-2.68918711209942,-2.51685916749746,-2.37651938555335,-1.79814853973379,-1.47368585421361,-1.74174569587698,-1.93568574745863,-2.08193816917304,-2.01458900736741,-1.98038259810288,-1.88249083070467,-1.6689172365006,-1.51160990647689,-1.43002236681743,-1.3744238756029,-1.37622870533541,-1.43728918590002,-1.60020364172345,-1.76104245354979,-1.72385318546714,-1.62669579692495,-1.82844215487277,-1.25081683655378,-1.22769851847152,-1.25688249962509,-1.2134147765452,-1.11373579270364,-1.00981322792932,-0.924262976605545,-0.842561022810946,-0.791746926388852,-0.773346025070668,-0.750559860245748,-0.783052289351798,-0.81298481164107,-0.826427714907607,-0.83834351032428,-0.905990403773378,-0.550186035237781,-0.799730020604607,-0.745562767479099,-0.657138608558113,-0.763376185220847,-0.944624985792069,-1.25948899489958,-1.11056418924082,-0.914575710293394,-0.812801658663792,-0.732169536854499,-0.809497875370764,-0.883762887740584,-0.888454180077804,-0.871503740076511,-0.851379775281312,-0.808470484765876,-0.779655157186346,-0.721390451407307,-0.67900118141301,-0.704936313331945,-0.833480116325759,-0.824004222641455,-0.807516941004345,-0.801188296875279,-0.78226950361367,-0.759355462781033,-0.729326617949686,-0.695969551007229,-0.647368661009703,-0.692014981502174,-0.728173495149017,-0.762138917380382,-0.774838436230449,-0.764214146406988,-0.781846726322825,-0.794264116348883,-0.801052815199497,-0.803570566479115,-0.803407163394369,-0.812402954422942,-0.819588781806788,-0.826334424584506,-0.826607800819716,-0.837784366354763,-0.84255698298392,-0.84628274297912,-0.848493816512479,-0.849379350102411,-0.85305385859694,-0.898476133804233,-0.911034165353286
"CML69",0.1357593042599,0.400307591989359,0.0432471337315576,1.04499698823795,-0.0456620805637193,0.14470019489323,-0.880652980989776,-0.550186035237781,0.472501291909457,0.810229615729571,0.786615728168508,0.251574639495799,-0.0601266125902895,0.359557484765686,-0.433869014530238,-1.01896585286423,-0.673180387226973,0.550186035237781,0.696203541899834,-0.550186035237781,-1.9365398336725,-0.534090363044094,0.894088603255957,1.02128274826216,1.24787508570004,0.752782479653912,0.779760755592883,0.444177748043981,-0.433869014530238,0.287182477071437,-1.21065567398101,-0.0429349044615767,0.903525038400708,0.90329100400019,0.605195939738651,0.0695064733714263,-1.27702405074696,-0.882258209312171,-0.69038313537663,-0.609336632018046,-0.649359210689903,-0.771379851759887,-0.593614494627185,-0.517967703679249,-0.472651138619289,-0.260573839794853,-0.165999302310395,-0.30415352726704,-0.416623549147493,-0.45036246290634,-0.403268576111569,-0.383986297830202,-0.336519656606498,-0.246517537631837,-0.173436095298161,-0.132061876578214,-0.0982949325817508,-0.0992315807513288,-0.1118754887298,-0.166299691883813,-0.216380257790338,-0.184207436446375,-0.157109903726929,-0.155920879696629,-0.0238286170217903,-0.0161627285646342,-0.0198917713264032,0.0141829380878795,0.0585606412279158,0.10328582770796,0.144162001156161,0.168457280692957,0.187186578002416,0.208607269988878,0.232361346963417,0.23199880252621,0.228262284221635,0.234339186658464,0.224122117294625,0.152085520382013,0.41508156846907,0.274814926708867,0.271762348842492,0.260323007381357,0.197841155065288,0.127549386897496,0.104091586203689,0.132330111601531,0.180731782567029,0.221181361784807,0.321134827736189,0.343510934133914,0.290274538310651,0.266286645167747,0.232763148594994,0.204762068165354,0.187835570644461,0.157206294281895,0.103665821352027,0.0499340166194129,0.0507037053221571,0.0841103411452189,0.0818177010866334,0.064930841537937,0.0460195476473908,0.0161877829193302,0.00644670372102318,-0.00632582555885708,-0.0256163147952856,-0.0467290297949277,-0.0830796203016698,-0.116280517715758,-0.149592316974264,-0.152418605926647,-0.118989058927224,-0.110441265466738,-0.100337000323193,-0.0888967735513476,-0.0724671618706924,-0.0655123057408218,-0.0505216264332331,-0.0399853579047943,-0.0293730042422308,-0.0233416842803906,-0.0200336488064832,-0.0163342379739337,-0.016155473771084,-0.00597198240202101,-0.00624837353645002,-0.00499880459025637,-0.0445773192361594,-0.0530819141506752
"CML91",0.163150834406982,1.41151634215706,-0.289889031905753,0.829199222457539,0.16691916395981,-0.259301415480086,-1.25675107867302,0.198740484735103,0.0639730513556565,-0.611156632840205,-0.763432540700372,-0.452810875808804,1.17567186065927,-0.883970146130975,0.763432540700372,-1.28546414903254,0.320153960930415,1.86884892689542,-1.21065567398101,-0.834304194079262,-1.40857669938846,-1.32763678843521,0.44793378977018,0.42907553671445,1.37824241316269,0.103262647428321,0.191224235965918,-0.689529276661608,0.653089423829604,0.96286268399541,0.181258875917562,0.990524524326483,3.23868636713735,3.11508758499239,2.59977759457851,2.41529421949353,-0.699341544882151,-0.132161487540737,0.222839126580897,0.407073135985272,0.311058810729517,0.125103405376963,0.210775142307398,0.284643132983897,0.266699679481839,0.293899562490956,0.0655146595306484,-0.062510632174845,-0.172190373772006,0.106063602064042,0.164829757386656,0.177680633123262,0.189772584327238,0.217308695480277,0.228348227921356,0.234182536928522,0.257657706694015,0.264737975334419,0.300650710062953,0.354215693552598,0.491616772646487,0.700787180526196,0.838156191062076,1.05963128489223,0.882067895287187,0.78016839180106,0.658892470506649,0.59091630992167,0.481976869102109,0.386298650881931,0.290967590888068,0.184264105484638,0.112211000326775,0.106843127053764,0.0989670825329105,0.0885966334011554,0.089731915207903,0.0981098942938348,0.105803765168349,0.0682792483846246,0.570272115143842,0.169613164526993,0.10096527014089,0.0765709234242908,0.00546850486071015,0.015328193906464,0.320841015763116,0.218110489126067,0.0941788704210842,0.0507265106043078,0.143905136990363,0.131060000429201,0.0266553638380533,-0.0182984888796495,-0.0526390245493396,-0.0888633418687524,-0.109815318707254,-0.142630825933065,-0.162045495601621,-0.160750196663284,-0.124939306739284,-0.173351302172685,-0.228379451262715,-0.242862991761569,-0.248923673305842,-0.247390583505346,-0.245159655811232,-0.253414561472364,-0.258710982863971,-0.255799832451907,-0.306484549000239,-0.342427648446641,-0.351816098347077,-0.367529264661998,-0.385652206354171,-0.407136650770352,-0.427905921423306,-0.440409828571237,-0.451845822677321,-0.460133900800388,-0.469392966257513,-0.48797942066697,-0.496695044208205,-0.502918148213418,-0.50192702146091,-0.504340479010537,-0.504915260533098,-0.494575665615017,-0.489185001363227,-0.476090270767946,-0.424424260299346,-0.377652035488361
"CML92",-0.0776085690289768,-0.195410343233035,0.198401941630081,0.343063446995447,0.292634548770295,1.14558646847576,-0.0211749329538499,-2.70408313391126,2.21177192545526,-0.611156632840205,-0.763432540700372,-0.452810875808804,-0.269335868086709,1.21065567398101,-0.71825067121788,0.491196221367693,0.374005977474255,-0.729405875748817,1.1097116811366,1.26609393971761,-1.25464093236052,0.879534294528888,0.0515201163051877,0.612163963400766,-0.000545640227500255,-0.359817275687595,0.0697072342666003,-0.201721726275871,-0.570272115143842,1.24718746741375,2.11715641174795,0.341301375746541,5.98023320858521,5.97378990979434,5.33933733403894,5.03974731503077,-2.0636676924356,-1.76506551208387,-1.3453312028753,-1.08174017608202,-1.18877868231556,-1.47284521876767,-1.22657713096992,-0.970462523824253,-0.786516048835801,-0.49645930859208,-0.624235968559745,-0.904597536515079,-1.12608925497494,-0.913827890871698,-0.765712965718392,-0.711361327687654,-0.632038635703759,-0.529344682281026,-0.450945176669811,-0.401639131351312,-0.334420720727528,-0.329829269423612,-0.317267661254043,-0.340559877550224,-0.302100871502904,-0.165462501853875,-0.0445627318919345,0.0985761158382326,0.280730496464228,0.258498541880113,0.217037749737907,0.153425078063757,0.0665304220670371,-0.00199815296988426,-0.0788325856021278,-0.126554479224128,-0.17139545546317,-0.130835840313644,-0.0866177259481097,-0.100936219851749,-0.112137278229051,-0.111218269356528,-0.0657893963709709,-0.209959960490966,0.883970146130975,-0.00844999733135809,-0.0218231960917047,-0.0324919808574792,-0.266096646238327,-0.422270097644624,-0.0582610340272075,-0.170692379579171,-0.270302276080319,-0.275595320593507,-0.0418648413888189,-0.0412717501519692,-0.0959635922726564,-0.110576257988903,-0.114023126775294,-0.122170691035298,-0.101226792685746,-0.072464579425932,0.00493498095144651,0.100665481899243,0.133999018038417,-0.0662004127388388,-0.0752287981007361,-0.0470568728959848,-0.0146641608287137,0.0316218180997396,0.0694513957733216,0.112966794785861,0.160386880283141,0.217132312443248,0.205701690290191,0.19959296371506,0.250052276386634,0.248111264069493,0.19693014787245,0.180252138179506,0.152285425276276,0.134683425469521,0.115220450236923,0.108364519455445,0.108404742554564,0.0916192549056274,0.0918864652588143,0.0929614614211032,0.0951604580216154,0.111874544008999,0.125114464535767,0.146141080907448,0.171952665432892,0.207768131901219,0.38244309694831,0.50452405534993
"CO255",-1.03575499490315,-0.809116235458471,-0.872333284286069,-0.993171235471482,-1.50764914626558,-2.40186392729365,-1.49669750129736,0.433869014530238,-1.14701384088152,-0.611156632840205,-0.763432540700372,-0.452810875808804,-0.510660161724907,-1.97785377045181,1.01896585286423,-0.685306255956671,0.405657265960192,-1.36825306468233,-1.97785377045181,-2.11715641174795,-1.83152818503907,-1.39126863060308,-1.57422093349905,-0.402533373358465,-2.6456118389803,-1.90520375306778,-1.6185528101707,4.76649996873774,0.834304194079262,-2.70408313391126,-0.674489750196082,0.323158322823721,-2.28029582945474,-1.89348323987868,-1.93254343210861,-3.82154276078866,-2.80823004607132,-1.91565528648185,-1.64856289229311,-1.56560288360125,-1.63184668802106,-1.85226281126733,-1.44275699425779,-1.60375080304271,-1.75843493853661,-1.46999273097973,-1.21520958068014,-1.30396522491439,-1.37769748405585,-1.48044238211342,-1.51835959041348,-1.5450310298635,-1.52531867457719,-1.39265425793186,-1.28320256294657,-1.24599823441764,-1.2362230002116,-1.23154872384685,-1.26260199796636,-1.34893538049993,-1.40665542134698,-1.27429664677238,-1.17093267832741,-1.48641061058635,-1.13026576202222,-1.17250682589982,-1.25464605118013,-1.24057260746369,-1.11558311685422,-1.0184816651987,-0.932190951524629,-0.887660676531713,-0.859963630348351,-0.876829185369208,-0.889048934640507,-0.871047298419392,-0.853023973922188,-0.808583589766068,-0.939520368354783,-0.976053714172447,-1.04825627769741,-0.782543605497982,-0.92366948737077,-0.988743296828839,-0.910620914296876,-0.920957006066139,-1.28774805102666,-1.10706550825595,-0.892387246962929,-0.783903012912256,-0.723537354518329,-0.660471683454165,-0.720728729990418,-0.725043205360233,-0.73512658102931,-0.747520348484592,-0.755182564047555,-0.761408800133506,-0.763220333132628,-0.792555117730176,-0.831512597033883,-0.80008673487178,-0.770205008487781,-0.781142069531379,-0.786909351359462,-0.797823621380194,-0.800718043403092,-0.805636226983205,-0.804534749536547,-0.806551064441266,-0.896455203641155,-0.967869542248416,-1.03647858857,-1.05005920226022,-1.02132487932756,-1.03066437263484,-1.02587095024742,-1.01978557670277,-1.00875354508305,-1.00890121623184,-1.00573063885179,-1.00788398251318,-1.00778528153253,-1.00612390028319,-1.01103608150908,-1.03278725564912,-1.05576694139599,-1.07183892592533,-1.09465755639757,-1.11399287530754,-1.2818972499347,-1.37886954861687
"DE2",-0.814680604881786,1.26459388819453,-0.51939783973779,1.2224364794994,-1.32390499423213,-0.851790783466984,0.190779827762374,1.32572287710879,-0.383948740591053,-0.611156632840205,-0.763432540700372,-0.452810875808804,-0.510660161724907,0.631984110269536,0.653089423829604,0.129123061942014,0.356817776338849,0.674489750196082,0.094568546305323,0.71825067121788,-1.12643004480914,0.492497193286911,1.15562675575022,-0.639211477748138,0.232407246131893,0.0917780488999376,0.917656244277229,3.19218291175738,0.696203541899834,-1.28546414903254,-0.377934231521411,-0.00858444884039585,0.792116021185515,1.23795142855481,0.750692827612006,-1.77565662357145,-4.14255133193006,-3.3141507403477,-2.96949209550383,-2.82970440642548,-2.93847777051428,-3.19840587919904,-2.56507481032501,-2.48362747176996,-2.37450449806921,-1.95535487964859,-1.59996589018324,-1.75745602653771,-1.8575891437157,-2.15925659125633,-2.17119320995068,-2.12900452036267,-2.04572659526685,-1.85479851859109,-1.71848325243199,-1.65487485606773,-1.6383064801383,-1.63938597458182,-1.70546213897641,-1.85677005045371,-2.06192587960484,-2.11186058172527,-2.1026190600911,-2.67440028373968,-1.98656088455123,-1.89909779201762,-1.86077762127536,-1.76813711458256,-1.60658282778087,-1.45403282534996,-1.31775082875539,-1.20193722933035,-1.10641132467735,-1.09781476168045,-1.07954395246995,-1.06411185178967,-1.06173067855974,-1.0411193713501,-1.12282558479284,-1.13086138344422,-1.56990009216296,-1.04692293725124,-1.08063528540221,-1.09301235041864,-1.09510702622499,-1.19236303511943,-1.64384666403526,-1.4116426745225,-1.15202986805191,-1.03545002414843,-1.05410386119624,-1.02718200798671,-0.962698039787031,-0.913687466212852,-0.854169845809058,-0.806493113859965,-0.745175852128534,-0.680097406497923,-0.612903442361358,-0.596411536875172,-0.632365936098401,-0.658270350218428,-0.649361564161575,-0.633419001437239,-0.610038060288024,-0.597152808884913,-0.583880038826832,-0.578946856669314,-0.569840618521692,-0.550831830583833,-0.601409765856351,-0.636595696979148,-0.671902992961852,-0.679838064215434,-0.656690115809645,-0.653339073810325,-0.644285435390414,-0.639135754203333,-0.6277507633081,-0.618120028563135,-0.604304543385634,-0.60287419479465,-0.594742245006382,-0.584563439786367,-0.572337192102319,-0.573109387462127,-0.565540172287144,-0.548257103116808,-0.542676085747209,-0.52510464650243,-0.552590645915361,-0.547269405113676
"E2558W",-0.789794348554784,-3.67634497409791,0.0302815896326127,-3.12240030460021,-0.781774021997394,0.541924644125041,3.23387058022817,-1.36825306468233,-0.0833900380509327,-0.611156632840205,-0.763432540700372,-0.452810875808804,-1.56990009216296,0.59059096426631,1.56990009216296,2.11715641174795,-1,-1.63171411090351,-0.146455719262031,0.611156632840205,2.37183778381803,1.63029994549145,-4.03357303888694,-0.492104126498297,-0.631915399081706,-3.81306921954203,-3.79153592189984,-1.3093148966299,1.14207064165905,0.233892426225297,-0.0601266125902895,-2.70408313391126,0.650114508450747,0.00515653658513981,0.649030984026556,2.64623170270265,3.80227800758933,1.05272978303434,-0.0938077006078533,-0.529919601349948,-0.302763719151809,0.240237966758089,-0.107800350908132,-0.234533258898102,-0.192121531623918,-0.608171209721581,-0.310494288932288,0.0546894234897091,0.409261537954179,-0.0862697691527805,-0.199106432301524,-0.209770826404805,-0.285044455446812,-0.452236978204368,-0.565638426520347,-0.622112759248369,-0.695342442194062,-0.708051570704433,-0.756481833671067,-0.776499521886306,-0.9667529795857,-1.40938960617492,-1.72215703646158,-2.14000263830832,-1.8499006871219,-1.6381910685664,-1.41442491350036,-1.29881741595865,-1.18872098230675,-1.07637231905714,-0.946860510086875,-0.793450125166415,-0.664866062540492,-0.663775560234639,-0.653879231499619,-0.592749094635301,-0.553983990071495,-0.52663093758642,-0.577127867025923,-0.470821603530613,-1.63171411090351,-0.61702288881075,-0.59357534774135,-0.639269259604314,-0.483171255745791,-0.427518362088875,-0.894684524147986,-0.718758235881853,-0.543088144285572,-0.492346196831785,-0.714760662184201,-0.584651946237961,-0.278862586846067,-0.1457107261832,-0.0360159184345459,0.0611806318247552,0.119469997713723,0.198479165039981,0.26371608099779,0.30657176126074,0.281485169357182,0.323672216496212,0.342116126382801,0.348497813539417,0.374161994466075,0.383794915071304,0.385880947186761,0.385513296994782,0.393105126834918,0.391159983916182,0.469951496098411,0.52440519915946,0.570498511785113,0.568257201239722,0.537110381270531,0.530954425701102,0.529661500742434,0.514660145325852,0.501607318320269,0.481730292337553,0.471019790385529,0.451979494435086,0.434429412483182,0.411870219922627,0.402516969147239,0.382377422283553,0.370113499722,0.348051661900555,0.327614416527981,0.315269978324822,0.311689673717847,0.284081417758719
"F6",0.0535853680454677,-0.658806174690792,0.129623752363365,-0.54822336918142,0.287659723142745,0.208291401304747,-0.476722522817343,-2.11715641174795,0.188511606623626,0.909637531305094,0.674489750196082,-1.41341326833765,-0.0945685463053228,1.56990009216296,0.510660161724907,-0.510660161724907,-0.174102193385186,-0.269335868086709,1.41341326833765,0.935918660781145,-2.31774307504796,-0.578873710531609,-1.38522879604626,-0.499213814086758,-1.52263191006346,-1.19574118576222,-1.55567182113842,-1.69930775462388,0.00858444884039585,-0.129123061942014,0.216283046469253,1.41341326833765,-2.17109269167319,-1.94191511532103,-2.20218678450894,-3.64072390144541,-1.55137254146276,-0.628149966243818,-0.368268636092579,-0.327927144237473,-0.35546789023323,-0.485114240902631,-0.246238568702976,-0.267176684904407,-0.270886392461003,-0.0916468788209757,0.125019362976964,0.0670782369058953,-0.00212246237697999,-0.202352429189652,-0.204603611332907,-0.18587471040802,-0.163703807469807,-0.0821661417245337,-0.0227610203624693,-0.00272755281193282,-0.00908766316014931,-0.0117728031787762,-0.0516670418396571,-0.135208509375818,-0.255788191101676,-0.325295616639914,-0.388147417177258,-0.661450428700759,-0.43628666187007,-0.383090012063825,-0.339483357658466,-0.246828908527051,-0.118060588182203,0.00314989755075246,0.107829155678298,0.194209264635326,0.257530150150456,0.269914708108959,0.28605689557682,0.330840492047524,0.372271370303026,0.396855370623141,0.329876669799662,0.320803365187575,-0.129123061942014,0.356489326254537,0.282753636211881,0.224624417632105,0.263094026621134,0.242268707041002,-0.011820050469827,0.0933339273859695,0.229165615633505,0.289271885928034,0.294541500812486,0.354305527606697,0.364250847093437,0.371931728083637,0.379958851052259,0.371541275069712,0.335627816619365,0.275537518118673,0.192233736010922,0.115548493038937,0.124744363671885,0.279216489404056,0.27245903165336,0.236562697290545,0.19581466263227,0.15493532260188,0.120215574563624,0.0802889941506064,0.0414228460222617,-0.00899403323058823,-0.0490434685553234,-0.0871652198942562,-0.142214088698987,-0.14125755730044,-0.0944722233388239,-0.0828619578146929,-0.0607600805305204,-0.0432575246828261,-0.0259810763451985,-0.0133759135436808,-0.0017647933350281,0.0211549361796401,0.0283916671010678,0.0313623002220622,0.0350696030130058,0.0370931298702579,0.0327084938638991,0.030818834854845,0.0259584622245543,0.0146639076920554,-0.0946876589983161,-0.16223755198682
"GR3",-0.526870737294376,-2.03282123871892,-0.326486606754362,-2.33349481294646,-0.271511629660623,-0.955649195138175,1.26966841047692,-0.786615728168508,-0.988119719461154,-0.611156632840205,-0.763432540700372,-0.452810875808804,-1.17567186065927,-0.71825067121788,-0.674489750196082,0.570272115143842,-0.336594695356535,-0.0429349044615767,-1.41341326833765,-0.181258875917563,0.0656615725035401,1.72385697929113,-2.57644974866454,-0.231875770666418,-0.326836795895248,-2.95767953213559,-2.46524647840616,-1.332683831378,-0.707184137541987,-0.396439512633857,-1.41341326833765,-0.233892426225297,0.703129138800927,0.345422990774994,0.57039096940845,1.67594723958008,1.73639251561523,0.874845163062014,0.528339905999282,0.417146197907351,0.498128901904329,0.716604637957545,0.459838186836123,0.368794464373237,0.297450021585331,0.0587668476220751,0.0223388832151725,0.181307470421238,0.30667293204145,0.350923609112667,0.314719360599868,0.270386791004194,0.205378677726614,0.0861407529939133,-0.00266007153636205,-0.0467470249933701,-0.0733646258470692,-0.0803739793864601,-0.0692003844674103,-0.0135839644633962,0.039203080290217,0.0369721140995036,0.0282678042774311,0.152554561870349,0.0132070667661985,-0.0160863766370343,-0.0452552822831541,-0.0864569405552887,-0.149414599136956,-0.200981727405839,-0.238742095297072,-0.268930125457435,-0.28922644872295,-0.314924974279898,-0.344660651237668,-0.380003754759335,-0.404636177461607,-0.42484702764032,-0.397605275186263,-0.33915165739013,-0.491196221367693,-0.421365391769819,-0.325169795081018,-0.226857029765563,-0.178264116933782,-0.145624293918681,-0.16581057192302,-0.189214470452818,-0.220642450850999,-0.253664266400943,-0.332280278293081,-0.380130736252117,-0.391585948065537,-0.38879911278336,-0.375998457559155,-0.367283562751886,-0.346591815990898,-0.333652659349526,-0.315196281028638,-0.291542103486,-0.301113694773954,-0.333343441803624,-0.302353859676413,-0.297554785332016,-0.300019836243348,-0.305913446766884,-0.298233253275443,-0.288479982700909,-0.270813002255038,-0.255881660464948,-0.289231441698886,-0.320439376040968,-0.33781560052801,-0.345018788037878,-0.345747963171017,-0.35099876632644,-0.351217300213606,-0.352887732898041,-0.350053624072902,-0.350814550284276,-0.350084760607316,-0.35085759123548,-0.349235584814255,-0.347863124094557,-0.347508595107238,-0.353781033878566,-0.348897606387757,-0.350468469065932,-0.348064389921553,-0.350695717559859,-0.360438090087147,-0.369978768234789
"GT112",-0.248033457920826,1.15603218311073,-0.678660977188801,1.70872353537207,0.24908277576949,-0.163695068474486,-0.906652642459047,-0.631984110269537,0.836583339475087,0.0257558775277432,1.04825627769741,1.04825627769741,0.163832490283551,1.36825306468233,0.233892426225297,-1.07847480902485,-0.00798374076663833,1.51356191643183,1.70047776180866,0.883970146130975,-2.96360762721018,-0.212784988182904,1.42377728848207,-1.43378043894534,1.37407092632914,1.50868443014898,1.30984895610214,4.96152444488918,0.287182477071437,-0.198740484735103,1.01896585286423,0.935918660781145,2.01118203284995,1.58473556177822,1.65994112263361,3.58286282501947,1.9769109111947,0.654584032867135,0.124311050377873,-0.113364960420492,0.0088169194726293,0.317831708399423,0.0257074580389076,-0.0401122433194117,-0.0415422246188092,-0.0967335423693836,0.0100328321632632,0.111908145265509,0.245795309555766,0.148971214673049,0.167565550024819,0.140802310077203,0.110028029644444,0.0439601556972753,0.0076039935924137,0.00766607427546684,0.0198807477961029,0.0216692582379323,0.0241586705406371,0.0271068679543405,0.021345538581047,-0.0311228215886331,-0.0248446208323077,0.44268539024441,0.215333577950053,0.181384357986781,0.159588435846497,0.11506127601775,0.0573284015819913,0.030109203763709,0.0155030764008579,0.0171173013451993,0.0057111675631305,-0.00802776328221211,-0.0259009165248012,-0.0887854460487094,-0.136753447972052,-0.169633515756914,-0.130720564703938,-0.130221194940337,0.146455719262031,-0.179927818795549,-0.0770654667931008,0.0786248987926985,0.0243907934952607,-0.0712004312003343,-0.228034177209174,-0.194796671805869,-0.13333285463775,-0.119532895847112,-0.121027194874855,-0.230162592746403,-0.363626789706479,-0.407342646583826,-0.435942558585869,-0.476784542490334,-0.500441542422335,-0.56071435728417,-0.617609997635265,-0.672293214566225,-0.674606373877808,-0.639087624490541,-0.676160345993527,-0.711109353805543,-0.744156495004393,-0.775341351016776,-0.785429290914832,-0.806836040641607,-0.815882341068989,-0.822594391080787,-0.931510782260934,-1.01302169111086,-1.09682775072696,-1.10925144864241,-1.0725049741762,-1.08465462112202,-1.08598560109538,-1.08149127600747,-1.06851696371097,-1.05823485640482,-1.05501641834284,-1.04759901936996,-1.04292557636213,-1.03669296271792,-1.03892624137143,-1.04204586124762,-1.0440006343656,-1.05031379960478,-1.05132277298324,-1.05796190422566,-1.19800443527841,-1.2459745502211
"GTAT709",-0.655128164386284,-1.05138134700243,0.210667908267743,-0.37116893674544,-0.743253546443579,-0.0315870194246322,1.46037747378008,1.28546414903254,-0.911607303693738,-0.611156632840205,-0.763432540700372,-0.452810875808804,-0.510660161724907,0.323158322823721,0.935918660781145,0.653089423829604,0.348570872352635,-0.729405875748817,0.858872326088155,-0.696203541899834,2.17788068752341,1.10072562937739,-0.0515309471901163,-0.628121416908998,-1.58519213909195,-0.392981961677539,0.0984361603099442,1.93262082137984,1.51356191643183,0.810229615729571,-2.70408313391126,-0.674489750196082,5.27462722573105,5.09648196710085,4.68161706971739,4.24331601011863,-1.32588548594,-2.13828235782713,-2.25601448265917,-2.24249367071141,-2.25105715106701,-2.28906152023795,-1.97149785389909,-1.77544100490983,-1.50537598170806,-1.29611325437726,-0.938455219433645,-1.02322559457148,-1.09256144982929,-1.44474866186691,-1.32681596005246,-1.23781970147257,-1.16036095153751,-1.07933063362018,-1.00653324544451,-0.954865452283829,-0.925157164920588,-0.924585797005045,-0.970073838649497,-1.0688108706367,-1.25655808974377,-1.49349325611884,-1.63880387704152,-2.04873723588391,-1.4269003561497,-1.23747419080402,-1.06274829936549,-0.975330830248434,-0.89054153349983,-0.793485928630965,-0.713261753788447,-0.597001912371287,-0.517707414770213,-0.469515761551107,-0.411721054119995,-0.377804827318777,-0.367211693111597,-0.354245120213297,-0.354067930320698,-0.436327202892757,-0.341301375746541,-0.381177028501308,-0.352623534683416,-0.395085045983429,-0.505190615689449,-0.661522309064139,-0.830064220483327,-0.744570034861516,-0.621383248558819,-0.545028311867064,-0.478896829344115,-0.400032344674384,-0.251419220319219,-0.183702351799924,-0.134636133600583,-0.0772671827110313,-0.0214591888774073,0.0406474197831048,0.103009460426625,0.177637845424806,0.181786895260227,0.0773071933395464,0.0999734868088036,0.124925736312687,0.145590792691038,0.171860567827518,0.196988050105068,0.234203722399315,0.270070043181085,0.30910462655214,0.351315558777547,0.38592418958424,0.439771557394634,0.447715899955492,0.406665298307682,0.40455309369274,0.396972591586175,0.389484024657849,0.377566946905542,0.368931533766995,0.362754363773166,0.357288601256499,0.352182776979432,0.347362908244728,0.341192390743449,0.342338539871114,0.351319680151091,0.345982530957022,0.350433694881936,0.357781099156774,0.446244678192686,0.485797102411994
"GTAT823",-0.309228066719737,0.335510855222162,-0.504340150056955,0.674848319168383,-0.522144369149511,-0.6055264711054,-0.354226093911585,-1.14207064165905,-0.551541589558141,-0.611156632840205,-0.763432540700372,-0.452810875808804,0.198740484735103,-0.858872326088155,-1.1097116811366,-1.04825627769741,0.85824805681733,-0.729405875748817,-1.01896585286423,-1.07847480902485,0.520961277396919,-1.48026991114245,1.0277777648823,0.0215372311844131,-0.0878321839035454,0.885173152762561,0.866414220274212,-0.293770705495945,-1.1097116811366,-0.909637531305093,0.696203541899834,-0.0945685463053228,-0.992417557607199,-0.430846664288987,-0.758785957935351,-2.76247964853139,-3.29064329581895,-1.58873911466845,-0.909641011483419,-0.647295310503659,-0.807692036711799,-1.18695520123607,-0.793759278722433,-0.771142402041895,-0.80554876727962,-0.52829675681829,-0.553817057218938,-0.748846658697965,-0.936868581459598,-0.776079194011162,-0.762777160059683,-0.746302191667644,-0.689880456883814,-0.562693598082391,-0.475256016917086,-0.440883676871283,-0.410118916358028,-0.404382135130634,-0.401442336418662,-0.43027274023569,-0.410231489324369,-0.235314975228723,-0.101339593096879,-0.239853365637,-0.128912361285377,-0.187104592840104,-0.266367050865638,-0.295357049356343,-0.289715872587152,-0.295147334594851,-0.324144817861609,-0.361074603024718,-0.401213291088728,-0.412443557649365,-0.429550149007032,-0.476423523032877,-0.514242819271248,-0.550179820771027,-0.502424398785603,-0.488247569436551,-0.163832490283551,-0.559258586543336,-0.464865688012506,-0.385702318496557,-0.427546482528998,-0.45553225035949,-0.385660538911692,-0.422042563154344,-0.456525054821626,-0.474224157723098,-0.452298321475936,-0.556522114519866,-0.658918718652414,-0.691739280152571,-0.711812170978001,-0.716936195490165,-0.714539295005759,-0.70714235673793,-0.672774225502107,-0.634577404267146,-0.638156065579906,-0.678717110743257,-0.673825291079292,-0.655929372737788,-0.641152311392846,-0.613398280954351,-0.593131596964292,-0.570125337452399,-0.539585105951646,-0.500507984536971,-0.504847528298189,-0.502511290711838,-0.493414908027311,-0.491414873410396,-0.496042670938842,-0.493705477289916,-0.499333031675964,-0.50096158560353,-0.502531113556886,-0.497966207522414,-0.505169942915981,-0.510136440065452,-0.502331864634795,-0.494761353286841,-0.490555374883825,-0.491471372233619,-0.481316198931252,-0.473966047419505,-0.46351887796135,-0.449653935089705,-0.414068013269436,-0.379479853628264
"GTCY2",-0.486871582286067,-3.10553979430546,-0.293323193385201,-3.54705363776234,-0.194741172323644,-0.152958749195242,1.86794873715294,0.181258875917562,-0.970988171206479,-0.611156632840205,-0.763432540700372,0.305121032902364,-2.70408313391126,-2.70408313391126,0.181258875917562,1.32572287710879,0.00875406218167329,-0.11182911219004,-2.70408313391126,-2.70408313391126,2.46405372973069,1.19370797030708,-5.52913427211007,0.561600437692606,0.226431014210797,-5.3822457094443,-5.74248575194923,-7.3824079060075,0.181258875917562,-0.530319525843568,-1.14207064165905,-0.786615728168508,3.0592833311432,2.6812046238756,2.61415007394741,3.756802108644,1.15422027681128,0.234116712748313,-0.0224403769210708,-0.08544707420671,-0.0419507548929533,0.125138845384456,-0.0128333480073382,0.00567117920453897,0.0613506862394537,-0.0206811372735181,-0.0774791565906895,-0.0621916682988637,-0.0175549203037032,-0.0301114643813681,0.00267774210782368,0.00881617326005157,0.0000748509472026093,-0.0389787226615107,-0.062486147401043,-0.064671373187137,-0.057947344409917,-0.065404078756043,-0.0607170369630089,-0.053524612118242,-0.0460707641004766,-0.0720182739374586,-0.0740276704408446,0.0851331587634967,0.0681139040640364,0.0703535879408308,0.0737267793714829,0.0582808757076347,0.00743570351906464,-0.02891181840528,-0.0512562887756748,-0.0704953969715245,-0.0778515172274075,-0.0688042906963584,-0.0578687745592311,-0.0631357775781961,-0.0657708491243114,-0.0621099624383653,-0.0513748162721662,-0.0803978687872343,0.216283046469253,-0.037985603855589,-0.058695525506452,-0.0672150300792433,-0.149564017539524,-0.203476338637558,-0.112412658887541,-0.131565688011337,-0.152271123266895,-0.151913984540638,-0.0867064536378491,-0.0694604123226502,-0.0793079971716107,-0.0883467693737601,-0.0896846490104197,-0.101165133718257,-0.107276634616717,-0.123411182286659,-0.129295858367863,-0.112956556204402,-0.0996594908236644,-0.147669644882388,-0.170512095582182,-0.178114621670913,-0.181636922719794,-0.183283325794248,-0.172367529365163,-0.168189891576345,-0.158304125764214,-0.138379464800104,-0.179781973774018,-0.210587078491713,-0.197500114847991,-0.207407348229724,-0.23309829382485,-0.24579915600546,-0.261509072139777,-0.270442146280396,-0.278988339957933,-0.27712280308889,-0.283419351030072,-0.289567548307949,-0.288229185400274,-0.28225230267818,-0.277313183392618,-0.276357970280781,-0.266064129665178,-0.25023043166158,-0.23392164046361,-0.209411666241265,-0.147241571850764,-0.101301803894464
"GTP50",1.14594029560006,-1.04569605637262,0.759729072146623,-1.45120145810234,1.94514617001513,1.70350779360459,1.29747462394969,0.990524524326483,0.126986743788836,-0.611156632840205,1.70047776180866,1.41341326833765,-0.834304194079262,-0.452810875808804,0.883970146130975,1.21065567398101,-0.00642658460764056,0.59059096426631,-0.909637531305093,-0.0601266125902895,2.49986272307973,0.946297625557148,-2.37541597696938,-1.08272757753541,0.358716098174533,-1.19492274590557,-2.03235093810621,-1.56929911418448,0.763432540700372,1.17567186065927,-1.17567186065927,0.611156632840205,-5.39308110676107,-5.77562254373241,-5.11662775270393,-3.5608855053556,4.32183941283313,3.84302443983636,3.41236216582548,3.17993742619648,3.31005418572411,3.64860392830487,3.09160015024408,2.80114833676958,2.52716362273189,2.00508196516379,1.79023891096462,2.10819238998689,2.32522907365426,2.49310913173735,2.35209127716151,2.27672196101278,2.14688710182826,1.93130440980653,1.77341415941639,1.67039584905384,1.58617088625899,1.5855690526511,1.63005526308794,1.78749767881118,1.93608276186854,1.87793177965829,1.73793696849937,1.87544468369498,1.19306134517909,1.17084252381015,1.19626086251973,1.17570341809832,1.16098984218281,1.1352199438675,1.11459239194304,1.08141820785361,1.06267726889674,1.05038325059707,1.03699597651389,1.15657461033361,1.27226124973898,1.36081673961763,1.29101512346863,1.34592538242828,0.653089423829604,1.498725770174,1.27611142601871,1.03773372024002,1.22678487214507,1.51226009955675,1.76543573394189,1.62674678082764,1.43506057133901,1.33400703202937,1.25045414099923,1.45839771881072,1.56786408671416,1.57222348480417,1.54991704247132,1.52639350282416,1.45518698404584,1.36880285959376,1.23638456471633,1.1665187523818,1.24564145912706,1.37573172777123,1.32210424193559,1.25259495552916,1.19156286089497,1.1270952188219,1.08007296325932,1.02876704497934,0.970087472724175,0.895915322832343,0.883591112359392,0.867625131011703,0.900030725531938,0.889107778205015,0.829623061417723,0.816500133324447,0.795689679046455,0.772886575472169,0.74770037384256,0.728584859946019,0.709605849220172,0.690218558491133,0.664654182604837,0.63795565819296,0.623147028701297,0.614409112914501,0.589263336592434,0.58726856561058,0.568330324644018,0.560539964011558,0.60973907542706,0.630298394325654
"H105W",1.2254102990557,-0.724229916801901,0.795295061350186,0.521873275678994,1.27795899033512,1.17875742145011,1.30513410508056,1.21065567398101,-0.985875179430593,0.763432540700372,1.97785377045181,1.86884892689542,-0.510660161724907,-1.36825306468233,0.696203541899834,-0.41508156846907,-0.0920140195128586,1.07847480902485,-2.31618911585471,-1.1097116811366,-0.386995593232115,0.308426679816014,0.0512422559687697,-0.61361200679377,0.964200964022324,0.756282020027498,-0.0521051347057188,-0.548220608495136,1.24718746741375,0.59059096426631,0.786615728168508,-0.858872326088155,-1.95820495334588,-2.77674384471246,-2.01131276252708,1.17664777088453,6.15527659628035,4.16944764168796,3.24009028589922,2.83096969900868,3.03513923052244,3.58025992200841,2.7754215043124,2.6280251211649,2.59268578681503,1.95274615417754,1.75188892082592,2.10881595239528,2.38140251480811,2.29341830910016,2.27761677115222,2.27629928969501,2.18422135573277,1.93690310051086,1.76239173602649,1.67737134551776,1.62187842043215,1.6313460935702,1.69733632041341,1.87214134705173,1.99314154071321,1.78268856856092,1.55734982725684,1.87477273114446,1.24403558605281,1.29430030182371,1.40992873891386,1.404726182741,1.31442549267447,1.22250875577057,1.15974324656157,1.11339386875685,1.08324423660765,1.06684439311221,1.04523142438399,1.09077919213073,1.131979700422,1.13800381023188,1.13448013528469,1.18144241977563,0.510660161724907,1.12403081392841,1.08574838383463,0.981322478288039,1.09358321252941,1.26673572703633,1.53774675389944,1.42840138887524,1.25577896224352,1.16068486312281,1.06498495844266,1.21774104472447,1.37752674158979,1.39367616064383,1.37641501285931,1.36099384364601,1.30601033487379,1.26408845104224,1.18970785048439,1.15127151886837,1.19696859369235,1.25025514427869,1.22704235284001,1.19482374892251,1.16025812557343,1.13053348213617,1.10368223124792,1.08009756908485,1.03748631751692,0.988356875720876,0.994758412120355,0.99093809574228,1.04075099919336,1.03176246382279,0.97036545589267,0.959438609073272,0.941673437800212,0.921137807122345,0.902896138713262,0.887762851832159,0.877204421031499,0.867692971429692,0.848581659198588,0.839503261832907,0.828711795799709,0.83516470533204,0.837780302721108,0.834979069461476,0.831336829634545,0.838161054451544,0.955447879530528,1.00148153785135
"H49",-0.713993277085165,1.18628979382915,-1.04427771668139,1.21919554448472,-0.610239577843693,-0.221718191254953,-0.353935109308728,0.611156632840205,-0.976838163616661,-0.611156632840205,-0.763432540700372,-0.452810875808804,0.491196221367693,-1.51356191643183,0.909637531305094,-0.685306255956671,0.316058136496795,1.01896585286423,-1.51356191643183,-1.36825306468233,0.266933714737053,-1.15880765986647,1.47169384426996,0.454023766835989,0.906471533517904,1.90233239970257,1.25861878400661,0.662831879537892,0.810229615729571,-0.740652594517764,1.77837390382636,-0.452810875808804,2.09967370935383,2.0910187612559,1.9136830179668,1.63420360414298,-1.06704478633473,-1.12053120692825,-1.04403107049263,-0.979254403050243,-1.02149358537478,-1.08677423842039,-0.963424474029834,-0.9162936399767,-0.864331458695209,-0.747755751886926,-0.768809629770903,-0.856637209357681,-0.898627173387745,-0.847863030454228,-0.830731259816434,-0.824791278035181,-0.802493468615094,-0.760369878377622,-0.736453952218998,-0.716981157884299,-0.699890974316623,-0.704869441928189,-0.719364899262259,-0.749794193125713,-0.768899405884638,-0.715850991807551,-0.634956459562707,-0.621998605039634,-0.418732123214222,-0.428745800044384,-0.461785411140175,-0.49318012187048,-0.52780036826346,-0.550080378964959,-0.582525636131545,-0.602760584177549,-0.626660473156669,-0.637348764207518,-0.656992078267044,-0.738557977004917,-0.811365110579157,-0.874760740557272,-0.811053970975674,-0.808553189479569,-0.452810875808804,-0.941510972239389,-0.78285726876487,-0.638053848419415,-0.732800198400037,-0.837562262459899,-0.889454157703381,-0.845398565664556,-0.806821392094228,-0.800841286022788,-0.803450173454713,-0.975974267109996,-1.12016369957129,-1.17089956225344,-1.1940202429456,-1.21844948336382,-1.20990512886025,-1.21320834293143,-1.19614617747125,-1.19495849311428,-1.21251780601452,-1.27594886165014,-1.29481298908311,-1.28059092998038,-1.27426451847228,-1.25157563915847,-1.23118567541268,-1.21507402027231,-1.18921336632077,-1.1453950116249,-1.20025417692444,-1.22987943505204,-1.26476211567245,-1.26992925474196,-1.24329055653806,-1.24614548526975,-1.25293752186912,-1.24762857376351,-1.23669496285548,-1.22166883565535,-1.21776966014243,-1.22295905477127,-1.19908092063496,-1.18080254112059,-1.17483334537399,-1.15684119311048,-1.13218430754929,-1.10240745500454,-1.07623861602051,-1.04317736633092,-1.02140163847594,-0.96894340537025
"H99",-1.49250623307295,-0.484333691094594,-0.391523594028152,-1.29257617109641,-1.69066079399803,-0.691181441484057,0.760191782476689,0.269335868086709,-0.685485071546792,0.305121032902364,-2.11715641174795,-1.36825306468233,-0.251574639495799,-1.70047776180866,1.14207064165905,-0.685306255956671,-0.993252314420887,-0.287182477071437,0.59059096426631,0.269335868086709,2.59440764288897,-0.325504971045314,-1.20212635430582,0.954571878474937,-0.725092623456338,-1.15473999925529,-1.2289000027012,-3.16534889209969,0.96286268399541,1.36825306468233,1.1097116811366,-0.0601266125902895,6.21798468997256,7.05106915377509,5.609106755058,1.569121678412,-8.48691020090442,-6.27995393418099,-5.09426098319455,-4.54836252104602,-4.81982955373775,-5.5324537967231,-4.48344052463783,-4.06402667666455,-3.73019909982522,-2.75153713552217,-2.44268682547063,-3.00479622935463,-3.41910861960839,-3.45443611835994,-3.33695636272961,-3.26293313317764,-3.08235561109158,-2.70985994365327,-2.44565165729798,-2.29579702280908,-2.19152603190532,-2.20254819796778,-2.29635666703797,-2.57134961460796,-2.81647969006592,-2.65179795423946,-2.40248564732321,-2.75022565308703,-1.77794679935202,-1.79343372249293,-1.8716730777465,-1.84976019059716,-1.72796302105974,-1.58898371151679,-1.48394875878241,-1.36299766572143,-1.27854394964286,-1.21800131293906,-1.14576411931492,-1.16820483614753,-1.20034773011405,-1.1982241789348,-1.21825544573141,-1.36283879820946,-0.611156632840205,-1.24491729581573,-1.24509018891227,-1.18790749757538,-1.40399578604655,-1.73194320748158,-2.08601363642299,-1.88356062887161,-1.58929690167964,-1.41699481372357,-1.22664655910172,-1.3052471524823,-1.32657200533027,-1.26907081285984,-1.1848536196959,-1.11494930648974,-1.01537910308896,-0.905622301831585,-0.717875333090839,-0.593329353900965,-0.642331593137623,-0.788364467189572,-0.777915015253167,-0.723137689575768,-0.644722039543976,-0.559288680690837,-0.515533926007956,-0.463808906740557,-0.406182157698315,-0.335587265055792,-0.288473024327255,-0.247814295562242,-0.257794385677303,-0.258187620344826,-0.255896105536917,-0.262053217534375,-0.272485522375562,-0.27869336293558,-0.293226848716203,-0.297584870792957,-0.309779238987021,-0.322293984158125,-0.34459638584238,-0.361729412160433,-0.380521955136168,-0.403358173526594,-0.420506706516054,-0.445981612649327,-0.452771954698367,-0.467088889859333,-0.521527416415676,-0.528407200869267
"I137TN",-0.196147805506071,0.679729879210192,0.345270675613082,1.61475697398381,-0.617787038363697,0.00375852054838943,0.368577849690156,1.70047776180866,0.209308963825033,-0.611156632840205,-0.763432540700372,-0.452810875808804,0.452810875808804,-0.377934231521411,1.36825306468233,1.1097116811366,-0.666307184649957,0.696203541899834,-1.77837390382636,0.696203541899834,0.115039151904095,1.25674444949497,2.71708023273316,-1.57375261748364,0.134164463414007,2.45178623735053,2.97608665342318,4.89781386695359,2.31618911585471,0.786615728168508,1.28546414903254,0.653089423829604,4.6012764859977,4.80579153082833,3.95518053891741,2.10340424776419,-3.80087910103323,-2.74580549680675,-2.08841656695158,-1.77984358353921,-1.95491298598404,-2.36442833598308,-1.76155135722717,-1.44736152903463,-1.1908663011905,-0.762834696171094,-0.714819525776733,-1.02355726309173,-1.30719414158366,-1.30015099415169,-1.11581955056387,-1.02108348024845,-0.902196930128208,-0.733692029153218,-0.611061757935023,-0.541322456833897,-0.482216043201759,-0.483355297511195,-0.510828850851471,-0.606436285693413,-0.691496511242376,-0.655352926022822,-0.60786867861036,-0.851135718859756,-0.453659666404259,-0.425668473296636,-0.417712348830914,-0.394173892482033,-0.350127194737796,-0.307284714394982,-0.27821760262493,-0.249543070034012,-0.230249188295349,-0.181884388190473,-0.124034202548745,-0.0864817756516748,-0.0578533059422111,-0.0179374309187529,-0.0205487833576696,-0.127484596351994,0.674489750196082,0.0968721312103584,-0.0528472506120604,-0.188744444371537,-0.315054227669978,-0.427859898680458,-0.200124992485674,-0.242065551724247,-0.258996769314459,-0.215947072013362,-0.00511935847782907,0.0676424253772336,0.100313211991899,0.122396927993875,0.146038323707712,0.165748129707641,0.191071117106536,0.231473273820504,0.301856896130224,0.36997016687902,0.399336425647221,0.295558271757243,0.309432205848068,0.331443365259949,0.362169078761303,0.391137871809774,0.419299113097813,0.452239450003592,0.482478263618278,0.516613940772801,0.546273488738139,0.567145527583877,0.63034957918154,0.638884623922655,0.595233931301684,0.595839829766568,0.583640751164969,0.577796452229625,0.562240220999788,0.558589231030077,0.555034689063486,0.548220160940187,0.544951330073953,0.547739812418861,0.544175746246246,0.553266675992944,0.564454842876353,0.58356733616402,0.611947173366645,0.635047615625019,0.815995475191887,0.93714509002367
"K4",-1.31895305988899,0.219786758598319,-0.641259722115706,-0.317949549672959,-1.38459298244139,-1.37567943039768,1.37606916942477,-0.0429349044615767,-0.704412446125634,-0.611156632840205,-0.763432540700372,-0.452810875808804,0.216283046469253,-0.433869014530238,-0.287182477071437,1.46165557642791,0.725747200971683,-0.729405875748817,-0.510660161724907,-0.810229615729571,0.634492547195789,1.45038388852259,0.159403205052469,1.45386668181944,-1.38559478257565,-0.0542134160996049,0.288713922841512,2.56489302041478,-0.305121032902364,-1.14207064165905,0.41508156846907,1.28546414903254,0.799248715311525,1.27474809984046,0.897884073078415,-1.6929129252932,-4.50399578858216,-3.65356742765829,-3.22042099748824,-3.00007832839248,-3.10195811969262,-3.42422048272899,-2.8148774378606,-2.75536717819584,-2.73022378916747,-2.24011992346563,-1.92043878863012,-2.14541420814195,-2.26640590577855,-2.3768078347897,-2.49212851849435,-2.51703373178431,-2.45611285254724,-2.24967304609803,-2.09763768293304,-2.03589560118431,-2.02572441268219,-2.04241345773939,-2.1384535713147,-2.34212637634558,-2.57611045493294,-2.55309552213461,-2.47045308886138,-3.08641919995233,-2.30618967914482,-2.25909284217535,-2.28181069020798,-2.212658337807,-2.02012092200753,-1.83104312137887,-1.67211238988429,-1.5213417276193,-1.4074055553902,-1.38428082005277,-1.34623687156498,-1.29492843138057,-1.24590427910784,-1.18754054306285,-1.27187144788064,-1.29784476650057,-1.46165557642791,-1.15280494267707,-1.26672173901672,-1.31976428934645,-1.32715588057459,-1.42800322394828,-1.96010933805093,-1.72706904474746,-1.43598908424634,-1.30124870071316,-1.29082347910535,-1.27861080739261,-1.26222270396917,-1.20748688657561,-1.13317677195857,-1.07181292167094,-1.02648483481541,-0.981987273562901,-0.899951710064122,-0.825891097090263,-0.853768014531224,-0.879325995301191,-0.879893557375355,-0.868589993759919,-0.833181394772369,-0.802299614247968,-0.785290589557618,-0.766276807316185,-0.727348723434773,-0.685516820752926,-0.69747618779963,-0.70625298754399,-0.733886141523111,-0.742256983766999,-0.735659997187931,-0.750210109463088,-0.751626555072709,-0.75946045870697,-0.757554736583438,-0.763238855033807,-0.769088956449765,-0.783026625592746,-0.784171305671199,-0.793739358590438,-0.797180256983337,-0.815672817563705,-0.825784785010126,-0.839048321278344,-0.852183144255087,-0.857223224991028,-0.942969729799855,-0.987273350900395
"Ki11",0.780469733822583,1.61673255688996,0.0753842084728384,2.904351688589,0.843152711007786,0.647886320834718,0.330606768707586,-0.41508156846907,1.19320534114237,0.71825067121788,1.28546414903254,0.96286268399541,0.269335868086709,0.763432540700372,-0.935918660781145,0.71825067121788,0.171452477767742,1.70047776180866,0.896729989949441,0.0429349044615765,-0.568731334370629,0.720316462458692,2.7826553722096,1.08824683797162,3.15129228327026,3.7790891779317,2.67753184578782,2.19098899111829,-0.96286268399541,1.07847480902485,-0.550186035237781,0.570272115143842,-1.17136919426098,-1.16547315860005,-1.24393313397688,-1.30857310948572,0.270680226272619,0.86780544344133,1.0865440962761,1.14498057129267,1.20602018088022,1.37120445797908,1.42453907694369,1.45584106196353,1.41566684448222,1.28784408907234,1.18171517229491,1.29565118383077,1.30684724749082,1.21191199334968,1.09242449771042,1.040121381429,0.990629694023183,0.922073581638308,0.865024791872465,0.832244172000067,0.811063248268255,0.798889452755057,0.809730317075603,0.83498180961837,0.896794810548299,0.965730733081393,1.00454390209814,1.21304831380374,0.955761817691555,0.907684562792192,0.870339880074595,0.849877055563654,0.818057494493561,0.77526080430076,0.734877579325812,0.683847171086249,0.650261897073586,0.63671417446537,0.621508047292469,0.616370866041921,0.615219779928081,0.632083401289337,0.744871200075193,0.864318549379684,0.550186035237781,0.393973186500919,0.420183074178469,0.550197910435502,0.815367800968702,0.921054258202273,0.994380388227481,0.7163708298581,0.573945708054185,0.508367593281065,0.458659236050655,0.390535135828692,0.313807930667388,0.273586492545365,0.246696251422002,0.214501228656195,0.219987184724608,0.273722249452188,0.329993261024902,0.322521035406754,0.010672836919702,0.120618376654405,0.241960231274231,0.283719694697931,0.3139051305892,0.316417949915794,0.297429381340241,0.258336793803879,0.20673608717536,0.134131688002992,0.0992970763409997,0.0444044853505419,-0.0424002625946472,-0.0971706253457282,-0.139851754198177,-0.17356142856761,-0.173751160404114,-0.162310433175749,-0.131316930373854,-0.104273631343207,-0.0702527058414062,-0.0180610735586904,0.0383143729089708,0.0796393673625237,0.104778305526205,0.108817607004384,0.095708130187909,0.0500418921063579,-0.00108619171723268,-0.0742777571881891,-0.219018055885083,-0.333638874928705
"M14",-0.0158305616186916,-1.47293873249985,0.202791101798465,-3.4480819797717,1.2218108568755,1.53954722406459,1.24683002483791,-0.00858444884039585,-0.40657523213457,0.631984110269536,0.0429349044615765,-0.452810875808804,-1.32572287710879,-0.909637531305093,0.740652594517764,-0.233892426225297,0.822678025521704,-0.359557484765686,-0.71825067121788,-0.433869014530238,-0.230178025064429,0.663494100148013,-5.37417456075861,-0.375709926623682,-0.353938511398054,-4.832267752189,-5.53508451518789,-2.93965951593772,0.631984110269536,1.41341326833765,0.0601266125902895,0.163832490283551,3.35560570865329,2.55557502445039,2.88277900944692,5.64867939455904,4.40107252872606,2.13246773668,1.27267390192197,0.95687467772041,1.12239634288487,1.56113714385306,1.07994048349224,1.05364045019811,1.15280511191075,0.666927431737923,0.674889814592864,0.96307241646386,1.19055277998425,0.942522694525471,0.991967584549847,1.02066337592341,0.971700994414239,0.771345377020723,0.630873467810279,0.580731523661999,0.557590455716644,0.554077117572949,0.57852309540457,0.664724208418081,0.670053165036309,0.40006658474686,0.197179643218015,0.341307454201684,0.180831194717476,0.299617128908793,0.443642813095417,0.452249265902184,0.357876138437635,0.283988733840907,0.225335817079776,0.216495835644829,0.20547117980096,0.197800675436538,0.175051908501297,0.127976041725342,0.0765839023695107,-0.00342381229209876,0.1032307173428,0.19389493729649,-0.287182477071437,-0.154129265447719,0.112484685026144,0.245187841153748,0.243828445588575,0.22902727121041,0.266270863752626,0.220257466026854,0.146698745529532,0.0844579738833309,-0.0642473440638069,-0.145297314295684,-0.0691160490578482,-0.0577998767385313,-0.0549213609441465,-0.0269760391730998,-0.0249495316464946,-0.0207333367733515,-0.0594420049943604,-0.0761431220657377,-0.0626718492524314,0.00870297124937336,0.0121462194953232,0.0119963706691695,0.00841681374156145,0.00339633661824479,-0.00052889901194364,0.00566384027808042,0.000893984231817857,0.015211000010261,0.10489350662953,0.184957661887245,0.229635947980265,0.25445220126906,0.272604728745484,0.300571110762949,0.319902655352268,0.332760267192793,0.345216586482798,0.348075273432873,0.342700837804391,0.358124178698961,0.360815887068225,0.370882767701596,0.367780361207483,0.383606736134876,0.401720313055604,0.401611434753916,0.413359353409334,0.420499471592172,0.477986621730682,0.50441972803313
"MS153",-0.0544935450626073,-1.52610969082014,-0.0939927257891086,-1.47558240070735,0.487495375727671,0.591640800475082,2.3771089181742,-0.377934231521411,-0.298530835590067,-0.611156632840205,-0.763432540700372,-0.452810875808804,-1.21065567398101,-0.323158322823721,-1.51356191643183,1.63171411090351,0.0386131676802188,0.0601266125902895,-0.59059096426631,-0.59059096426631,0.206642751598552,2.55046731802501,-2.53095001158508,-1.20015649367994,0.0410654805286808,-2.52046479076435,-2.52708046355117,-3.87560870704737,-1.51356191643183,0.883970146130975,-0.59059096426631,-1.28546414903254,-1.57986767721906,-1.83401712474123,-1.36006457336681,-0.383664453416625,2.18371185505207,1.29144194599116,0.859216682290223,0.672399915419329,0.742800344360132,0.954746894168934,0.754824771811689,0.585886383913655,0.483393654964381,0.235984887935586,0.241045943478719,0.409918390919802,0.558233604054678,0.493794226754428,0.435303804571288,0.414837817569715,0.369373369767541,0.271260817036636,0.200909089177096,0.162657974849342,0.127704363764522,0.125316687635806,0.130530927074423,0.173910910368156,0.181242277510106,0.0567687649352056,-0.0621860178659279,-0.179800678118749,-0.240008203626355,-0.170517615779691,-0.0907982400638776,-0.0810562026297231,-0.0662364310068787,-0.0626274931199873,-0.0657829021988352,-0.0602221407977961,-0.0688915450096929,-0.0798243791083412,-0.0969434449333143,-0.0889855066992044,-0.0786319143930119,-0.0868183715761401,-0.0762103503805187,-0.0321526786589027,-0.269335868086709,-0.110415719470438,-0.0691363906821107,-0.0692128834308959,-0.0221891588705265,0.045090706231651,0.0546458562029848,0.0479790650921739,0.00667760636872683,-0.0313583424053253,-0.100937361250204,-0.10446052678785,-0.0884217535107575,-0.0954739440023279,-0.10977608258658,-0.108829767511232,-0.119403628760373,-0.128542131961434,-0.159974170932642,-0.164422496303021,-0.145995210734722,-0.118097350446937,-0.119898234696731,-0.118907171378544,-0.12423150584159,-0.124677036696023,-0.119569848571564,-0.115925899538047,-0.105323459713161,-0.0903424250049405,-0.0814805171049384,-0.0615735489585888,-0.0285513868799427,-0.0224952248464837,-0.0159273344056651,-0.00254529643758883,0.0102294799726279,0.01891114063782,0.0348002258605171,0.0397858201596961,0.0487465518016366,0.0580215339061556,0.069752806631995,0.0853491590784137,0.0979846132291833,0.109995877577235,0.120237998366861,0.135927224568096,0.144268956199401,0.163196449657799,0.206743950737748,0.2289491887385
"Mo18W",-0.693063291661427,1.60728991252797,-0.778899494247205,1.16479148289142,-0.470166357608278,-0.171842882797501,-1.79494827092832,0.0601266125902895,-0.368446340437624,-0.611156632840205,-0.763432540700372,-0.452810875808804,0.0773361111366767,-0.570272115143842,0.611156632840205,-2.31618911585471,-0.58396241448487,-0.729405875748817,-0.269335868086709,0.129123061942014,-1.42229140959381,-2.30869166852938,2.01047210808962,-0.448552951451854,-0.114141310131431,2.29425164993071,1.83033058549043,2.40806370651077,0.550186035237781,0.094568546305323,1.51356191643183,-1.70047776180866,5.49800151641924,4.92776112639547,4.89242638286285,6.73021579547273,2.03696699629309,0.136717742025665,-0.495397162753054,-0.693772932549307,-0.599629752809326,-0.312506191740444,-0.534335098994691,-0.525063271536566,-0.403191661729747,-0.670431987224522,-0.607694750417937,-0.412503612516404,-0.219286985359595,-0.387816909010517,-0.336672705321585,-0.317659982254227,-0.347162368238056,-0.474985760750211,-0.564264506218945,-0.586062696491006,-0.588438990952493,-0.584802124647353,-0.569766576572155,-0.515518613751969,-0.502194251423105,-0.614578073899127,-0.626608325121129,-0.450229311001812,-0.432059957085826,-0.41902430944613,-0.388487367381699,-0.449787510871767,-0.579217797541383,-0.684020434741861,-0.761575006429305,-0.789638241607042,-0.813640716023335,-0.851994298790593,-0.902280464829465,-1.04182434737599,-1.17033610699988,-1.29861334144435,-1.17559699633133,-1.05478237153175,-1.41341326833765,-1.51237014410466,-1.12197931281915,-0.813625889328255,-0.842349515904667,-0.943510940643942,-1.11381429108705,-1.06996344591336,-1.03769353094661,-1.05731031945171,-1.24693699264223,-1.47904631018864,-1.48476449987196,-1.47258206578685,-1.43725964503928,-1.39704517105618,-1.33786986625408,-1.24355636539586,-1.12870934433384,-1.07206889799648,-1.1593197596181,-1.2423120706859,-1.20159239450567,-1.14985132821201,-1.10024732889312,-1.04920341935958,-1.01095721562249,-0.964144301339114,-0.912614676219256,-0.849678471363223,-0.787695456244861,-0.724246477240117,-0.729355684697105,-0.720122652868093,-0.695267732218407,-0.689386714413501,-0.687712015148637,-0.689091672399603,-0.687438667884076,-0.690590358514903,-0.694727631071492,-0.705207283057877,-0.708574801518743,-0.707367862385289,-0.717667102618157,-0.722619666485892,-0.7208614922427,-0.722557615700103,-0.719239970075345,-0.719822285414938,-0.748661458406114,-0.76025738275489
"Mo24W",0.831286208024077,-0.803864937132752,0.586583158733,-1.62772869386706,1.0083917059341,0.540713206278306,-0.448941858876249,0.11182911219004,0.339882645392111,-0.611156632840205,-0.763432540700372,-0.452810875808804,-1.07847480902485,-0.611156632840205,-0.786615728168508,-0.96286268399541,-0.070876909225904,-0.729405875748817,-0.810229615729571,-0.305121032902364,-0.0520980203323793,-1.85671666855436,-3.44696228157323,-1.19079942383228,0.90122230987357,-2.27933347182045,-3.57463890306885,-2.83878590442643,-0.674489750196082,-0.0945685463053228,-0.570272115143842,0.550186035237781,-2.03308622016172,-2.39690592811832,-1.66716153126882,0.698028188131216,4.4777180276672,3.43325762236133,2.93888597758916,2.73528338035545,2.8342180385317,3.11463666716696,2.49270200021276,2.29022755271979,2.10547864822244,1.53936177021331,1.21612265395031,1.48456239737735,1.67559616557247,1.91586555393236,1.87055920261596,1.83170278195935,1.72544148183267,1.50854601877511,1.34734745620581,1.25752448167292,1.20814429894804,1.21764645878956,1.29890906546124,1.49954411549289,1.73060293605433,1.75447652817559,1.70507085408584,2.01177362080772,1.37722638050124,1.31169535827224,1.28685356824227,1.1997669344572,1.04523514765931,0.8839508369441,0.756811780936061,0.624106641470673,0.535070578372669,0.486045117269395,0.424525375579906,0.433413279627684,0.454756377933429,0.454642479196668,0.444161048165342,0.54470180369375,-0.0773361111366767,0.429670923513128,0.415148279658775,0.369609412059853,0.527808060977184,0.752222953877874,1.05729857517423,0.920033058371323,0.711491057729609,0.591355824479612,0.454983390044788,0.521614303936922,0.609124638316943,0.625699871735263,0.628302352731756,0.638502784092003,0.62574489920437,0.631180650364248,0.622759425812873,0.619458459901464,0.626175206868846,0.73076299740826,0.749672833189732,0.751034483861064,0.765430720837409,0.756196538667022,0.745244148616578,0.735287012742291,0.720653203353893,0.698732493903035,0.76550540011347,0.82247377318619,0.881946943194088,0.896884852082258,0.877470926149946,0.893091043481022,0.902360905907725,0.904720279803318,0.899279909441672,0.893486351099605,0.886820802692991,0.880503968762361,0.874740134634542,0.856305504982203,0.862837931623267,0.849343752689182,0.835874291509536,0.815807898258562,0.802355227636799,0.792436590452209,0.822734270167907,0.80175125906478
"Mo45",-0.114343712780284,-0.475109432348612,0.144756722733196,-2.56760272487551,-0.279122175118513,0.0757883193471121,-1.96831543400916,-0.025755877527743,0.222179017246888,-0.611156632840205,0.269335868086709,-1.51356191643183,-1.04825627769741,-1.56990009216296,-0.41508156846907,-0.685306255956671,-0.836145010629078,-1.97785377045181,0.377934231521411,0.359557484765686,-0.325376366158247,-2.13864303861334,-2.68883715827527,0.051381032296588,-1.87518427393458,-1.6344474469679,-2.47759922429679,-3.25404694308482,-0.396439512633857,1.1097116811366,-0.396439512633857,-0.323158322823721,-4.31576349155694,-4.00608030226391,-3.88755537186091,-5.16363526371092,-0.915140475525952,-0.258517065358285,-0.219916239550443,-0.309052093370569,-0.297929909371113,-0.342875727918038,-0.180383830395015,-0.28538006292437,-0.347133125894083,-0.25806111953578,0.0283032463406419,0.0974908446916343,0.112986429809313,-0.216342167105954,-0.261567708325677,-0.25238958580051,-0.24441725347342,-0.184018938763177,-0.148689799221965,-0.140893769707111,-0.157920723817036,-0.15388466180585,-0.177922055683906,-0.225098790906474,-0.335499324015762,-0.436786863492269,-0.524901064761773,-0.880178843900676,-0.741166156023494,-0.6975030482322,-0.657672880058328,-0.560595562166357,-0.40546732228011,-0.290954409078402,-0.182429955353584,-0.117431648442451,-0.0664071513284998,-0.0991252444002447,-0.135676925009498,-0.123117226653287,-0.1216135143091,-0.109110317556296,-0.181337905757513,-0.082609611800015,-1.07847480902485,-0.161232752570759,-0.159605824359048,-0.162884519096259,0.0104207462974109,0.0845557023321757,-0.288126638589782,-0.149052854989792,-0.0000754604945779613,0.0399876722797368,-0.10172688861095,-0.0562758531339712,0.00737463203592692,0.0396701259103003,0.0642020032299149,0.0731286771365784,0.0751210365128838,0.0862446559469354,0.0965090085670983,0.0752481767654649,0.0271760114532165,0.139467527472714,0.179177200036468,0.168510163133035,0.175623995795566,0.163770674829384,0.151832867434835,0.140216616607488,0.137458027962732,0.12592385927395,0.164765721953175,0.187284514168819,0.179729867634864,0.18156331560138,0.186786305623006,0.189535937695384,0.199927433607827,0.203376258922606,0.201115697960828,0.191589749172592,0.192386038329854,0.185199314555062,0.172171844607098,0.155240139666467,0.149822431368914,0.12519669001762,0.10432157658722,0.0790585432131201,0.0591662669604089,0.0344428948654572,-0.0456878409078884,-0.111030894194301
"Mo47",-0.287238123365276,-0.448809923619743,-0.412681839122121,0.365273043235993,-0.440906712962943,-0.687308446665209,2.38326762013859,-0.181258875917563,-0.484051149930419,0.287182477071437,-0.763432540700372,-0.452810875808804,0.323158322823721,-0.491196221367693,-1.77837390382636,1.97785377045181,-0.666380766580708,-0.129123061942014,-0.287182477071437,-1.41341326833765,-0.20824865415913,2.88672884536257,-0.0179342908803982,-0.476594855496998,0.127901775880902,0.0542654870864645,-0.0935905600364579,-0.7583799107242,-1.70047776180866,-0.834304194079262,-1.63171411090351,0.59059096426631,-2.00747468845606,-1.54070716364441,-1.61334532360929,-3.50031844223718,-2.11137358801394,-1.20012789771671,-0.899446486921649,-0.804165194206162,-0.88016017586686,-1.07724298335375,-0.674031272138479,-0.714703895459956,-0.763468353810084,-0.614998695355379,-0.386938551038098,-0.402417760497978,-0.449913337420267,-0.592789922725314,-0.596501449610683,-0.568632145282685,-0.537386982302984,-0.458623473635491,-0.393254960737297,-0.368699578433439,-0.364943526715665,-0.35516483182224,-0.365840202101492,-0.405757091539288,-0.472843864970479,-0.519169298467298,-0.586991336561539,-1.12377793027201,-0.821480392346886,-0.738734445530421,-0.684007477116616,-0.58737091812033,-0.456447263373634,-0.351220829968788,-0.274037943463137,-0.224252552715554,-0.188549617796646,-0.188230973771507,-0.191134305831227,-0.186492849960643,-0.193288686823776,-0.203985182462844,-0.228883761648605,-0.196020662840283,-0.59059096426631,-0.22548211272273,-0.163706929876171,-0.159055147735339,-0.113194508643104,-0.0910876305761593,-0.180673842120457,-0.148180253725079,-0.104890305466465,-0.0864892292285869,-0.116711487046021,-0.132306366999511,-0.169856070139912,-0.194900345512932,-0.219460723430077,-0.246342265688389,-0.264322342248544,-0.282920774822477,-0.326814165863662,-0.395552047610934,-0.425386637763658,-0.342297385711592,-0.348443568391944,-0.360485597799688,-0.381668636589746,-0.402556117932272,-0.417323626799202,-0.442177254541098,-0.464670585248167,-0.484963441773354,-0.489735013813386,-0.476352527462283,-0.515106833546087,-0.510262124308831,-0.466419836254069,-0.453028608685865,-0.437942718451712,-0.430186995067768,-0.418245465664916,-0.41783083077293,-0.415507859075721,-0.414416750119207,-0.413775973252992,-0.415069416323954,-0.415702350811432,-0.431615071940711,-0.437074402020002,-0.450930110576222,-0.454512883539744,-0.473113737062961,-0.587625431049284,-0.655908862748898
"Mp0496",-0.0372647800915075,-0.578673244930487,0.109644655565136,0.362320217670794,0.706366046347042,0.512697641150105,2.11967783774315,0.786615728168508,-0.507042533560321,-0.611156632840205,-0.763432540700372,-0.452810875808804,-0.198740484735103,-0.269335868086709,1.07847480902485,1.70047776180866,-0.340253732590153,0.323158322823721,-0.433869014530238,-0.786615728168508,1.15469302892612,2.30904527128718,0.919518993904863,0.719797349058601,0.60134227071554,0.798703489832495,1.05123343043843,0.520509344258655,0.935918660781145,1.21065567398101,-0.41508156846907,0.0773361111366767,-2.04345109245549,-2.26245807736447,-1.90093475670409,-1.24924644662224,2.07756565547143,1.58840926506986,1.29379190710636,1.13384254603772,1.2291159481954,1.40830327671237,1.17304728176898,0.955389596610402,0.77167737103643,0.429089754497532,0.379515831550362,0.600417016871647,0.749758464803453,0.733069238324344,0.663920780641508,0.618701432955163,0.541723719270278,0.407594783880906,0.304414078431095,0.244010585863307,0.191263071137652,0.186434701692182,0.202724681185972,0.273899035605082,0.334453252581497,0.307836095146572,0.25368396720137,0.165558516273922,-0.0406790395855033,-0.0607272886565408,-0.0730513363056835,-0.0624003496661134,-0.0827437078440574,-0.126181338689137,-0.127151458055083,-0.161204463563212,-0.165379265502815,-0.20456875476441,-0.240501524117988,-0.251015673624963,-0.268579645638519,-0.254840082543201,-0.25090439095569,-0.146264798301996,-0.696203541899834,-0.267977442133976,-0.236301879126999,-0.223943168275855,-0.113480284560129,-0.0193217538131921,-0.11918734817066,-0.124371948503793,-0.140290304938494,-0.175475906507936,-0.326270269002535,-0.333868718068208,-0.284374185409826,-0.254571292880583,-0.218718924530648,-0.205398163025148,-0.168705989696541,-0.134846418569577,-0.0896678270615153,-0.0470247829113722,-0.0531815460099092,-0.0491314297484249,-0.0207897778637987,-0.0108707263822705,0.00465941782717194,0.0126353274924587,0.018833987555904,0.0364894856078726,0.0592466485124532,0.0751429338600245,0.10016116716297,0.123535365326239,0.142660825244685,0.146282268973611,0.142374152578618,0.146351103928135,0.153309252012315,0.153059589022467,0.154500818698368,0.156641157967083,0.15993305183281,0.156932028495269,0.159931153666986,0.160259146749334,0.165898390095423,0.163183527143569,0.16653827914966,0.172464550392965,0.178096799934475,0.182436195162021,0.208582006995669,0.217409850833259
"Mp488",1.06575474981216,0.496049796366455,0.939619290358373,-0.367253104483638,0.673887343175531,1.10224233853127,-2.2664299732883,0.530319525843568,0.687507455933384,-0.611156632840205,1.51356191643183,0.810229615729571,0.11182911219004,0.41508156846907,1.28546414903254,-1.56990009216296,0.625162221082775,0.570272115143842,-0.323158322823721,0.810229615729571,-1.68464338218267,-1.3875741976653,-0.385673865998386,0.185080238986722,0.132687304750498,-0.420359100939481,-0.409196916716949,-3.75889586337099,1.04825627769741,-0.433869014530238,0.491196221367693,-0.269335868086709,-1.96854831888242,-1.92262463120726,-1.46507693564249,-0.461891134738885,1.66722344230346,1.3291737399298,1.19451322740708,1.14375340964562,1.16944284420334,1.27045670973944,1.04676342467685,1.05770655629971,1.07370078720127,0.9733766270464,0.79581589213998,0.782343504417236,0.781944861056621,0.881540144905191,0.910907594855824,0.92752711443143,0.93119058536527,0.899242308001327,0.880556303439922,0.864678920449274,0.870660614249843,0.873769253017973,0.891452327359402,0.933781003217987,0.969700079055158,0.914716843852679,0.84892024820982,0.951041199778621,0.79592840896366,0.841345478374282,0.907548858068166,0.952828834403062,0.932069170870433,0.903369026328408,0.882524289760777,0.845535379967906,0.827172730173973,0.863306436140779,0.907944492590394,0.970621761523487,1.01797476980419,1.07457785650508,1.08860156510401,0.994922716283706,1.63171411090351,1.1994767636589,1.05484459791489,0.886717456451932,0.803986603146787,0.842604370406256,1.28434633853211,1.15453770333674,0.982940678563718,0.925642550766186,1.07835904773627,1.23374081502745,1.291283377825,1.27739179995619,1.24689994970771,1.19793297421302,1.1454228648196,1.09198990159745,1.04751835025123,1.06990333293422,1.18064075657363,1.13082047150872,1.06660993443026,1.04509181628434,1.02721547616602,1.02877654156639,1.0317720094185,1.03588348638921,1.02592739300683,1.02523499488262,1.03596303604083,1.04625217049166,1.1490258590985,1.1536260977957,1.06313230900394,1.05520472078624,1.02590872071694,1.00666256717624,0.973121889421145,0.964836306436975,0.958041254312287,0.94501157493506,0.944737611079011,0.947734880202849,0.959592581537138,0.987868845596038,1.00876239761884,1.04651401687862,1.08005546025173,1.12617910271093,1.41238649038238,1.57709648389815
"Mp705",0.0101701080173686,-0.873813202265053,-0.107672730332961,-0.727423484362772,0.10779397505487,-0.598055701181513,0.123370466666605,-0.935918660781145,-0.218046898450664,-0.611156632840205,-0.216283046469253,0.909637531305094,-0.935918660781145,1.97785377045181,-0.834304194079262,1.28546414903254,-0.0248546772000409,0.0257558775277432,1.28546414903254,1.63171411090351,1.69125133842364,0.253833452739051,-1.00091927463136,-1.16876794408256,-0.831043131991932,-1.43182032060261,-0.911438568433712,-0.609433582417575,-0.883970146130975,0.181258875917562,-0.00858444884039585,-1.01896585286423,-1.70556446556431,-1.2150729994551,-1.08469036922267,-1.23463758637331,-0.73290119815712,0.244633984733127,0.623138611761819,0.78213469281235,0.690383759263099,0.535831653408998,0.603019151974449,0.645520835759905,0.534198949419028,0.586850168008337,0.32362954816286,0.283561453427761,0.266552403045104,0.687715748047401,0.629542019255411,0.562981473529101,0.52274037663218,0.50269111602449,0.470468768705997,0.451826051243,0.447189969958772,0.434843222948032,0.458241102025431,0.490700582763645,0.631904478213853,0.875388835526629,1.03468963875251,1.28658179174152,0.960079547950838,0.808749026000191,0.633998371785994,0.558259378195337,0.474584055537559,0.382016709772022,0.303825145198926,0.183588049708769,0.103469674699444,0.0865558157645456,0.0739397966047055,0.058845920056346,0.0643365428925591,0.105307861070301,0.122531377209566,0.128834259609676,0.786615728168508,0.3383443761924,0.0950890250302432,0.0112750271335893,0.0253682644370372,0.149517794372757,0.473627135951878,0.364506716519081,0.230191788406381,0.173673595004924,0.268118820259444,0.248264021675928,0.0804930197226996,0.0119045476044413,-0.0392028883351032,-0.101110550031483,-0.136347436778358,-0.166480863862587,-0.129532034337315,-0.00267698133881655,0.0917053944989703,-0.190724942295873,-0.244021475951178,-0.234903014691958,-0.208732998786958,-0.168892778265035,-0.131504656510433,-0.0948422674177551,-0.0484278994317626,0.0102874673284581,0.00467725595547375,-0.00400041071237134,0.0192457965006048,0.00255335066919371,-0.051805901643013,-0.103615175999854,-0.156351827860005,-0.212181219863518,-0.262247045919201,-0.295283249251458,-0.316273057579683,-0.346757465588617,-0.364446085563466,-0.359789369798487,-0.347809958163443,-0.324975447763481,-0.290999711375277,-0.23945812222347,-0.197458078700726,-0.152086375733575,-0.0894848946917146,-0.033417934146989
"Mp711",1.80209088192156,0.449681727842925,1.15160342774365,0.634589673627967,0.784147128359404,0.844887613349381,-0.789833963632791,-0.341301375746541,1.68338738684128,1.86884892689542,0.935918660781145,-0.452810875808804,-0.0773361111366767,0.834304194079262,-0.359557484765686,-0.685306255956671,-0.181390074749134,0.305121032902364,0.990524524326483,1.46165557642791,-0.140662333634713,0.409762575298678,-0.317378428863793,-1.16664335247922,1.64530062016842,0.134511810156647,-0.284532190603155,0.700574985922987,-0.341301375746541,-0.0601266125902895,-0.163832490283551,-0.198740484735103,-4.21354039656713,-4.06306703138314,-3.83057381977936,-3.97774526406222,1.18623499420685,2.32170166083467,2.69249050663327,2.79798726617015,2.75175011668599,2.60995124459725,2.44014630152591,2.4007610334611,2.29085173629474,2.11012557986819,1.74972028652107,1.72007065748256,1.60295631750416,1.95662426499137,2.00183268841005,2.02057564220332,2.00906827064676,1.96971148753194,1.93560019070683,1.90056642584732,1.88657934009191,1.89607872166354,1.97062067820626,2.09707038640788,2.29033763028843,2.39742206398708,2.34944373083756,2.37402498229557,1.92874477794018,1.91299613894752,1.9280763931058,1.93444410386559,1.90105012223026,1.82672719206103,1.7441503447069,1.6183243887055,1.53340282669885,1.54751591326025,1.56114500729486,1.64621524279793,1.72975623907208,1.78484929918794,1.78518412106009,1.71112407803354,2.31618911585471,1.98603827105159,1.75547797659548,1.49912669964414,1.4829462014451,1.66936059069632,2.38123995033506,2.12566658054216,1.80293660616553,1.68117145551669,1.84243002978387,2.03252092813785,2.00933175175012,1.93771530075227,1.84718625807869,1.75725069940595,1.65527155703324,1.54945060158057,1.41909663613885,1.39100676276332,1.52162932955511,1.49496230090894,1.43829793076137,1.39340370993917,1.34431249283664,1.31087163695092,1.29527941084696,1.28126339582691,1.25621580150431,1.2274858805594,1.22480822365158,1.21937910548885,1.31237074746932,1.3157795898265,1.24643525960167,1.24364663772477,1.22461293905042,1.21282630599806,1.19168337473432,1.18925997120079,1.19153965240437,1.18730203066428,1.19723651026482,1.20817541091984,1.21884431287892,1.26307166281368,1.29763068260551,1.34714507580721,1.39035763340172,1.4518678644563,1.76266050569055,1.95339232427623
"Mp714",-1.48020681492013,-0.0776488028805143,-1.45667146552082,-1.91763583035171,-1.78899518820636,-1.97035475245773,1.49638017835724,0.570272115143842,-0.975481733496958,-0.611156632840205,-0.763432540700372,-0.452810875808804,-0.233892426225297,-1.97785377045181,0.198740484735103,-0.883970146130975,-1.27171257554277,-2.70408313391126,0.935918660781145,-0.0945685463053228,-0.882292415512871,-0.290234119042137,-2.22310019422543,-1.62921499044409,-3.89396221976849,-1.19438545645149,-2.46546180470033,-0.0471306552438825,0.198740484735103,-2.11715641174795,1.32572287710879,-2.31618911585471,1.43082093171695,1.7150243112563,1.54719322925109,0.591187089395219,-2.02635843081742,-1.75800231193488,-1.65317149472187,-1.57299426065407,-1.6414785957929,-1.77407985754108,-1.45900645378886,-1.58483337589487,-1.71429104090563,-1.58800917018112,-1.44048769627592,-1.45487922694564,-1.45426623466207,-1.41827027343996,-1.49391822437228,-1.53435685613434,-1.53720800228116,-1.49510609428282,-1.46665867572494,-1.46005278117771,-1.45774628403709,-1.46102409772281,-1.47918781295042,-1.51584088222003,-1.52211132663348,-1.39813423749466,-1.25691823100766,-1.40356071119241,-1.13269424018266,-1.20735851151709,-1.31077498325917,-1.36596202302609,-1.37594086242106,-1.38376122311415,-1.38900249365556,-1.39567544716776,-1.40124836624816,-1.44331080953677,-1.49138123360565,-1.55688684904698,-1.60830729280352,-1.64165690971767,-1.67131021177897,-1.59794102208148,-1.70047776180866,-1.71618895544056,-1.61463974166016,-1.47166862133148,-1.43158121902629,-1.47753628208729,-1.83209905697048,-1.69436760243895,-1.54440551075815,-1.49653627942893,-1.59411090114352,-1.73794848402085,-1.83380484357072,-1.8354342432611,-1.81510647083806,-1.78987446908338,-1.74390291236501,-1.69716596188337,-1.64223974181943,-1.63193361507662,-1.72142424029898,-1.73074895301089,-1.70155362849601,-1.68077707399055,-1.65825571232197,-1.64330487891365,-1.62783283937908,-1.61620028725504,-1.59080714997806,-1.54647473038053,-1.62074592441425,-1.67995373058761,-1.76979553111643,-1.77995539536494,-1.71800171639822,-1.72289540426078,-1.71242259258891,-1.69971963142838,-1.67706097255319,-1.66596853758488,-1.66015825915792,-1.65625682752229,-1.64487319398924,-1.63482357605843,-1.62635893356809,-1.6438000506783,-1.64255500169446,-1.64477624251874,-1.64842696335647,-1.6572333387279,-1.83143744698137,-1.90782843571928
"N192",-0.21917566291066,-1.60106568632701,0.253784402166829,-1.54657231241828,-0.776402045032881,-0.286422005301562,3.81686111659218,0.96286268399541,-2.48171327297548,-0.611156632840205,-0.198740484735103,-0.452810875808804,-0.510660161724907,-0.834304194079262,0.433869014530238,-0.685306255956671,-0.551163101841267,-0.305121032902364,-1.86884892689542,-0.653089423829604,1.65267276979753,2.10093657553773,-2.18281294731184,0.717887327647728,-0.424927559633696,-0.834709055760498,-2.12120812972034,-1.68132080695485,0.233892426225297,0.696203541899834,-0.323158322823721,-1.56990009216296,1.70634874756518,1.52594567304524,1.18650296543305,0.418181830790778,-0.98823535616302,-1.04528462119044,-1.02679034468095,-1.01372548798955,-1.02594284144073,-1.08126768801726,-0.886054246863622,-0.800511617805544,-0.67989832154992,-0.543471178193273,-0.313503133088938,-0.344310380119711,-0.369834118866205,-0.540799380299651,-0.515749176374191,-0.47699119263894,-0.43403345368122,-0.376978554919366,-0.331518967204493,-0.311521656218067,-0.310187426204417,-0.304337635035367,-0.329466825298156,-0.376019617531755,-0.485889383761919,-0.631350019974867,-0.735224081314529,-0.985969661542077,-0.702049954802786,-0.594922550790942,-0.482925988852123,-0.421058865845075,-0.347730587330962,-0.274498808179207,-0.212559936066137,-0.13854221878316,-0.0870929561257031,-0.0700666364613205,-0.053671357124786,-0.0116881445121234,0.0165093033422721,0.0313383547778985,0.00280154209065619,0.0050802621555972,-0.433869014530238,0.0242370331580921,0.0210575533854687,-0.0464872476482868,-0.0164795619776972,-0.0135213574677324,-0.125127037483828,-0.0587434466618598,0.0057805537449489,0.0323750373155183,-0.00472846668273841,0.0887534553683629,0.231698862301173,0.276420872598805,0.303275728410285,0.339459505814694,0.353747872726779,0.384015306487612,0.390046647029761,0.401510660772214,0.389491445269441,0.381029382017952,0.395542536095979,0.395851876726636,0.398385739847606,0.394135565459512,0.395744440960828,0.401893403471159,0.397591619273551,0.392001829576102,0.440968267827843,0.477022549522292,0.506984818053502,0.509742754903519,0.472702530110076,0.463733114228694,0.454245348904612,0.44055901561876,0.419046095611175,0.402695979914616,0.387655402417236,0.372580369204451,0.347182548512826,0.32479798277854,0.304335373427133,0.289057927974474,0.277079456340447,0.255287025894369,0.239232382951158,0.226280701200955,0.227058247592878,0.208852820820175
"N28Ht",-1.24378036620332,0.170916260678251,-0.678092759657307,-0.179870798221354,-0.353286866382415,-0.268938012090688,1.57083473324317,0.396439512633857,-0.52732582540968,-0.611156632840205,-0.763432540700372,-0.452810875808804,0.0601266125902895,0.0429349044615765,-0.251574639495799,0.530319525843568,0.805685713633671,-0.00858444884039585,-0.359557484765686,-0.025755877527743,0.631316519950565,-0.29790386452686,0.131715403065237,-0.671016340102092,0.499285558999148,0.358419942718532,0.0797119070463399,-1.05035320411555,-0.181258875917563,-1.21065567398101,0.550186035237781,0.0429349044615765,5.80575050666054,5.00276132566389,5.46673939920364,8.69734956167169,4.02023423556111,0.266524733225201,-1.09597265795332,-1.54167211521164,-1.30739311573363,-0.649078972271829,-1.12491414758681,-1.09179530403742,-0.908669039256563,-1.35280358547733,-1.10931581163359,-0.739644101990168,-0.318747944204725,-0.810418105966839,-0.903564657376465,-0.92920553763309,-1.00383973647999,-1.20536967894134,-1.34249842531617,-1.39123511263604,-1.43833930811922,-1.45619625949341,-1.50857667111292,-1.5317814423755,-1.7036609941278,-2.09061708171957,-2.25494900627066,-2.21954741310837,-1.90875955217533,-1.77324468816891,-1.62035927418059,-1.63265486308138,-1.68474175785766,-1.6839147370571,-1.65834849370163,-1.53580020917938,-1.44906330708153,-1.46746065437529,-1.49294966707984,-1.57121195722314,-1.65613829040795,-1.74283040229874,-1.68267379063838,-1.53193890990264,-2.11715641174795,-2.02401514377147,-1.63889267366987,-1.34144215502152,-1.30466103997996,-1.43382891781797,-2.06126922959401,-1.85338288400529,-1.62584091697667,-1.58032068797053,-1.90031214379875,-2.07659487517111,-1.86590171051918,-1.73689086532924,-1.60268256411516,-1.45970259695752,-1.33098855350708,-1.19022402099799,-1.06048567737212,-1.00600862837172,-1.0898685174953,-1.02945463453824,-0.984167843297043,-0.941340852731519,-0.878470710574221,-0.83180354384189,-0.81868971642704,-0.801394529401031,-0.778765186993612,-0.742039272614982,-0.642469745564946,-0.556022784864112,-0.569188342251481,-0.55156180861753,-0.501099343809816,-0.477242321279954,-0.454882630538699,-0.443872840582653,-0.428426764460447,-0.431661729899592,-0.437123206994224,-0.44138769728968,-0.452613240652572,-0.464167727739577,-0.476386705885035,-0.502577696937052,-0.510839983352569,-0.546440101213603,-0.568898770073567,-0.593698468280158,-0.717595521381832,-0.807245654308118
"N7A",0.0794760382617443,-2.627459431542,0.271291871466873,-3.28400913728324,-0.264353429749495,-0.398028885405538,2.80676726570342,-0.433869014530238,-0.382887342278213,-0.611156632840205,-0.763432540700372,-0.452810875808804,-2.31618911585471,-1.41341326833765,-0.233892426225297,-0.129123061942014,0.371661710424935,0.0773361111366767,-1.36825306468233,-0.341301375746541,0.647842507905449,2.35762783410756,-4.07346922289623,-0.187690469142651,-0.111587531444399,-4.33880546345685,-4.00854156479246,-4.95661595610456,-0.242724046399698,-0.935918660781145,0.834304194079262,-0.41508156846907,-0.746100662673339,-0.485935791837945,-0.727950685160468,-2.09910156892,-1.30742236439357,-0.147590411556376,0.334511000508832,0.524804300174242,0.414613930364757,0.125414662754249,0.36274394127777,0.417066145782015,0.408918348960112,0.438247391656248,0.327115275595121,0.228469143203646,0.0846612938530094,0.254816741143729,0.292108557587181,0.330459705759011,0.361328632499173,0.41525024025085,0.441691141787972,0.437099172746926,0.428470900000646,0.435443853906569,0.461973933510715,0.508587013003434,0.57317723590558,0.629499976361628,0.597423645946037,0.340514592114129,0.353819150221377,0.373515351231044,0.374703594639577,0.410859126587336,0.418981364772849,0.399903874956372,0.376451845048436,0.313254477976995,0.281211684121923,0.27499558131244,0.271315459686366,0.340714014194591,0.417694473931392,0.479965806853393,0.425062132025977,0.435401442081878,0.341301375746541,0.626337204538157,0.428900439241559,0.223790822526154,0.290951162705552,0.453984942640979,0.771237414838105,0.674402361672262,0.530910665070889,0.466217047137389,0.493430649980733,0.651580713066145,0.699707582679643,0.687608099428735,0.67023415430424,0.64630320294401,0.605762476215132,0.561111068287474,0.492553416999661,0.468309095991174,0.519519360853468,0.578615545019269,0.550357483545934,0.514458003434294,0.484820925279417,0.4563538989632,0.436458191801408,0.412597960975808,0.393088879377259,0.370263988688754,0.322731258007321,0.281476101871288,0.317879542936164,0.311342188594299,0.263220855753398,0.262630250846782,0.255554338528192,0.247653426610346,0.243703788383152,0.244762541775821,0.241749929739006,0.238400469177671,0.244452500901714,0.252782990312179,0.258354471882918,0.274633787219429,0.285667274439524,0.306070460342787,0.324903121149086,0.358311887715219,0.471398071866304,0.538611275122721
"NC230",-0.406105438005925,0.747893771489,-0.0171052764979693,1.95767865411376,-0.074999537422358,-0.766579869103307,1.63634131300957,-0.611156632840205,0.0282156931028845,0.550186035237781,-0.146455719262031,0.763432540700372,0.341301375746541,0.674489750196082,-1.32572287710879,0.433869014530238,0.662860642100495,0.883970146130975,0.471916624478022,0.452810875808804,-0.15014899023916,1.47889278243448,2.979506157496,-0.933276902758902,0.306395190853782,2.94641743377117,2.85381454403892,2.75278815314446,-1.21065567398101,-0.00858444884039585,-1.86884892689542,1.32572287710879,3.86288246146278,3.29523928001565,3.61482061917158,6.378669809343,3.09593374282173,0.571356058017046,-0.349609323094098,-0.698441205746639,-0.521190085245634,-0.0688732377104134,-0.506415459553947,-0.550053311042734,-0.452238468014224,-0.656021926019061,-0.499855369162617,-0.333800103747571,-0.113694413718801,-0.37319289460393,-0.379075234752576,-0.392369452658782,-0.431766681959745,-0.536703884422457,-0.608319379369898,-0.618027616991998,-0.620827921928188,-0.621559998451467,-0.644536214298202,-0.660329054898322,-0.744111307625041,-0.944391167318275,-1.00822100532781,-0.701873927990392,-0.637935752124339,-0.591618378586311,-0.532548002240583,-0.569759787824536,-0.641594889772973,-0.658357607562006,-0.65894980341162,-0.592448943850291,-0.544550301996904,-0.543390191427065,-0.537984710529101,-0.567519854721872,-0.591891980575067,-0.618170942722888,-0.606306308619554,-0.585108562838367,-0.96286268399541,-0.722168123158655,-0.601070507278048,-0.47117137707575,-0.482571636374572,-0.597871699579828,-0.920990904883908,-0.804246361103518,-0.661960570185524,-0.611396735582173,-0.690362276203429,-0.723668150216484,-0.598913376680344,-0.521408129908306,-0.430851951911114,-0.352197219941979,-0.295762847597098,-0.242387307895625,-0.175905346726334,-0.137880050216048,-0.157475776451988,-0.113520794928679,-0.100339408988313,-0.0933984129286437,-0.0746762497837256,-0.0624873360211357,-0.0660397473146895,-0.0655998646879032,-0.0622298548996625,-0.0601698495050976,-0.0575391310551154,-0.0621759702745477,-0.0801020097949489,-0.0800581459578155,-0.0566028936592344,-0.052761916207743,-0.0435470387605725,-0.0393256199347209,-0.0273787094876533,-0.0313657240736381,-0.023492303779721,-0.0254492986444343,-0.0326202266831616,-0.0381868558606836,-0.0449529306904,-0.0600497978720279,-0.0766629465660164,-0.114136548551941,-0.137882527599231,-0.173557893337265,-0.307657093535142,-0.397848330768676
"NC250",0.294726388541529,-0.993034924526827,0.622634329881028,-0.689549823747728,0.637111292861194,1.09959079722588,1.41322845068922,0.251574639495799,-0.0580186438884641,0.181258875917562,-0.763432540700372,-0.452810875808804,-0.510660161724907,-0.181258875917563,0.990524524326483,-0.685306255956671,-0.666315851303913,0.786615728168508,-0.834304194079262,0.323158322823721,2.27388615930854,0.176777881220136,-0.847716010558866,-1.0636357476871,1.65797773888697,-0.913253172520139,-0.94862703989462,-1.28698599384735,0.858872326088155,0.763432540700372,1.70047776180866,-0.59059096426631,2.33325195546291,1.83636102447021,1.95556032485044,3.56979563786834,2.72238251621956,1.36068286500901,0.879672716024092,0.70668885713551,0.785457301113418,1.01582285998205,0.706860904510447,0.727505257942496,0.803644696040097,0.485999657835633,0.460976241844715,0.631907428927094,0.769244291374362,0.667771614074114,0.698287769133274,0.733162551447179,0.705673572602501,0.589809558642436,0.506429769644426,0.477760105161661,0.453727318002279,0.461360359321752,0.4869536490016,0.568873672526331,0.597323094953837,0.438359926990371,0.309448580253296,0.393629459141339,0.27695385404403,0.347135932425445,0.443622564936221,0.432210208063818,0.362108434798364,0.302156771141531,0.259176327399735,0.247094615186859,0.240928585434922,0.23075422091086,0.215014164490349,0.221075690068754,0.22070204916576,0.199336852918834,0.196247398752339,0.248844563095135,-0.41508156846907,0.107974073735989,0.179699517893133,0.178191747509974,0.242556127736966,0.302380876173203,0.375309140710906,0.365025832518622,0.313050875411758,0.278439433833269,0.180887977888918,0.251396951927301,0.422911750842726,0.475775687552868,0.510498062072363,0.538803187059937,0.547276525615721,0.588739948387891,0.61455286055486,0.607459564198233,0.58554969166166,0.650360956685555,0.671149463191187,0.679040228082768,0.693590950522467,0.696341725942276,0.691343359920253,0.690918633497394,0.679885389231804,0.658930548266496,0.737690048785434,0.798797039451339,0.844960468386363,0.854713727810589,0.832953780336985,0.842964415342221,0.848325944965335,0.847335298637327,0.83839989888847,0.827154124695832,0.821043656577542,0.81481642501552,0.803695682913272,0.78531892411168,0.778109268327114,0.765095466255424,0.755511860422016,0.733101880907483,0.723812790257857,0.704865684881459,0.737375973549635,0.728185289044531
"NC258",-1.11906417767456,1.09332982535322,-0.817682999648746,1.15889227950621,-1.1475118473937,-1.21657245188995,-0.221526956372183,1.17567186065927,-0.184274991010803,-0.611156632840205,-0.763432540700372,-0.452810875808804,0.305121032902364,0.269335868086709,1.86884892689542,0.251574639495799,0.668902185324504,-0.729405875748817,0.341301375746541,-0.198740484735103,-0.706067532967483,0.510055915048018,1.5591650979089,-0.0261000205612683,-0.63759003053675,1.65335512601918,1.39993186108177,0.383512568563326,1.21065567398101,-0.883970146130975,-0.883970146130975,1.63171411090351,2.7249988851896,3.18512563415596,2.59582475890797,0.64311221217773,-4.24404353198927,-3.36155811512366,-2.90990372540139,-2.69505725944018,-2.80031582007196,-3.09059259958421,-2.58183773443718,-2.43519905858378,-2.32649735519661,-1.90569843513176,-1.70226644406634,-1.91032887418687,-2.03099090347371,-2.11969048767278,-2.13041880983459,-2.1225640421871,-2.0520890804399,-1.8815162644929,-1.76259399391101,-1.69606863869489,-1.6546068974593,-1.66245990275168,-1.7140014448007,-1.8545911502311,-1.99059529715555,-1.90669673681119,-1.75287437608728,-1.94105567663014,-1.37249638879574,-1.38976396043342,-1.45061559286772,-1.45835380438042,-1.41035013625379,-1.34785226511578,-1.30417675296584,-1.24332067985585,-1.20591280070795,-1.20398746469551,-1.2028217166395,-1.27443749093491,-1.34370309021228,-1.39030213882273,-1.36782041098613,-1.37442951018865,-1.21065567398101,-1.45419634318981,-1.28289888073601,-1.1037316951557,-1.19110123027224,-1.36819297290207,-1.74521187920939,-1.58559005789402,-1.38012239860745,-1.29613189923171,-1.30517340797728,-1.46832359400368,-1.54614329851223,-1.53610399891064,-1.50596587559297,-1.46662560752449,-1.38775970421733,-1.31908480318825,-1.22540505612785,-1.17665927820258,-1.22905267996569,-1.31341647952728,-1.28968714427002,-1.25113319522698,-1.2182475803356,-1.1810469768442,-1.14619111392314,-1.10976949594081,-1.06105118969365,-0.999237143815861,-1.01484524506212,-1.01269536401214,-1.0426972264671,-1.04040149649878,-0.997385843364323,-0.984779701514133,-0.967301695637443,-0.955916002906857,-0.934616611522186,-0.91990958730447,-0.911557829903941,-0.898583485021875,-0.883332182240817,-0.862094023145884,-0.848398518417774,-0.843826169453979,-0.826947093658206,-0.810892879789726,-0.796856402399194,-0.785358115446847,-0.820071590616196,-0.821521242129984
"NC264",0.997267623656624,-0.664621426018237,0.362433584520763,-1.11541681848163,0.389760946377179,-0.058526570162564,-1.35518559332362,-0.251574639495799,0.0270439602825991,-0.611156632840205,2.70408313391125,1.24718746741375,-0.909637531305093,-0.653089423829604,-0.146455719262031,-0.685306255956671,-0.182514088861465,-0.216283046469253,-1.24718746741375,1.04825627769741,0.739222703429864,-0.738935103762411,-1.62566178214709,0.314977295404391,-0.667534266212613,-1.71316756558805,-1.48359793826398,-2.19018902069204,-0.120471583142005,0.611156632840205,0.653089423829604,-0.740652594517764,-0.691930144224731,-0.855449912550602,-1.04745631889773,-0.74087909465686,1.00326354109947,1.95594270965095,2.33026514626297,2.44064884081946,2.37447168217774,2.26442653772007,2.12981572587559,2.1001147812527,1.97386610362948,1.84323798654988,1.48257405314866,1.42013857720208,1.29015200015295,1.67079435863668,1.77419997239254,1.78896566416155,1.77953197962594,1.74062850082334,1.70703528377459,1.68561686257309,1.69476546275436,1.70491428173779,1.77874263450955,1.90254314732282,2.13706397676469,2.34805865441814,2.41806655044405,2.75120872618567,2.19900579661747,2.08943965008957,2.01079649724266,1.94911712948559,1.83586648614352,1.69823527605651,1.57268904141873,1.40418634872896,1.2795393026348,1.27598707247519,1.2676943936517,1.28444953389239,1.31822490941157,1.34712288104942,1.37378742613975,1.31674098788018,2.11715641174795,1.53204775391228,1.38445596621293,1.25913249933263,1.20786983838763,1.33176857397543,2.02688480636884,1.76555393544393,1.44343346560002,1.32851661123242,1.50485659573025,1.59179569076723,1.45290242241798,1.35361304241312,1.24347675421587,1.13356419524765,1.02639737276504,0.903310114448623,0.773331400343412,0.722274270690564,0.824911392608825,0.805748113706287,0.74480362141356,0.697977295106283,0.640008641140699,0.601779258330141,0.58231080757966,0.564344381505169,0.536366061457403,0.503193060464114,0.416455246613406,0.343233885146707,0.35990431338519,0.34324081150931,0.290258184825807,0.267801927935146,0.24254709380209,0.226767429541981,0.205848577864022,0.199809976106678,0.194116678004645,0.183105899636539,0.185903060360833,0.18737236518429,0.190545076352451,0.204511482715371,0.218314118564921,0.235239035358155,0.256877995698249,0.284168695607126,0.404726047859836,0.505516297792887
"NC268",-0.862699147099165,0.142176645685339,-0.963640537496575,0.973355357742692,-0.920652126764219,-1.30925977515635,1.27040904460666,-0.510660161724907,-1.38794289833463,-0.611156632840205,-0.763432540700372,-0.452810875808804,-0.510660161724907,0.00858444884039585,-1.41341326833765,0.233892426225297,-0.993338484108447,-0.729405875748817,0.216283046469253,-0.858872326088155,1.31858014779677,-0.603818391879201,1.01362693262909,0.235211973987583,-1.02137792604515,1.29311123736534,0.803694478246828,0.722524545190779,-1.36825306468233,-1.36825306468233,0.452810875808804,-0.163832490283551,2.86739468287811,2.86101757471701,2.81559067343301,2.62817318605178,-0.651969318746388,-1.1428693563555,-1.18798774760477,-1.10207044205219,-1.12988837050526,-1.19886144438443,-1.04431399347763,-1,-1,-1,-1,-1,-1,-1,-1,-1,-1,-1,-1,-1,-1,-1,-1,-1,-1,-1,-1,-1.33102264489759,-1.03092433245949,-1,-1,-1,-1,-1,-1,-1,-1,-1,-1,-1,-1,-1,-1,-1,-0.858872326088155,-1,-1,-1,-1,-1,-1,-1,-1,-1,-1,-1,-1,-1,-1,-1,-1,-1,-1,-1,-1,-1,-1,-1,-1,-1,-1,-1,-1,-1,-1.10350063927307,-1.18427810451612,-1.21987564158098,-1.23476136524503,-1.22694436970779,-1.23409407647564,-1.23395428796405,-1.22840093389864,-1.21917648737768,-1.21030514497198,-1.20248035926115,-1.19656128293978,-1.18438908691401,-1.16822555063841,-1.1568487811079,-1.14675049980728,-1.13761982566837,-1.12044584332098,-1.10270620879686,-1.09322660421014,-1.10420130361855,-1.09637032341563
"NC292",0.629211406580053,-0.503459151185927,0.628461455873448,0.306591322376763,0.316199934112483,-0.232704080109283,0.997380083079589,1.01896585286423,-0.437462297721129,-0.611156632840205,-0.763432540700372,-0.452810875808804,-0.510660161724907,0.305121032902364,0.163832490283551,-0.305121032902364,0.777159094600274,-0.729405875748817,0.287182477071437,-0.0429349044615767,1.23917544641981,0.38654901654391,-0.476173485282083,-0.380054734988682,-0.0744754667406804,-0.415935273582802,-0.64201191800128,-0.239181876199412,0.71825067121788,-1.07847480902485,-2.11715641174795,0.11182911219004,3.40668226970871,2.90904590655651,2.85473236068733,4.3582227497183,2.07319607012515,1.20003517780112,0.981097296144812,0.946862375413942,0.993860806098048,1.13124602537143,0.8532193403565,0.964584393258599,1.07563220475288,0.82556393385302,0.661258733896426,0.744593215605964,0.776548810012069,0.860227168234762,0.974292522566224,1.01086949743433,0.993182018702621,0.876722460205364,0.790519014483314,0.758123918214438,0.757331627858235,0.762783369867554,0.810788475696489,0.913898986698451,1.01243127781309,0.932406428170198,0.855253856820442,1.10677046272637,0.856596602465543,0.873651557578247,0.928426186766545,0.899994517804271,0.759097100824201,0.64450195713915,0.549938897451883,0.482412991067378,0.440613607843276,0.454046534468378,0.462052075551143,0.466457636048319,0.469231251567191,0.453359209444023,0.517174855957673,0.50248869453344,0.696203541899834,0.47760825935568,0.518895569960466,0.502963959819172,0.446065077273965,0.461323011521512,0.843931296987984,0.678704722007081,0.48492015553482,0.402961357827058,0.427000271481554,0.478473820192056,0.58957913305508,0.605674832734545,0.618372135827878,0.626243065866198,0.630136648636784,0.63829859914882,0.666107349227565,0.723746406234423,0.771680283728976,0.659826909146404,0.642609569788454,0.645507940338032,0.644017239904357,0.661817118819728,0.673156250985082,0.691704974845377,0.701803331448198,0.714158681879099,0.744198614328413,0.770281390592678,0.849643421385467,0.851355502210157,0.782328520523151,0.768077159542915,0.74465072668456,0.724043313169381,0.701982751601603,0.689135338439017,0.674332357940821,0.667386308937158,0.657891888299227,0.661064284585228,0.659071254697091,0.679900579632105,0.698561375103629,0.72768526859439,0.756322684444928,0.792140317385749,1.0325460228917,1.17414298498123
"NC310",1.21881194030734,-0.113721104570213,1.00366099855839,0.873134923039884,-0.452280410057163,-0.434106989736071,0.938908055004066,0.471916624478022,-1.2752513018124,0.198740484735103,-0.763432540700372,-0.452810875808804,-0.510660161724907,-0.471916624478022,-0.550186035237781,0.287182477071437,-0.817082618025839,-0.729405875748817,-0.377934231521411,-0.935918660781145,0.84884971747123,0.403113759032602,-0.221853243155235,2.16769079212118,-0.335025259636269,1.77855521129147,0.677209987705041,1.32562649326413,-0.452810875808804,-0.025755877527743,-1.70047776180866,-1.97785377045181,-1.29658462741259,-0.973926201104217,-1.28073016058512,-2.93204764573805,-1.38437339480896,0.219823134386494,0.87283748015977,1.14629279093203,1.02349335861202,0.680884479102374,0.900309060384681,1.04130460296761,1.06091439448045,1.09630167467555,0.907897355617186,0.769919191714785,0.563956703789409,0.761168040801333,0.847066713142522,0.905308774621165,0.950154475040609,1.0010643465772,1.03779769432938,1.03939315096807,1.04023664030454,1.05207082616471,1.0925617024815,1.14876392196309,1.23428286070004,1.2854632593973,1.23210992614017,0.902368749206963,0.814795770001915,0.854404863690089,0.899348963636018,0.94421880783076,0.985844091398302,0.999795420353686,0.987438300419057,0.961300187258096,0.939008966805349,0.976460955422683,1.01154949115874,1.13577650555788,1.25802316577689,1.32385077249491,1.26271466737116,1.19081883316308,1.51356191643183,1.46232408884594,1.22956688905342,0.95368312309743,0.960895396161437,1.10862865350391,1.59832234795339,1.40315964276427,1.19512943532509,1.13056158041761,1.23849328585052,1.48093979748799,1.60029897619683,1.60571726321105,1.57412018040921,1.56475745718933,1.49975572698989,1.44548797968053,1.3723680724617,1.35856481006254,1.41658563757559,1.43830432733741,1.41459323786752,1.38503885562828,1.36184175662449,1.34210512601664,1.32173999360042,1.30437216473842,1.27591339102652,1.23410566739088,1.27568139425164,1.29582229611785,1.36981156712008,1.3762554903065,1.3078488149483,1.30414052127985,1.28472905063783,1.2700602519467,1.24774319040021,1.23214958084566,1.21734024503249,1.20749347285731,1.19234130106447,1.18608100169685,1.18268615860141,1.18665807193259,1.18868353899381,1.19582978157359,1.20167417661119,1.21830794318957,1.38943030378828,1.48084383410986
"NC318",1.72500960407849,2.01112584755188,1.43199116655466,2.81714210001066,0.753681516955394,0.503364169907348,-0.929489632390969,1.24718746741375,0.909017362560524,2.70408313391125,1.21065567398101,0.883970146130975,2.31618911585471,0.883970146130975,0.570272115143842,0.341301375746541,-0.506634551049565,-0.729405875748817,0.42445656368122,0.763432540700372,0.200869691242075,-0.79850685154901,4.4077247828712,0.538207708931049,-0.816409732971584,4.55939217439922,4.41951384717821,2.04908159444968,0.530319525843568,-0.146455719262031,-0.341301375746541,0.433869014530238,-4.27052301876773,-4.10903359735103,-4.24698240092897,-5.39576754359553,-0.258579928787976,1.39730013704096,1.92777714725122,2.04396131430389,1.97837784072316,1.75502150824894,1.77528343006188,1.70216596449641,1.55886252830513,1.52226804623163,1.37198236897884,1.32837702197058,1.19738807413435,1.38592975426476,1.39838035174897,1.39547833273381,1.39840430006291,1.41441580648771,1.42068742827544,1.40341442637813,1.38200689139341,1.39191768062582,1.42497839911324,1.48585402445786,1.58464543607562,1.67809140544021,1.64638748032661,1.53279759985619,1.1919301986377,1.15694342365176,1.13296184372181,1.16945546744023,1.22108449519672,1.23988206125503,1.25047809886748,1.21213789568273,1.19395446093523,1.19848497660714,1.2061281797026,1.31583967094542,1.41952499068117,1.50714868384659,1.42466055748584,1.40983743837362,1.21065567398101,1.62012295855208,1.37332441332023,1.1329047389437,1.22985032037347,1.41117982413631,1.69798312710028,1.57046886582906,1.43287138978558,1.38206941191622,1.42040906352631,1.62565690745134,1.72233260346117,1.74421605886991,1.74230260335195,1.74224316954613,1.697640138698,1.67718315362331,1.65983085372632,1.66223051886387,1.68771919290445,1.77823774442399,1.76823138491909,1.74233697512733,1.74375347700116,1.73413968907919,1.71328637066654,1.68921314212324,1.66436003547515,1.61188099864917,1.74376269931544,1.83969810087737,1.92059560650709,1.93166366411139,1.87759690991995,1.87870748605719,1.87521975728579,1.8629011954077,1.82893631917103,1.8002171912584,1.78228709253845,1.76274337448702,1.71987609490321,1.6755484106738,1.6540491023156,1.62645613597219,1.58639137676568,1.54281395723298,1.50526475369801,1.46963145440646,1.50841967219294,1.47704706377904
"NC320",0.00265562649535922,1.80536841340222,-0.391886386152567,3.01858781328938,-0.516800994014017,-1.3058903521838,-2.85199395087814,-0.883970146130975,-0.0510691949671678,-0.611156632840205,-0.763432540700372,-0.452810875808804,0.990524524326483,1.24718746741375,-0.96286268399541,-1.70047776180866,0.31711088117682,-0.729405875748817,1.36825306468233,1.1097116811366,-1.83315509949912,-1.70305552733681,4.45593799242948,-0.131541289781004,-1.04328763186014,4.24422358294275,4.46384321786328,3.82356579094372,-0.990524524326483,-0.471916624478022,-1.56990009216296,1.36825306468233,0.506451973136788,1.24257434450396,0.411722830789442,-2.68507462251164,-4.79970428257864,-1.96773112322597,-0.758867001613116,-0.271422911495139,-0.539582534552829,-1.19956032940781,-0.572863375622134,-0.515444191559232,-0.622138798441622,-0.233511704429634,-0.368715907650341,-0.698685912338811,-1.05121096039973,-0.608634509624067,-0.541340182888616,-0.523584095105495,-0.451447913112221,-0.277803242105512,-0.162967241028242,-0.122014365711183,-0.0794946943315855,-0.0722422656311443,-0.0502626303688468,-0.0646166752501662,0.0621567203720366,0.447998343701045,0.694978243663792,0.566067573005,0.620294591730296,0.476329930553351,0.290557787000279,0.232803845046939,0.211932210054248,0.156931340179545,0.10034950626476,-0.0084139529936007,-0.0843199764331795,-0.0929514115745597,-0.0956592559406981,-0.107408403867157,-0.107312200124622,-0.0728503871076102,-0.0777508828319352,-0.123463153040726,0.740652594517764,0.0686557683112146,-0.0341289461417256,-0.0756737960676985,-0.153650364977502,-0.147972993263424,0.17048396935978,0.046477227043678,-0.0778914948293838,-0.112358102114826,0.0258217908089207,-0.0144954350464247,-0.213287890335084,-0.284431064422439,-0.33378116678679,-0.392369493650984,-0.420357011971467,-0.468833947137572,-0.493901929699455,-0.493850645036463,-0.463924462763097,-0.475608442415113,-0.509507494472182,-0.529739383297576,-0.541163227172298,-0.549676371810718,-0.545964174809179,-0.549525467399598,-0.545882277690708,-0.536745996364801,-0.65666500319901,-0.75195054489904,-0.789198002088565,-0.802706767917608,-0.79256638756606,-0.795954136245966,-0.79741749039249,-0.791144666582481,-0.776781528789702,-0.760882742054654,-0.747897822150235,-0.742057957112238,-0.720659612416065,-0.69967258868808,-0.682812893374969,-0.667114243007795,-0.64767455685051,-0.621249489199836,-0.593013655689736,-0.570135768535203,-0.544291360872701,-0.513541529683473
"NC322",0.79574289286353,1.33665941315409,0.339539818515283,2.06499350444341,0.318768028128184,-0.0966064700569504,-1.88139105676149,-0.0945685463053228,0.804273159057748,0.653089423829604,2.31618911585471,1.07847480902485,2.70408313391125,1.51356191643183,-0.883970146130975,-0.341301375746541,-0.304407603388817,0.0429349044615765,0.42445656368122,1.77837390382636,-0.221565540691864,-1.4882116758897,3.49764052954443,0.790267790039356,0.34666068012085,2.79800444747591,3.61534814995963,1.49117444555907,-0.834304194079262,-1.17567186065927,-1.07847480902485,-0.471916624478022,1.3290018843192,1.21060319384104,0.824490017627427,0.967573534636251,0.157515204928855,0.835742365541364,1.18233543935395,1.3001276791108,1.24595059781479,1.13365764562785,1.09119364694859,1.13817246254535,1.14444405830031,1.11963275733254,0.890316166759644,0.811919224558338,0.694601582062693,0.932211202428503,1.04361372197778,1.07512107787774,1.09112757511852,1.07752129019151,1.06696643847086,1.06047385654653,1.0780353532031,1.08638118661661,1.13295371062196,1.21496074870186,1.34871710735162,1.48103202285163,1.54668150294005,1.87284422007838,1.48846206531872,1.40530862006983,1.34086575018708,1.28019722609419,1.17172743613218,1.06668099829949,0.968699379400126,0.86833870386559,0.793507049523152,0.790637889981437,0.786257441098727,0.785583225399162,0.795736507715171,0.807145555738495,0.837052019662173,0.817736981753289,1.28546414903254,0.875376754258617,0.837987146525,0.810223757770567,0.745406336535074,0.768607080976227,1.16175200172921,0.991259781176844,0.802467950860474,0.72848315760813,0.790173158840735,0.788708310582008,0.727266164267665,0.692483191298571,0.658725459349521,0.6236722424972,0.586087565905577,0.537774227235156,0.495525660963881,0.482063369228794,0.524205755562574,0.564522768472471,0.52172649498344,0.492533200220638,0.471751299957586,0.453608629801989,0.434494279736937,0.417663575113374,0.402517522489374,0.379922190272915,0.371922285978927,0.361358853189398,0.368615957922799,0.368328093964243,0.346232337410439,0.337707943899209,0.334296186070059,0.32511560412163,0.316943536968291,0.310902596447033,0.307935123301095,0.296897790296968,0.287142604752378,0.283349038764577,0.272235069300041,0.265134833013544,0.263051489460505,0.259478272569119,0.251409314629345,0.246115777427476,0.247739405395278,0.246542181721127
"NC328",1.84539587884733,0.179158943033984,1.88702732213318,1.47220395053313,0.0849894644716078,0.0504956242946069,1.67492163196952,0.71825067121788,-0.311076317158163,-0.611156632840205,-0.763432540700372,-0.452810875808804,-0.510660161724907,0.786615728168508,0.146455719262031,-0.025755877527743,0.357914485237236,-0.729405875748817,0.631984110269536,0.510660161724907,0.71061905412527,1.55483147406054,1.04882661804439,-0.649782622007887,0.174242496013173,0.903419101906965,0.934000857725577,1.55520757345637,0.129123061942014,1.04825627769741,-1.51356191643183,-0.396439512633857,-1,-1,-1,-1.57128860474737,0.624576268513499,1.19861237750382,1.47395727844845,1.60136886658498,1.55119618263448,1.39107623524363,1.3964416789622,1.51895103220204,1.57931223424305,1.41137210313766,1.21840791908358,1.20399750067384,1.09954008061795,1.23762806149912,1.31646905726862,1.38882404982556,1.41039709770878,1.38639960386784,1.37405824348337,1.3520666817242,1.3337111101646,1.35081712265773,1.4014138462953,1.50742593386039,1.59638848749673,1.52452348123797,1.3555339551979,0.986204588933769,0.859090196417614,0.961848970352535,1.09396949592425,1.15938532520355,1.18714940159848,1.18458900367702,1.16732052255488,1.14450688730155,1.13758752843661,1.18366602457008,1.23369232737796,1.39206324848008,1.52118863660721,1.60620854905132,1.56040837861823,1.49768012550487,1.46165557642791,1.74745771526796,1.49861737384134,1.13571165176605,1.17208287476126,1.37014199016426,1.96120590592686,1.74818718564393,1.48556199219524,1.39711506842021,1.48690439300363,1.81750413896897,2.08346937726418,2.1355309206419,2.1355725833159,2.14600035621779,2.10356485396132,2.09992053362528,2.07256294650538,2.10364271332199,2.18452889152721,2.16946602523529,2.1672368175064,2.16353824857652,2.16193247983017,2.16196967289785,2.15637387426633,2.15336803461342,2.13186092007091,2.09093955736225,2.23409937820683,2.3514149403242,2.5204755717527,2.55390050813831,2.44890198528109,2.4688385448192,2.46039315373954,2.44674547796101,2.41709517226588,2.39905267864468,2.38372305727649,2.3832144209234,2.3708763632796,2.36040616452542,2.37043025859154,2.39928725022172,2.42052114322991,2.44003522938661,2.47195513021296,2.50833978812838,2.85622344438235,3.01725671999815
"NC332",0.195494507612073,0.97431424755725,-0.00135318999151102,0.310765225821014,0.01514950177395,-0.319499925388267,-0.666748028377687,0.341301375746541,0.141903736561737,0.491196221367693,0.198740484735103,0.323158322823721,1.77837390382636,0.696203541899834,0.11182911219004,0.0773361111366767,0.160073770936179,-1.70047776180866,0.71825067121788,0.491196221367693,-0.122569673180465,-0.134285783954231,1.01816042140541,0.442778022059956,-1.54433040181675,1.1304608717261,1.16444798619734,0.732548428835975,0.163832490283551,-0.810229615729571,0.198740484735103,0.96286268399541,-4.87629325357183,-4.71339375241913,-4.46161830132085,-5.37577030888158,-0.0683870151764694,0.501642881655127,0.531064765345466,0.469293596293319,0.49650818219109,0.483525916649139,0.459300466543264,0.300043541258854,0.145425782410838,0.108862677617484,0.200352068739508,0.282198245608329,0.338922834224434,0.285999479861955,0.173446871862635,0.140679137689465,0.106754878059189,0.108398592557213,0.104523588672017,0.0886509013173036,0.0608798201324099,0.0648317903850129,0.0520898225184301,0.0401558249769678,0.00259586481195306,-0.0279368166081623,-0.0855204727421814,-0.368511004138591,-0.335527810980697,-0.305174136207755,-0.27415081778984,-0.214107894756462,-0.111248074500027,-0.0459266048718616,0.0182888089986111,0.0545581153525934,0.0796461319866963,0.0605474441069891,0.0440272825118113,0.0463654562896667,0.0409293033504095,0.0429629347694773,0.0243297398744335,0.0673551346361376,-0.396439512633857,-0.0010843196652498,0.038806447040215,0.0475522511321718,0.138850767313289,0.20263403679185,0.0065919767051692,0.0611761997476929,0.114172566712428,0.116515814110247,0.0200025893251545,-0.0022706563153797,-0.0339594523660841,-0.0470590245312114,-0.069865286529309,-0.0886690162481811,-0.103535539969718,-0.123827779647121,-0.167776187240889,-0.212707446564221,-0.218883158807411,-0.153385634262632,-0.15187953566669,-0.161392659901964,-0.172911135149648,-0.183253292448151,-0.189970779156188,-0.190564954847112,-0.195076058830358,-0.192230302803131,-0.173955585576616,-0.15123679714652,-0.143626772245964,-0.131009175078986,-0.10390551355493,-0.0826102159887395,-0.0635812209204104,-0.0531487222785411,-0.03112362529037,-0.025588832902769,-0.0201339743560639,0.00241140280485364,0.0112779309683613,0.0255896638175095,0.0354351370056145,0.0461659818616384,0.0581278329167707,0.0744780382582677,0.0849516132501063,0.0910820981330802,0.106713617401966,0.121777976714001
"NC342",0.0110257336876829,0.908646431312904,-0.36183127273971,2.0920699801377,-0.518679853822001,-0.896891008285618,0.208350956094356,0.377934231521411,-0.432983785865251,0.11182911219004,0.433869014530238,-0.452810875808804,0.834304194079262,-0.359557484765686,-1.14207064165905,0.216283046469253,0.119579103449879,-0.198740484735103,-0.491196221367693,-0.323158322823721,-0.739072478517209,0.493317835190105,2.15407591273952,0.975484096234799,0.599032351545201,2.31678432943713,1.90596089511335,1.1474758185346,-1.14207064165905,0.491196221367693,-0.146455719262031,-0.810229615729571,-7.2644688987198,-6.56921192790606,-6.16175403030696,-8.23086578837774,-1.73664288785911,-0.457149192540266,-0.20674035715407,-0.146494013998501,-0.17277094127373,-0.287832911766987,-0.122762867034699,-0.331574361383258,-0.572721922868043,-0.461898333021756,-0.424148022200899,-0.463976021286061,-0.488044889957423,-0.479980385311353,-0.683302112647647,-0.757377463394533,-0.777095634354834,-0.675576158057787,-0.608148151163362,-0.604203397508598,-0.637207289250564,-0.643241372727769,-0.680958837468001,-0.76047062118754,-0.821304324658282,-0.707617561569271,-0.645789115038826,-1.15031292019093,-0.893240614585891,-0.907207926780578,-0.959450080687101,-0.88077062559208,-0.693453521607669,-0.555488032383702,-0.420530471539205,-0.351226600824042,-0.281976286323841,-0.285870750060829,-0.276389348603798,-0.193392991256295,-0.128601601585149,-0.0310096885955692,-0.191142433898853,-0.229115266886736,-0.786615728168508,0.0670969919105511,-0.212012976975621,-0.378648621057143,-0.276617420603916,-0.216208583824677,-0.596028815555813,-0.418892037197395,-0.224436173736964,-0.128931526009601,-0.104023058990418,0.0266042450164035,0.0290084471678647,0.0556051262657933,0.0705548443191828,0.0713213108561475,0.0804531256488648,0.0653678619089426,0.0302199123120253,-0.0222228490839063,-0.0246273476189884,0.0393544696093393,0.0307204372740937,-0.000729182328245925,-0.0253157830756587,-0.0677157706639988,-0.0974668643713681,-0.140352057080959,-0.178055046023216,-0.228672662265366,-0.347025866336001,-0.461828101503896,-0.548012054860135,-0.569186597669168,-0.536214583290129,-0.539242551252203,-0.525455122843437,-0.512563929725445,-0.497238532686783,-0.486810910476078,-0.473384032427736,-0.471974673601364,-0.469057309457623,-0.48382091158708,-0.488872002573556,-0.519575391386003,-0.545516533862023,-0.574952330049234,-0.606218971146358,-0.644414755550064,-0.828395564356098,-0.948504229211176
"NC344",-0.50520352731676,0.222078114333251,-0.309460144952941,1.15062831714292,-0.847464416529138,-0.340612966937787,-2.79900097963323,-1.86884892689542,0.465337288429829,-0.611156632840205,-0.763432540700372,-0.452810875808804,0.359557484765686,0.740652594517764,-1.70047776180866,-1.41341326833765,0.0516539384255561,-0.729405875748817,0.452810875808804,0.59059096426631,-1.62248210978637,-0.980610499504968,1.76218854203526,-0.613425117746329,-0.372067758781297,1.43701779383926,1.88625818360031,4.46443858888443,-1.56990009216296,-0.491196221367693,0.396439512633857,-0.696203541899834,4.26832866514122,4.58299174327561,3.75874858937827,1.83784203991521,-3.98238037098338,-2.70200223609648,-1.97204609852483,-1.61987897740026,-1.80529494354402,-2.24615093123242,-1.75382572183461,-1.52015397070449,-1.38042523812759,-0.943358119671847,-0.935517104528487,-1.26086019675066,-1.52401134499332,-1.38242375600067,-1.286320397617,-1.24176329719311,-1.14426444441685,-0.959128487377046,-0.824429581945164,-0.752633481801381,-0.694721056656925,-0.687895746228349,-0.700394682601293,-0.779828423978773,-0.802376116875151,-0.635798966844411,-0.485396084347563,-0.608447733972537,-0.248862658362148,-0.284840094128369,-0.355232860530405,-0.382587477822581,-0.374604558157271,-0.358012079071656,-0.361465649921572,-0.363199257331918,-0.36804159114141,-0.34292286843016,-0.315283575918497,-0.306540948799262,-0.296803875100327,-0.278913155950012,-0.29526688277461,-0.387869788969261,0.251574639495799,-0.201963458746045,-0.256615204504282,-0.284383551760394,-0.406204202354182,-0.51010204097733,-0.415442197251004,-0.42380345311263,-0.408196889552404,-0.373785008909376,-0.226676011261286,-0.232408723344386,-0.301984304358381,-0.317403412481783,-0.325508311813937,-0.334619721219932,-0.330192352182891,-0.341156646982404,-0.332589947992483,-0.3174398401882,-0.295406967059699,-0.318449006809223,-0.337242955352596,-0.334532185489214,-0.335421252664312,-0.329933189742448,-0.325704596274247,-0.318674269814329,-0.312640402622849,-0.297058380162234,-0.346758111002878,-0.382175636074795,-0.390170520864991,-0.394284566264179,-0.385188660954083,-0.385765299974873,-0.381356421969766,-0.374612014436373,-0.367830220995936,-0.35943523346681,-0.351684113250463,-0.3436629468045,-0.329110956394226,-0.317314660676374,-0.302682251530487,-0.287149276672321,-0.279352824913437,-0.256107211417765,-0.245988783963646,-0.236700807131481,-0.23322570346349,-0.213746049411999
"NC358",-0.124205462738014,-1.23254291811649,0.345531952692874,-2.88829779027808,-0.409712509378306,-0.116007735765665,-2.06768731475604,-1.24718746741375,0.0746024693038934,1.04825627769741,0.41508156846907,-0.452810875808804,-2.11715641174795,-0.550186035237781,-1.04825627769741,-0.685306255956671,0.315312917518993,-0.729405875748817,0.0429349044615765,0.550186035237781,-1.99307792158571,-2.12892117861243,-3.45593651340581,-0.616023589103471,-0.838160014403717,-3.76319272814952,-3.41050730017716,-4.15949194076447,-1.04825627769741,0.396439512633857,0.433869014530238,0.71825067121788,1.66841155487275,1.77010066172122,1.40384639629609,0.311446895698638,-2.05804755276472,-1.45633944685786,-1.12687452277159,-0.969741006246635,-1.0567700667738,-1.27423261624122,-0.988981113489621,-0.875940931605503,-0.784562654542635,-0.536548104133098,-0.492570102582798,-0.655301347955342,-0.775476888314,-0.780782115352693,-0.727123083730776,-0.685274362398638,-0.619274076504398,-0.50411230285692,-0.418941336983067,-0.3721132352714,-0.340855509141895,-0.332628990786397,-0.340457706179701,-0.384591440604428,-0.418115346081422,-0.360428108813348,-0.303929492977789,-0.387447509972207,-0.15962581814901,-0.155093268293746,-0.158865625271042,-0.164283992185761,-0.136777063400478,-0.102220093853659,-0.0858442960703037,-0.0606642393893863,-0.0464032525118886,-0.024656574023701,-0.000461106064913674,0.0246135528511857,0.0492208137200756,0.0552290286594308,0.0036138934855503,-0.0699285332124788,0.0429349044615765,0.0810676592273922,0.0232929449240131,-0.0496743570982084,-0.111852891958583,-0.169585289808672,-0.182931243915092,-0.119957771321516,-0.0522051009733413,0.0025060876955858,0.109891745790076,0.194470633706929,0.237533663703288,0.260951758345791,0.271631340813262,0.297725388553448,0.314806857168331,0.348220579435797,0.399721266598989,0.425004981680304,0.413708097745211,0.3452890474129,0.357504124107625,0.374146186985568,0.390233822275879,0.405874974823332,0.418758449125771,0.429357316571158,0.444028560308673,0.444373148122566,0.472750543616666,0.484460588384535,0.502516250732266,0.496439510897553,0.474617947595378,0.462861562694978,0.454136389815862,0.44115867344723,0.420805756734993,0.410077370040825,0.3934186533053,0.376515112559415,0.349758292332939,0.322976636644222,0.309624570185847,0.288245617874593,0.263363041332227,0.244749266671652,0.213530697141169,0.188803238499217,0.166492173251249,0.150559379226938
"NC388",0.819827263847629,0.52493627590789,0.767333054635268,0.105374305546214,-0.0970257458715978,0.0182727182812261,-1.36874541766331,1.77837390382636,-0.0695056769639777,-0.611156632840205,-0.763432540700372,-0.452810875808804,0.129123061942014,0.377934231521411,2.31618911585471,-0.0773361111366767,0.164485341791134,0.377934231521411,0.129123061942014,0.377934231521411,-0.120825126057403,-0.886413178233734,0.469206090589376,0.669209551489577,-0.0996015874372728,-1.20133671913891,0.44274445301942,-0.959597447940476,1.36825306468233,-0.611156632840205,-0.269335868086709,0.251574639495799,-1.11486159905992,-0.661701741962086,-0.969145115448156,-2.7784503674172,-2.11871430516437,-0.457989750507734,0.226860642084038,0.518458184779777,0.356245112049433,-0.0425274113504703,0.278585779179254,0.359295534977633,0.33873346609046,0.483543903118207,0.315995046891332,0.14012219943656,-0.0789195124928556,0.157702544661098,0.227096795265726,0.273353380028507,0.329243098791971,0.431047723672547,0.500117774591751,0.515001135514716,0.523448590412875,0.540549443710965,0.575251899873555,0.615176401409079,0.709472371586718,0.855251323463672,0.885253396306404,0.63915022437943,0.606430064718065,0.589195383528692,0.554288475863255,0.573797023805999,0.600525022747077,0.593657430371622,0.574742643378304,0.519219393259588,0.483029693307474,0.497385485118176,0.515678386130819,0.604172716129077,0.68304449798416,0.759032294516275,0.675518105160453,0.603124944663133,0.834304194079262,0.910696925059714,0.643131346345388,0.396790034502748,0.394652066580421,0.508718827321054,0.870736227514847,0.763663964868942,0.634695491068349,0.612879947142648,0.746353763896029,0.95101410701176,0.998431494767646,0.998904395338074,0.970240024587254,0.945976167254746,0.915893234834146,0.888844752353334,0.867420293520887,0.880348012085144,0.942444845958231,0.901041345949897,0.887545234107427,0.876459956871948,0.877500994592703,0.878288876941374,0.877839650059276,0.878115820645053,0.876622259610594,0.871489449540536,0.874090652344546,0.869440128703189,0.943651953809283,0.947574472079992,0.888507253413783,0.888208373916852,0.879618075096643,0.870792644679207,0.862005754501321,0.860094104978982,0.858636633161778,0.858475156481701,0.866268575493045,0.877748895563251,0.894293860213162,0.918237106146438,0.945408647506345,0.978066638661089,1.01042759241623,1.06196814996936,1.27550170631931,1.41125006230403
"Oh40B",-0.736475748868659,-0.866028460317937,-0.224977345117132,-2.12281561368659,-0.444221170942855,-0.198548708785622,1.37632259656803,-0.491196221367693,0.801702278081781,-0.611156632840205,-0.763432540700372,-0.452810875808804,-1.14207064165905,-0.96286268399541,0.396439512633857,0.471916624478022,-0.34076477503192,1.14207064165905,-0.696203541899834,-0.510660161724907,-0.00550450518188306,1.09933688851705,-3.1080142750157,0.218623493354044,0.99268915011968,-3.07577545989292,-3.10588880252898,-1.49648740607226,0.41508156846907,-1.51356191643183,1.97785377045181,-0.025755877527743,1.99181940510709,1.84688109789875,1.97784182624693,2.31402445928926,0.295831136949169,-0.851249596589258,-1.26871320761833,-1.3955991152107,-1.3708917383822,-1.26154219865308,-1.18505715962116,-1.21564401177655,-1.20298172020565,-1.20326659338511,-0.975284330498572,-0.889655431863041,-0.774884624508699,-0.984453008033662,-1.01961456128496,-1.00768696366209,-1.00221619017095,-1.00494160218638,-0.993845879670012,-0.978641803613157,-0.974882892873543,-0.965644869139864,-0.978943133418404,-0.996272242619134,-1.07876835187942,-1.21223100145486,-1.28850724599028,-1.55652945198462,-1.27143145870721,-1.19082872027999,-1.11100200314845,-1.08618416894859,-1.04728244347137,-0.998146461120169,-0.954111954929614,-0.889837924800277,-0.844772889494105,-0.84090618159527,-0.8359754940915,-0.830039445634992,-0.820799278906179,-0.816588055096042,-0.8519159132637,-0.838289710885012,-1.1097116811366,-0.808104835092184,-0.787739481658154,-0.785883191195738,-0.766434455347437,-0.793494819036233,-1.01717033706633,-0.933548802206647,-0.833722372330747,-0.793407921081411,-0.839725476681045,-0.812607903047964,-0.727776820840048,-0.685675697109925,-0.640042303723166,-0.593789282568823,-0.552288601850089,-0.499979020120324,-0.426647522299668,-0.37781196665297,-0.39604245434498,-0.441062742898331,-0.428516007822363,-0.406880183952208,-0.378439066981933,-0.347107567629034,-0.325300881159288,-0.297348334013462,-0.272376840848448,-0.233572048986999,-0.223966487862241,-0.20408850094424,-0.186552992827147,-0.182628238101688,-0.1930165945837,-0.190939422105721,-0.190182859899444,-0.194144796923144,-0.19295294350844,-0.197078471819462,-0.195834364749738,-0.208979234511701,-0.206126750237043,-0.207177882409798,-0.208450687558732,-0.2160435479086,-0.214685287291544,-0.218656695439338,-0.225035347540642,-0.223469984070516,-0.222478232754504,-0.230511294034201
"Oh43",-1.33173650975017,0.0036289473048734,-1.02667663780099,0.615697962855291,-2.06725991772866,-1.68752128109079,-1.6831004704663,0.0773361111366767,-0.948902115074414,-0.611156632840205,-0.763432540700372,-0.452810875808804,0.810229615729571,-1.07847480902485,-0.810229615729571,-0.491196221367693,0.0772374734132573,-0.729405875748817,-1.1097116811366,-0.909637531305093,-0.202893481556146,-1.49230631241112,2.70480895224432,-0.468939533641586,-1.34472730500012,1.91928049343048,1.52387420085272,2.24815896020423,-0.858872326088155,0.359557484765686,-0.96286268399541,-0.909637531305093,-0.878749547868779,0.309708426464045,-0.651954244679014,-6.09559142881837,-8.36835747479206,-4.93625926475751,-3.53168627079658,-2.97833625160222,-3.30258464569191,-4.16168898971593,-3.04540691800998,-2.93809585721643,-2.96694370104202,-2.21917185897089,-1.99310131169163,-2.41350453249091,-2.7988995289686,-2.70301969677141,-2.69626629828442,-2.6630853432386,-2.53768327931184,-2.19990271866935,-1.96080879487319,-1.86262044683434,-1.81550211465753,-1.80021897883952,-1.84079252241934,-1.99430815559191,-2.08744545424615,-1.80199675433391,-1.57299183345343,-2.3208779429188,-1.56414971099041,-1.61763458571824,-1.75159666850278,-1.70000451119688,-1.53183993964773,-1.41200463427795,-1.31540302355186,-1.2889487674012,-1.25836353696233,-1.2719383723102,-1.28008213338817,-1.28606296012499,-1.29293013509421,-1.27522048285956,-1.38730984472879,-1.41183943670762,-1.28546414903254,-1.2378939802417,-1.33806877503677,-1.38423066697029,-1.36113173142832,-1.39969227531585,-1.71034831793391,-1.54076618545956,-1.33345693578471,-1.22553601988941,-1.1628089007868,-1.16595608826404,-1.25966757962635,-1.26623638445107,-1.25511497171883,-1.24938906038535,-1.22017738280603,-1.18649670355993,-1.10308477172993,-1.07912235115704,-1.14608327763416,-1.18687064708139,-1.15212525102691,-1.12527251812841,-1.09494456299973,-1.07068633968737,-1.04762488997419,-1.03004156718366,-1.00021659734452,-0.961815312274507,-1.03393658457123,-1.09580698611926,-1.14417521736816,-1.15669574630213,-1.12752442289992,-1.12944634752821,-1.1188522522936,-1.10795605296086,-1.09058700065571,-1.07674102721804,-1.0617758849355,-1.05865859321998,-1.03360738793597,-1.02218138809207,-1.00268006690354,-1.00857651165668,-1.00224324224608,-0.977906590979805,-0.972253463892224,-0.955481328012914,-1.00746709243034,-1.00592860619013
"Oh603",-0.248727490734707,-0.973078288729857,-0.357538841853551,-2.24210667293394,0.643674729124475,0.469173406358507,-0.415877347273398,0.883970146130975,0.112951123204824,-0.611156632840205,1.41341326833765,1.1097116811366,-0.287182477071437,-0.810229615729571,1.32572287710879,-0.181258875917563,-0.00240132687587424,-1.56990009216296,-0.305121032902364,-0.41508156846907,-0.684117697902631,-0.229290193633641,-2.55869307441928,-0.923068677093665,-1.14829364636211,-2.62520450618907,-2.20840532730537,-1.11226822359718,1.28546414903254,0.834304194079262,0.146455719262031,0.377934231521411,-0.13786949281188,-0.298596298170539,-0.0849702204918567,1.30130256062763,2.18622492191085,1.58266736998183,1.30202737909971,1.1804377914556,1.26672138193532,1.48059831578936,1.15458214259956,1.05438374623509,1.01767047580584,0.754973201727428,0.587360424761362,0.707099776055091,0.796325306615298,0.765806029476332,0.792949019548946,0.790338873900805,0.745909660367397,0.639485518300399,0.562891138097296,0.533854615825406,0.536993774065567,0.550091633893311,0.605949297098493,0.717342359244399,0.85927512818496,0.91868455777713,0.967460021384305,1.42823530302538,1.10404295479063,1.04480144988851,1.01777616842605,0.924923042563922,0.769938770732037,0.626382922811894,0.49478070870624,0.388115421567534,0.294542733202439,0.259398648668069,0.211524071226382,0.116158665083633,0.0540981841862229,-0.0282310839149431,0.0314722371412983,0.0305110244480407,-0.025755877527743,-0.141706915838191,0.0872010412243052,0.26243983584039,0.140762738258732,0.104728422947157,0.183723402108953,0.199942764940989,0.113948379419244,0.0481489778984132,0.00748869941400043,-0.158493418117692,-0.266702542865906,-0.317796436103605,-0.35614646787333,-0.373373251526741,-0.393227355956437,-0.420593286470075,-0.455167198245356,-0.472671666255004,-0.477619542274787,-0.471961701109368,-0.466840772533886,-0.465477484597116,-0.476464071929095,-0.481171923149648,-0.484118544683861,-0.491324639647328,-0.486078819217964,-0.481258805051233,-0.512348229447397,-0.543510095131454,-0.566935780946946,-0.570382738873876,-0.5513632962748,-0.55142693058655,-0.543585616418537,-0.542737098693888,-0.5309918459364,-0.521667014099745,-0.523025428449501,-0.51587316956574,-0.50696279073208,-0.500301483156517,-0.497715590982434,-0.501105162224106,-0.500827389484245,-0.495750289361277,-0.489062667599957,-0.486539537835666,-0.510720399743959,-0.511547072876123
"Oh7B",0.588159792240752,1.14121506909922,0.511109919477218,2.12583009093348,0.677678752698535,0.605102748443649,0.206566231577753,-0.396439512633857,0.673595542992053,0.0429349044615765,0.909637531305094,0.452810875808804,0.0257558775277432,0.935918660781145,-1.17567186065927,0.305121032902364,0.339011938978101,1.41341326833765,0.323158322823721,0.96286268399541,-0.853941940426547,0.273193114841895,2.64794952095238,0.0611504411741772,2.36579570928525,2.15572482748328,2.63516882073084,2.0949982837005,-1.24718746741375,0.510660161724907,-0.305121032902364,-0.377934231521411,-0.656568462859759,-1.35354195971183,-0.551010364506247,2.26133916364245,4.8912918833516,2.47946079613204,1.42559445911117,0.999448291457095,1.2367160295715,1.84498881103435,1.1878652584937,1.03141125915718,0.998140028331284,0.454206261531281,0.489333997236022,0.859071330590823,1.21473004858109,1.04130503114152,0.94008203969231,0.895762273649822,0.799669556666841,0.578974502626373,0.430686698573074,0.355713751280179,0.301207499157476,0.297552974068578,0.302791695250802,0.376451509441206,0.370271784944684,0.139411373981054,-0.0273099111897596,0.0858402678249399,-0.0903882649638957,-0.00390632758085541,0.11522415898398,0.123409284971616,0.0873902273303577,0.0596901740555837,0.0492405051412736,0.0721576647840052,0.0858004760463045,0.0674718380249784,0.0433418551180811,0.0265202026062139,0.00930454366940148,-0.0451253241986335,0.00176504005179101,0.0961587171635101,-0.740652594517764,-0.157383931077191,0.0276519850625261,0.114698554443525,0.212931876617229,0.28462158318827,0.188863463532996,0.219162691656612,0.209298096365502,0.170052196080893,-0.00683891470912157,-0.00187707430859352,0.149254397826952,0.195976204393642,0.222835538286376,0.271018783142165,0.28979488050903,0.343262213923139,0.379952749587666,0.403321182652878,0.38239655666048,0.35552897680291,0.371952438490176,0.397197650130762,0.422391412018622,0.443296990292305,0.462343301725584,0.486685537017127,0.500864011549495,0.51450501707018,0.648685834110839,0.780319914499908,0.855738287671473,0.882180864501929,0.859821513327056,0.879329245576738,0.883736632453856,0.882847782078539,0.867770588972697,0.858037794470583,0.845092109710808,0.837664110068519,0.823632802515456,0.813874759113836,0.806470759471856,0.801930638084386,0.814446885601179,0.804940487432432,0.80822592518418,0.811693084596111,0.89989776637577,0.925149791222285
"Pa91",-1.03099705892918,0.366557160075705,-0.514726729650097,1.06592289374031,0.0261224586147253,0.767950493778978,-0.222968311692255,-0.163832490283551,-0.507639936793704,0.0773361111366767,-2.31618911585471,0.233892426225297,0.570272115143842,-0.990524524326483,0.834304194079262,-0.269335868086709,0.315286345585363,0.129123061942014,-1.04825627769741,-1.56990009216296,-1.59437299650126,0.0626731398234877,2.33758470426546,0.420408812207935,0.176928632227242,2.34134310758824,2.42469986281374,0.616120283366719,0.740652594517764,2.11715641174795,-0.452810875808804,0.530319525843568,6.50614034803053,6.10807252701411,5.55596535300673,6.13872367246377,-0.672809264845871,-1.45424186584725,-1.57669105063769,-1.58662892949965,-1.59492332102129,-1.54357636694907,-1.43316987621186,-1.29268089854587,-1.10186734236168,-1.06336584981135,-0.95516539119792,-0.941221770607015,-0.894008618104564,-1.05441193870362,-0.921861110448999,-0.886558150021694,-0.872376007156527,-0.911910177225469,-0.935134167697228,-0.92079158557971,-0.889701347794213,-0.898221660244936,-0.916548010851599,-0.941601097120893,-0.978476993092334,-0.981443473615945,-0.889440832791402,-0.654321442345201,-0.543785035777545,-0.587705112254424,-0.642956535334074,-0.714705763603719,-0.806021345354078,-0.865676260081376,-0.911916341969163,-0.915093667706046,-0.922763402209297,-0.942780321042104,-0.969337496563795,-1.09817562272493,-1.2172029974163,-1.3267904628231,-1.25437029712132,-1.23751507309936,-1.14207064165905,-1.57100531078324,-1.18120745474304,-0.891068538868516,-0.992578822715926,-1.2234903290266,-1.45991591538402,-1.38171285206418,-1.27426282647687,-1.23446221553034,-1.31458628957103,-1.5566924317776,-1.56406616264331,-1.51884139170619,-1.45595513643372,-1.36251407284762,-1.2374574579449,-1.10826241933894,-0.992405587175286,-0.991260771725105,-1.12831745337928,-1.09543897367227,-0.983020832662897,-0.915231523356831,-0.870768464752721,-0.835438715039177,-0.805036830845525,-0.767553506680204,-0.726837824421519,-0.680288654813957,-0.605961847771857,-0.539188606280475,-0.562480457806381,-0.54149476088845,-0.471320972783263,-0.429417898474431,-0.395612994846822,-0.36459066795168,-0.325935613040371,-0.313538452468115,-0.302300490819723,-0.293229693181967,-0.289209912964073,-0.296984539829749,-0.308338551074424,-0.328202243407142,-0.354154882615645,-0.384507685276589,-0.409566422126943,-0.443340230993656,-0.53811120964743,-0.595189955234181
"SC212M",0.375016708687602,0.421068837139438,0.528204472967105,0.392803178043862,-0.741866668103893,-0.868865152680432,0.784171804576979,0.763432540700372,-0.915249199289908,1.14207064165905,0.763432540700372,-1.56990009216296,1.28546414903254,0.491196221367693,-0.858872326088155,1.24718746741375,-0.50207474868598,-0.729405875748817,0.491196221367693,0.0601266125902895,0.707246565105929,0.721040774968186,1.41681660423295,0.540134794133202,-0.951937952281885,1.30978826729514,1.37448666945513,-4.54545518291039,-0.810229615729571,-0.674489750196082,1.41341326833765,-0.550186035237781,-3.864668093883,-3.42968856988072,-3.44171969483004,-5.25678173618441,-1.98667687394896,-0.86142307913493,-0.538331394499802,-0.459565338914008,-0.518673639745426,-0.718639322791868,-0.481186574859635,-0.50245854227096,-0.567557327665684,-0.329469125990968,-0.156664194446852,-0.281969151400371,-0.391425121512556,-0.46411602353498,-0.527918775047332,-0.529008477956958,-0.484589976188635,-0.344385187995061,-0.236033508359963,-0.191261440264346,-0.187553635218291,-0.179211030872319,-0.207803461042544,-0.285016273399852,-0.37330626813841,-0.360198429361554,-0.374453545907871,-0.718878285512049,-0.525275620054604,-0.48912382668659,-0.479175792300121,-0.391215496017456,-0.232815431698502,-0.0942897608226363,0.0295498615498275,0.1151810256614,0.185943060304314,0.206754095928604,0.242210675299185,0.344033111021206,0.425220572714712,0.518919988656151,0.387005432251087,0.320118199561736,0.0773361111366767,0.630326844117137,0.389476153627479,0.182545506001146,0.229847098084401,0.252331499974906,0.0351878976276363,0.135266295489122,0.271219900069241,0.351910803675713,0.422722781351065,0.618360599459068,0.711359282096746,0.756068000583019,0.776413960110039,0.786753489336303,0.780071758202061,0.765019449014066,0.757879612606718,0.732275852154832,0.740619753811506,0.798350574702268,0.799107805491015,0.779515472629611,0.767997357778468,0.753782221548877,0.74260022156118,0.724991771297093,0.702332400678884,0.67667010154567,0.666442119862835,0.653810787609375,0.663454478177304,0.663317999494327,0.649286856098662,0.653314474267771,0.657777845153723,0.66170928369718,0.662543521058564,0.661150290999971,0.664265991914647,0.665054007514308,0.666348575424662,0.657299537252012,0.658151169669268,0.648244289306449,0.63564093805904,0.624854743102951,0.606551715228002,0.588236384992106,0.590354445072341,0.560355478223918
"SC229",-0.298464289400422,0.245259001263647,-0.26575952581027,1.05841836997578,-0.297707047690922,-0.25233017211863,-0.989106247939823,-0.96286268399541,0.590888677930108,0.510660161724907,0.377934231521411,0.433869014530238,0.550186035237781,0.163832490283551,-0.025755877527743,0.883970146130975,0.335545651931109,-0.729405875748817,0.11182911219004,-0.251574639495799,1.84841629212206,-1.22535426093279,1.6896831079245,-0.294473772346333,-0.763631476081755,1.44669359673615,1.80342471617517,1.22187377836128,-0.00858444884039585,-0.96286268399541,-0.0945685463053228,-0.570272115143842,2.1796627279126,2.38170076778047,2.32819705880477,2.6588474990382,-1.08531352548097,-1.02561079948234,-0.884612496129484,-0.788552035549365,-0.81887303959198,-0.865564128717081,-0.752033391944543,-0.595660995437235,-0.452458247619223,-0.229327478334856,-0.251387357486163,-0.383218095360482,-0.462318030198279,-0.332238606415273,-0.23560111203127,-0.217096610245633,-0.181240147048478,-0.149759029185579,-0.125770358218155,-0.0972027310436945,-0.0472329422797181,-0.0606826482158527,-0.0697395056484479,-0.116693674415213,-0.130184081641703,-0.0824983941334423,-0.0116249079330631,0.245681631656828,0.291261007256396,0.262675604779074,0.232834904376366,0.174693922900878,0.114104579358142,0.0694733170990214,0.016648037385927,-0.00218326850288719,-0.0369481921056931,-0.00961883163487254,0.0156746425642451,-0.0461799674317889,-0.0918266582102925,-0.131344088704476,-0.0370362742341548,-0.106842560226467,0.990524524326483,-0.086079276537075,-0.0303450618957561,0.0666996302551204,-0.0974842380116617,-0.255192391864635,-0.0125656552537925,-0.115440709600395,-0.197385427889435,-0.207630699341505,-0.0471495384167606,-0.198342423076744,-0.345103749745343,-0.391811901711963,-0.41831825654133,-0.423643523906452,-0.402838045331103,-0.398514472775957,-0.373919749365624,-0.346594414390962,-0.319733145535112,-0.431220042198503,-0.424620315207633,-0.40396061161015,-0.396577922952109,-0.386381120276729,-0.362204871577321,-0.338631157128752,-0.309825222078644,-0.273932264157809,-0.327161508853628,-0.373398555955482,-0.39523639818288,-0.395636905725306,-0.369757236775178,-0.375324055986461,-0.377716232234751,-0.369029853816661,-0.361849871593493,-0.346933962654014,-0.341328952530125,-0.331924671694879,-0.322239403070082,-0.317673238157718,-0.319391821909309,-0.312077391692489,-0.308821850351534,-0.300772957379826,-0.297575732430279,-0.286229603963596,-0.300584186472935,-0.29194320340567
"SC55",-2.12844693178794,-0.761956005880291,-1.64128192440645,-2.57198422407887,-1.09970855959735,-1.26248415866067,-0.698015817260057,0.305121032902364,-0.663300314546082,-2.70408313391126,-0.0429349044615767,-2.31618911585471,-1.46165557642791,1.41341326833765,0.359557484765686,-1.14207064165905,0.515336526840217,-2.11715641174795,1.01896585286423,1.41341326833765,-1.00668563949786,-1.03765413777623,-2.25980393304423,-0.735257724183585,-2.71386349004697,-2.41830218241482,-2.10079557200516,-2.45792387959199,0.377934231521411,0.163832490283551,-0.71825067121788,1.70047776180866,2.81872384828288,3.03436679820441,2.46975186039897,0.717961345299249,-3.80261394615748,-3.53304006241039,-3.35608536341572,-3.2842482336392,-3.34931160859633,-3.50624538515716,-3.0138864737017,-2.99202673032172,-2.95652654586407,-2.500793392166,-2.05646042971038,-2.20193622584747,-2.24405184999296,-2.51904891949557,-2.57495117926964,-2.59681439514969,-2.5532107830556,-2.38315781815454,-2.25218743403639,-2.17794288668177,-2.14636649474033,-2.15439486387361,-2.24302109526295,-2.43488743368756,-2.65848100957297,-2.64068951448661,-2.52417235070503,-2.79166993089314,-2.15748547017214,-2.15298896194778,-2.20853930947009,-2.18763448008896,-2.05269140169223,-1.90191430369139,-1.76150446098132,-1.61413170646743,-1.51847345387326,-1.53082567962605,-1.54233425481039,-1.61982274718058,-1.69716377761015,-1.73611138995402,-1.78678985983804,-1.76776985882274,-1.86884892689542,-1.91856064496836,-1.74902024881954,-1.52032728777892,-1.52910066902386,-1.75657797866291,-2.6485786798149,-2.30698430036695,-1.8737445212521,-1.68732168148949,-1.79060919673092,-1.99226905340453,-2.09599716859053,-2.07125505230247,-2.02121829001727,-1.97349545405184,-1.90658190856141,-1.8531427086564,-1.81299867179895,-1.87121944332798,-1.99277699443479,-1.9064905911857,-1.8735672469077,-1.86799966746725,-1.8658532301208,-1.87509579919641,-1.88081298827268,-1.89739161019451,-1.8987556888558,-1.89568422534493,-1.98705821965455,-2.05339964671285,-2.22209421525506,-2.24643854451653,-2.12030063068347,-2.12116814464628,-2.09572179734338,-2.07486449129232,-2.05039404449437,-2.03952170100625,-2.03084409937031,-2.02944651355459,-2.0379571048875,-2.05395255133202,-2.07091829085926,-2.12349388871921,-2.16619935290311,-2.22561238205663,-2.28594806717549,-2.3529307975774,-2.78841541649419,-3.03412624398343
"SD40",-0.497583658578151,-0.16577828605332,-0.0178325280103849,-0.230153917757414,-0.41890075997717,0.0825856564490133,-0.207911743945252,-1.04825627769741,-0.411081536138843,0.786615728168508,-1.86884892689542,0.359557484765686,0.233892426225297,-0.674489750196082,-0.653089423829604,-0.909637531305093,-0.0824394611280151,0.41508156846907,-0.653089423829604,-1.46165557642791,-0.90720823510944,-0.637589734332961,0.0513144692299021,-0.175501731379837,-0.267130552421787,0.168495916619996,0.164199448143175,1.88752107877015,-0.59059096426631,1.28546414903254,1.63171411090351,-1.32572287710879,0.631006168910201,0.342649816973802,0.690475532143781,1.89115416360973,1.55846393952552,-0.145585584802559,-0.862693564949862,-1.14821718591531,-1.01115125083062,-0.693750163084751,-0.884374157082997,-0.961497077821153,-0.915600009560905,-0.97191121859478,-0.716464966300017,-0.570313365903535,-0.36513676878729,-0.691052632244029,-0.775508194890948,-0.797000452932747,-0.821943419262352,-0.856824637099339,-0.869307276729794,-0.863546684503924,-0.880173425247195,-0.878408834498978,-0.924762455313423,-0.984256793180205,-1.13241495881403,-1.33098480903793,-1.40842404608791,-1.4567335204196,-1.20074336982509,-1.12248561358453,-1.03891092935525,-1.01087041533186,-0.942091304331417,-0.861453902888109,-0.767534075049795,-0.647677869901771,-0.554570246665796,-0.547680777855752,-0.531755830614453,-0.516621285222623,-0.522438676046751,-0.507831436138169,-0.56917763596137,-0.567973700576804,-1.32572287710879,-0.590559795897941,-0.580923479541993,-0.562539587424201,-0.515539511477591,-0.582841594838685,-1.07119590075224,-0.851416418335792,-0.608245780115673,-0.501905984653626,-0.572190151405867,-0.511135510060436,-0.351581322783365,-0.265944366737098,-0.191334417756225,-0.136759967652448,-0.080484737158022,-0.014435895943137,0.0562659305914803,0.0673065312246066,0.0198127138301059,0.024354255222127,0.0465855207730066,0.0624963688527553,0.078328532493988,0.0880651104739401,0.0887394548309806,0.0902871126110039,0.0877357201110127,0.0885536635035973,0.108313023032669,0.120483739421055,0.107444272715003,0.102491186222352,0.113710285426048,0.114587008187762,0.118655789345528,0.11950315068454,0.116238255972684,0.115043876054905,0.109875038077462,0.1068869645699,0.0994240975834328,0.0882323434147367,0.0814378467206167,0.0640536551927433,0.0447392428922411,0.0249723099763082,0.00452962439655558,-0.0181617899647045,-0.105585519359681,-0.172393990494382
"SD44",-1.44352138407782,-0.254511325876046,-1.06694622518443,-0.714539402236909,-1.63537141738847,-0.825655919432165,-2.50152957682862,-0.216283046469253,-0.48900372401161,-0.611156632840205,-0.763432540700372,-0.452810875808804,-0.510660161724907,-1.63171411090351,0.251574639495799,-0.685306255956671,0.16609818107803,-0.729405875748817,-1.28546414903254,-1.77837390382636,-0.671494612087405,-2.491308031611,-0.722642426843132,0.463967147218533,-0.763330093661237,-0.926916571710315,-0.701762004284039,0.848958073159464,0.251574639495799,1.56990009216296,0.269335868086709,0.129123061942014,-0.618917799136803,0.494296087813407,-0.0274945103885801,-4.38216681090737,-6.91889429540628,-4.60977814757287,-3.63922522057367,-3.2217857002158,-3.47987796540514,-4.15213486157588,-3.18164490809576,-3.07973079109854,-3.04302331485595,-2.3779022711726,-2.09766699756592,-2.43653562791552,-2.72218753456638,-2.7447766979075,-2.73470730400785,-2.68782042329385,-2.56129241075052,-2.261311022297,-2.04396742437379,-1.94236686189248,-1.88870045010961,-1.87491096079174,-1.91662037093834,-2.06497043515185,-2.19442261387038,-2.03908373868607,-1.91018195881038,-2.70067725414259,-1.87650833770653,-1.84390804324131,-1.8838262126446,-1.80450425266572,-1.64009955103096,-1.51274876615692,-1.41579620179267,-1.36887520545467,-1.33174134658146,-1.32578870863918,-1.31331105817188,-1.31712619883319,-1.32598757040121,-1.30803475007052,-1.37700659661412,-1.42854837313386,-0.990524524326483,-1.24083694389833,-1.32774570086385,-1.36897064629356,-1.41587289889176,-1.49735731793277,-1.73071935459298,-1.58904465925286,-1.41623190794084,-1.32313442234585,-1.22869105496265,-1.24549413969958,-1.33357972146169,-1.34592253579389,-1.33872180479786,-1.3344281936053,-1.2937605967276,-1.25120091891698,-1.15162807622876,-1.08001600732887,-1.11047252191416,-1.2691456347701,-1.2562912364428,-1.22707490057253,-1.19352708736086,-1.16025282977325,-1.12590145930189,-1.09131593649968,-1.04274286211826,-0.984614040534357,-1.06924747360329,-1.13905922774917,-1.17312418996496,-1.19587721811932,-1.20440070808537,-1.22895651898892,-1.24576773930609,-1.25787293112353,-1.26319539847219,-1.25909610792118,-1.26654869096843,-1.27811193267695,-1.27330577299133,-1.2664145045286,-1.25864068581231,-1.25926590383726,-1.25161447713408,-1.22801749589066,-1.21783000205095,-1.1928897947268,-1.204248493284,-1.1730168882599
"Sg1533",-0.932999621418031,-1.98362281219297,-0.310088734829582,-2.75475420854333,0.111989099139094,0.723937737753054,2.25741160465238,-1.21065567398101,-0.767922042586165,0.41508156846907,-0.129123061942014,0.269335868086709,-0.510660161724907,-1.24718746741375,-1.21065567398101,1.41341326833765,-0.168597756682066,-0.729405875748817,-0.858872326088155,-1.14207064165905,1.72922844527359,1.34467320512016,-3.36308609929452,0.406353949502457,-1.94763605047495,-3.08160388010708,-3.18554664675825,-0.49160863856274,-1.32572287710879,1.97785377045181,-0.0429349044615767,-0.181258875917563,-1.49969145385959,-1.40443020627288,-1.17476980733741,-0.915331105070705,0.189678325891755,-0.500394031364327,-0.89584283126682,-1.104744289976,-0.99465204331159,-0.780636582556093,-0.875979323479333,-0.938180633501202,-0.885343484323534,-0.842877763363534,-0.563631436738791,-0.452221105553566,-0.293140526776635,-0.658798823760096,-0.750181573349389,-0.776972011770164,-0.792938414285234,-0.79815304222093,-0.789977359145191,-0.778759666306422,-0.793049705382679,-0.803633622087785,-0.854285154149629,-0.947594082041554,-1.1180018065911,-1.28063363163869,-1.31302544240909,-1.30104931700412,-1.14522072258946,-1.11676267596586,-1.08422409695164,-1.04723459088414,-0.955631464565937,-0.85162715233383,-0.747219795522626,-0.611580910183772,-0.522228968680697,-0.527998262016086,-0.53721379186657,-0.578728230223118,-0.621119108980203,-0.675867017072938,-0.687944019517852,-0.642979027028192,-1.51356191643183,-0.888005721660175,-0.688581594347741,-0.512099340851248,-0.484743212062724,-0.610431047576238,-1.26575754038106,-1.03511851560639,-0.755535287403912,-0.653525953404998,-0.821677195029001,-0.939556934125748,-0.882579285142997,-0.824147834628027,-0.764287471331543,-0.689252573708643,-0.63189501789602,-0.577998339426225,-0.54513179702538,-0.566733907623993,-0.643392528695236,-0.556840894999049,-0.507549118633275,-0.48345873720915,-0.462933236805911,-0.456973823347441,-0.461964891712668,-0.460407502327625,-0.462412904017267,-0.453184953145069,-0.406501685588349,-0.369267642812609,-0.416398161291123,-0.403525302282179,-0.324627520587467,-0.300977140827041,-0.268509928327737,-0.252258080727037,-0.226219424840049,-0.214262050314323,-0.208929359983992,-0.195707673833059,-0.19483761884312,-0.202524239626618,-0.207098373605913,-0.21784141835272,-0.24008373889713,-0.278600649949496,-0.304690598774992,-0.341548093291313,-0.53084321938609,-0.653983713945052
"Sg18",-1.01048235371857,0.456458771387004,-0.569360487922268,-0.719733899035611,0.106904481697677,0.187219054212,0.250613219813759,-0.990524524326483,-0.599578949334719,0.129123061942014,-1.97785377045181,0.550186035237781,-0.216283046469253,-0.59059096426631,-1.56990009216296,0.00858444884039585,1.22194421364653,-0.729405875748817,-0.883970146130975,-0.269335868086709,0.102663409022939,-0.753362949900596,0.354607133306149,1.52616026567901,-1.09007811260995,0.299042251804551,0.422187219906178,0.561633497638359,-1.63171411090351,0.674489750196082,0.530319525843568,0.471916624478022,0.291058224685816,0.0629595687795548,0.617012236598878,2.60946963328103,2.18085032508426,0.0910253092204631,-0.841078802275288,-1.24099660172852,-1.04240966710254,-0.536565398824204,-0.892157801269331,-1.02096611148395,-0.962504517422797,-1.10179875709756,-0.800905757823461,-0.555541796562002,-0.253118038404949,-0.739076722332793,-0.824047530202982,-0.871440496869768,-0.921271151179446,-1.01174754359363,-1.06296080778899,-1.07421942675689,-1.0815889104492,-1.09053774298961,-1.14460281592514,-1.21725997388836,-1.37778857398991,-1.57884858642274,-1.59572009729328,-1.3351312685898,-1.25267192831997,-1.24167687975187,-1.21502442476413,-1.23369954500077,-1.22153267343425,-1.1742781456899,-1.11161030144154,-0.984047852355542,-0.902132064485452,-0.923215570390618,-0.950004092600793,-1.06574502174925,-1.18308053893053,-1.28639503842388,-1.24006388949894,-1.16422242971027,-1.77837390382636,-1.58095157488303,-1.21182021951032,-0.861017009534685,-0.874558347053035,-1.10014578286639,-1.89570635066346,-1.63050627174291,-1.28973611148013,-1.17689590455073,-1.39704386019192,-1.65287974517268,-1.62752978472867,-1.55032745230726,-1.45995226230894,-1.35812362186874,-1.24792563144578,-1.14423536037921,-1.04238338404289,-1.03324460198691,-1.13084742039311,-1.07228364191415,-1.01345757132211,-0.963828783189991,-0.923080026021373,-0.894644355688688,-0.877468854558889,-0.862994029982083,-0.837065762636381,-0.808680092685264,-0.728837990615703,-0.664390655001126,-0.730375378388249,-0.707025256241347,-0.605683411069378,-0.573209526362379,-0.536080169068533,-0.506893304261771,-0.485026725304832,-0.472984130078504,-0.471325728589929,-0.45434505884684,-0.459435975017458,-0.472402756120474,-0.490524367955828,-0.516641459038833,-0.54463568147191,-0.590006596491597,-0.629797088013239,-0.682950020465483,-0.942699493364401,-1.10843476599286
"SynHam2281",-0.16815006080479,0.0570123669396161,-0.16996052568023,-0.476320117668517,0.372037076065114,0.726708801368259,-0.654358740471511,-1.41341326833765,0.309324932679649,0.216283046469253,0.858872326088155,0.611156632840205,-0.00858444884039585,0.233892426225297,-0.631984110269537,-1.24718746741375,-0.328548499120416,1.1097116811366,0.181258875917562,-0.00858444884039585,-1.88528144000087,-0.508128911767781,-0.557300422084732,0.0717712967712387,1.06735034603293,-0.419851381158823,-0.551705718234521,0.717053719117299,-0.653089423829604,1.32572287710879,0.359557484765686,-0.611156632840205,1.39035053768983,1.22638519687568,1.24843839479177,2.04197136353626,0.538943773486568,0.126950270267589,0.0241733281449781,-0.0109847628218427,0.00454309185243784,0.0703143114869267,-0.0559569507913842,-0.0490776448586805,-0.0376249098842554,-0.0460783309803342,-0.127377361673699,-0.148088548453309,-0.127101108311281,-0.053085441442944,-0.0596807614294609,-0.083659514200948,-0.0887192573443768,-0.0971692704316689,-0.10655427352174,-0.0959841307718464,-0.0799927783983816,-0.0821034019692839,-0.0778163199130791,-0.075131966640531,-0.0434010902121916,0.0271781195600829,0.120902963373537,0.403316410785381,0.303321718377919,0.242132234653995,0.18009131795443,0.133720746139083,0.0693517344347334,0.0202768350228546,-0.0131244659770327,-0.0408120413235233,-0.0578813217611519,-0.0606809883049001,-0.0620315614193298,-0.0931870241763472,-0.125106053553725,-0.138982275836904,-0.121262130142776,-0.137533946538888,-0.0945685463053228,-0.160893050803878,-0.102108266241597,-0.0278892756950075,-0.102835874448557,-0.173521968263708,-0.147295137989936,-0.151238730070525,-0.15592653307886,-0.148939433483384,-0.131530530805628,-0.19260005546787,-0.234139124041661,-0.24278206604641,-0.241751765777937,-0.248908731674477,-0.237144419948371,-0.226009855667573,-0.209785091603164,-0.212896962652172,-0.230448199028648,-0.239824019786483,-0.241971050385186,-0.236635595590995,-0.230554181487924,-0.227868293604701,-0.221483474900769,-0.216944160180381,-0.212173302264376,-0.205973835466306,-0.21447426444091,-0.208361418347104,-0.219874095508171,-0.222469060149909,-0.208307040551406,-0.201049877689401,-0.201183545207225,-0.197103523729512,-0.188397613184553,-0.188184357248596,-0.185370238782055,-0.182735857693011,-0.185911654661876,-0.178804452830662,-0.178433784084061,-0.178992323378194,-0.172713086006594,-0.178622634074693,-0.164166086088371,-0.169704144362797,-0.179451338431999,-0.176795210770822
"T173",-0.923216396656592,0.404931612882367,-0.602533252120509,0.749539007426075,-1.60316515486931,-1.51253972790203,1.53105360518117,-0.129123061942014,-1.30115994505582,-0.611156632840205,-0.763432540700372,-0.452810875808804,2.11715641174795,-0.396439512633857,-0.00858444884039585,0.990524524326483,-1,0.359557484765686,-0.570272115143842,-0.396439512633857,1.54641991879027,0.405092293961125,1.57323950667204,-0.340273083068331,-0.343836594495647,1.63507928944461,1.6955021687401,1.28848777617545,0.0601266125902895,-1.77837390382636,2.31618911585471,0.491196221367693,1.09967275633499,1.78104954549745,1.32078106029539,-1.17841895597117,-4.66421789606228,-3.34069427240657,-2.71473501569895,-2.42174053178011,-2.60072899874875,-3.05206285441602,-2.44825859554513,-2.29926142925787,-2.22281619478417,-1.69663568622565,-1.51589183413852,-1.83423091946469,-2.0635318796797,-2.03170417566529,-2.03646244664991,-2.01332880048285,-1.91344841719816,-1.68261231127935,-1.52008290959529,-1.43953305531375,-1.39409075741235,-1.3971889357082,-1.44728301714169,-1.59031909972418,-1.70856379708969,-1.60072054750536,-1.48620628616146,-1.87492138023833,-1.21236890184533,-1.18249697196265,-1.21083422741217,-1.18638628621811,-1.08408830747825,-0.983410927905531,-0.921133219230268,-0.869428099234714,-0.842001493014712,-0.81544159268427,-0.785785051407496,-0.770053378729745,-0.748172576260857,-0.730891126280427,-0.784799017673427,-0.871272271995854,-0.377934231521411,-0.666876625993832,-0.75478004641525,-0.803871999027121,-0.89174262130904,-0.983814215784072,-1.09831769502965,-0.989449448015508,-0.861889692520344,-0.787875267353805,-0.666118983043972,-0.666249508970746,-0.737669163436482,-0.749242430408918,-0.74952640974345,-0.741968392013137,-0.721825007383182,-0.713626927336564,-0.673742825583253,-0.633469881028944,-0.642853981355191,-0.74738467572458,-0.763067512185311,-0.746718010072115,-0.728317495543729,-0.699891032242198,-0.673779912583068,-0.648862361400009,-0.616332428281388,-0.574409507755371,-0.59366665364749,-0.601961350511258,-0.608717307248566,-0.614726646142386,-0.616860441859568,-0.630329157783205,-0.635178397867556,-0.643178097478499,-0.644919332177168,-0.646880676578695,-0.654799435379451,-0.662258439978723,-0.668364967022755,-0.665762323634469,-0.665739973151206,-0.671515291082532,-0.666518814154712,-0.661821881975637,-0.657207153234123,-0.646463545017232,-0.631916130367628,-0.610476654114344
"T8",0.997509780273907,1.37577886467829,0.729828388617483,2.03202854100922,0.899031039785612,0.980200184463673,-1.03147471880334,0.909637531305094,0.337371668793558,1.77837390382636,1.07847480902485,0.71825067121788,-0.129123061942014,-0.146455719262031,0.858872326088155,-0.935918660781145,-0.664746302943509,-0.0945685463053228,-0.181258875917563,-0.71825067121788,-1.2641346715004,-0.448626620014255,3.29479842323413,0.989394706912366,-0.611238315863266,3.24094958404827,3.27160372714274,4.54377969876801,0.786615728168508,1.46165557642791,-0.287182477071437,0.810229615729571,-1.85596046325533,-2.03722119351406,-1.46324525643225,0.248580270208405,3.26105535126866,2.44910077385315,2.051361904693,1.86409021074502,1.95335899040798,2.18569011307316,1.74926481031599,1.66036380281649,1.63170787823339,1.28207549940541,1.15457983578685,1.31006113752934,1.40695047366107,1.34522136165779,1.39164828428822,1.40602322626682,1.37304223893749,1.25389635068252,1.16943192546266,1.13902118757809,1.1261773019043,1.13392153883273,1.18094795642528,1.284096353142,1.36559802972515,1.26705533520494,1.14254686871976,1.30062253965943,0.952661454629303,0.998460185483649,1.07096745714954,1.09230444259015,1.03990208002887,0.971750684158944,0.922746345842302,0.87669245197169,0.844971326049664,0.834098515468315,0.818813585065888,0.805455776425314,0.788532465816835,0.766202576298102,0.791536652820746,0.80092457234694,0.452810875808804,0.693622769226396,0.775785628819537,0.794188513440965,0.808637843558558,0.84627858856362,1.01806660450415,0.949465460349626,0.845689049948718,0.796448965947864,0.758437143679694,0.790666824231737,0.854611992346487,0.870854303803771,0.857920982890525,0.854066991617233,0.844141075901289,0.847834846283362,0.824788837516833,0.77889854518378,0.773461507078334,0.862105048142012,0.879930029858266,0.876526837455893,0.866676982739718,0.858041528120548,0.839205377932065,0.82092680435313,0.792753355663527,0.748026704412994,0.812050841382914,0.862683673016654,0.884927728844694,0.898104950161304,0.905651738698357,0.927920416337141,0.941719812989973,0.943685115120531,0.944504692949103,0.938307011374305,0.936056864095658,0.936513348653655,0.922272356869166,0.901962569500986,0.886158884415327,0.86860050648145,0.851018353811981,0.817344571245592,0.787293889640338,0.756923085039255,0.732619337506697,0.683069063124752
"Tx202",0.162769391835348,-0.496882014430186,0.216238811466477,-0.184954312888343,0.333520848217131,-0.291408008821885,2.19064706394969,-0.305121032902364,-0.680170596412774,0.935918660781145,0.696203541899834,1.14207064165905,0.696203541899834,-0.11182911219004,0.216283046469253,1.17567186065927,0.403659976015548,-1.86884892689542,-0.0601266125902895,-0.491196221367693,2.55091527825411,1.37332230936765,0.228166096324027,-0.295187043763718,-1.72434267708399,0.377223919868129,0.296383197113771,-1.00409462553298,0.216283046469253,-0.181258875917563,0.763432540700372,2.31618911585471,3.40598985616144,3.28280289869648,3.04616444599292,4.18067374601916,0.55398876402889,0.415194535600555,0.521889745062761,0.595103386582332,0.573829083603532,0.53318310591482,0.379639854164809,0.549501299273037,0.678347152148119,0.680808230169682,0.449325321557923,0.343454149290686,0.257135145905673,0.455462526669934,0.590854986102549,0.632480597914225,0.660861022835468,0.63659766818517,0.617870979267832,0.629632796259916,0.670820168753095,0.675331106757699,0.706596203385018,0.762703115784244,0.860495717476999,0.921606681016275,0.982260827517358,1.53121167794229,1.25868287365339,1.20963742740802,1.18076144736796,1.09714409936094,0.919316500804815,0.77463141224752,0.641971598279194,0.546764576180316,0.46956763563345,0.484531515386389,0.493829112327083,0.438740299745785,0.396701167148166,0.359918360003759,0.483799409598979,0.435776708431764,1.36825306468233,0.365138020769718,0.484590314874966,0.593211593276536,0.401433517699707,0.298586002154647,0.720957713748726,0.543034148937389,0.350742890601002,0.270156019417009,0.353022564458595,0.23651259635106,0.159480913313311,0.122669730007755,0.112905349310473,0.0928488591549628,0.0854824062697486,0.0660794870918331,0.0721234789885496,0.10306042316105,0.135838022457375,0.0946337869650797,0.0556425788754562,0.0580460012521324,0.0640863689145788,0.0831296566078099,0.0939819085275315,0.103629630993175,0.120574448027584,0.1409604924021,0.17343610764574,0.209292044181541,0.243545300967973,0.250657975677949,0.230478491336797,0.230687184095644,0.218225660808051,0.21874833765501,0.215337874521043,0.209800266670702,0.202642112852278,0.202952400881818,0.200946805031126,0.2091539371368,0.203829050881152,0.220315908392738,0.230526660388254,0.237263308115141,0.254163109380582,0.27251430449408,0.372759909918028,0.440296324833969
"Tx204",1.15885051285357,1.36477361299515,0.573476053803849,2.42063531829041,2.29734593092472,1.93291134634738,-2.93394799470555,-0.71825067121788,0.28125123701503,-0.611156632840205,-0.763432540700372,-0.452810875808804,0.0429349044615765,0.530319525843568,-0.269335868086709,-2.11715641174795,1.16838936717163,-0.323158322823721,0.570272115143842,0.341301375746541,-3.23325493139868,-2.36416057669174,2.49066807499914,-0.155415610197568,1.01737932203223,2.50332208839155,2.28560116042706,2.11006189994258,-0.269335868086709,1.14207064165905,0.810229615729571,1.51356191643183,-0.234713748839667,-0.92546792136842,-0.235213823494183,2.9314877763514,5.71432175453552,3.92923314870676,3.14491407965365,2.83727945603356,3.01211999008543,3.50120430832524,2.78609574561928,2.59648296362261,2.44930249945904,1.70089982392869,1.39556009938706,1.80421583000178,2.0881619623279,2.24340605731515,2.24859396041865,2.2248927084195,2.09907023554907,1.7937158365153,1.56677852614581,1.46148185817718,1.40658421454085,1.41718571652135,1.51984850054234,1.77006795774984,2.02229322719346,1.96210858132652,1.83977504136236,2.24441046238196,1.46488205374412,1.43220750430849,1.4468022859481,1.36866949501203,1.15883084086399,0.960419003070022,0.797808530344085,0.651611308167796,0.55133366818202,0.494758585955989,0.427707069959144,0.376058768965952,0.335149322104907,0.273624682998143,0.365960499180454,0.518854792341262,0.0257558775277432,0.26059425339875,0.442427825276137,0.533255969032486,0.658077809296686,0.864589344272549,1.28585959269963,1.06873602648236,0.768804721409445,0.599203460783686,0.411853923112774,0.376685215785489,0.431459302534683,0.41369651013511,0.393866753139158,0.375922049755507,0.365593881281255,0.371919274611253,0.364658932257646,0.355251047254944,0.377384114354217,0.405220364393025,0.417371947515522,0.424447399947463,0.426587990758044,0.428564520818292,0.422874462504162,0.427383226361639,0.421340875635399,0.409988602513006,0.481614698512483,0.551816751083453,0.620122166672641,0.634446659406773,0.612955140290031,0.633924845450353,0.63706502029783,0.637546776142909,0.643575511944005,0.635310278903179,0.630418680318777,0.635422186391715,0.632658061732404,0.642890528464519,0.647533174528814,0.662343692526957,0.674897273835043,0.695280305427187,0.711809108303222,0.733305053580008,0.853694047083307,0.903922138748535
"Tx205",-0.35315271523537,-0.145433497428647,-0.109367548973933,-0.674296531953036,-0.0596317886508877,0.0938930729606497,0.00854055947811894,0.631984110269536,0.490806511380908,-0.611156632840205,-0.763432540700372,-0.452810875808804,-0.323158322823721,0.653089423829604,0.530319525843568,0.611156632840205,1.24665633999484,-0.251574639495799,0.146455719262031,0.740652594517764,-0.282933898647422,0.782526844077852,-1.22225785306642,-0.544317644272372,-0.583726860398696,-1.3469926430019,-1.26058701276532,1.04069399493947,0.491196221367693,-0.377934231521411,0.323158322823721,0.510660161724907,-3.23542319677828,-2.65258735854549,-2.2215094433394,-3.22030764186528,-1.09185073581994,-0.732574063849309,-0.673498774932377,-0.618203322392619,-0.638781707571352,-0.726950665327104,-0.530697738686513,-0.615729992108385,-0.694808253581156,-0.646173542764716,-0.596150285557088,-0.595830227669118,-0.591257376723348,-0.633828802315688,-0.714951189668572,-0.729529252015396,-0.731160403558863,-0.699386099105592,-0.682775379884483,-0.692643517884016,-0.71381533693169,-0.717376157567234,-0.743822588961219,-0.781784725708199,-0.834289145636505,-0.861665308724894,-0.901111912200509,-1.3586019212481,-1.04519468291133,-0.978512413013065,-0.936187752211132,-0.878999940485917,-0.798852021895027,-0.738281365913221,-0.689985624151421,-0.660673874269952,-0.63614765315297,-0.63542576681506,-0.629640183464265,-0.592427910136165,-0.561980171938656,-0.520683744005237,-0.560861551498507,-0.558217606438889,-0.71825067121788,-0.458672961003365,-0.549530831615276,-0.628014710761875,-0.599233231502471,-0.555938218822076,-0.638248263314071,-0.587055779591657,-0.548678071388941,-0.538705927375639,-0.552810403450693,-0.499782413057738,-0.45700261193444,-0.424063476849579,-0.401278232971468,-0.367958379317279,-0.330225016537561,-0.298597129276804,-0.243708953021904,-0.170979680192305,-0.155834261931526,-0.238629093484172,-0.242894329124927,-0.229489384741684,-0.206624872690108,-0.179206100479123,-0.161684502489507,-0.135716970935961,-0.111051122662792,-0.0696676197381302,-0.0877587051456613,-0.105481214497402,-0.0768465765307755,-0.08404540134365,-0.131134309837033,-0.144544062785207,-0.153115687888847,-0.171299665989059,-0.183548893172974,-0.185489856172561,-0.190043365631548,-0.204129220008246,-0.205399835878341,-0.202114045971248,-0.194902391173437,-0.192075444995385,-0.175329930674504,-0.153974632969006,-0.141057067173845,-0.112769392003147,-0.00306803389070887,0.0758290509453032
"Tx303",0.173619176956112,1.07424510733165,0.129934491557466,1.29990395653365,-0.510583657136617,-0.0199128086381956,-0.0280657758577599,0.452810875808804,0.219602689183396,-0.611156632840205,-0.763432540700372,-0.452810875808804,1.70047776180866,1.07847480902485,-0.323158322823721,0.41508156846907,-0.402780695668258,0.433869014530238,1.32572287710879,0.858872326088155,0.303793031973471,-0.366614430454082,2.31237010461853,0.348777984337839,0.267952810291392,2.30910741008894,2.39422707915762,1.36700507658423,-0.377934231521411,0.146455719262031,-1.24718746741375,-0.96286268399541,-1.30522425994122,-1.13936770640873,-1.24234747882025,-2.8046059696707,-1.18570396181603,-0.604416198858695,-0.435749577842628,-0.353804898306834,-0.410527857729751,-0.557591378133779,-0.360655099888008,-0.319790628532354,-0.335428819699383,-0.31680502124272,-0.181082852559539,-0.1455827464671,-0.148047311379558,-0.0626699610214002,-0.120194212956032,-0.119283164129346,-0.121290263159431,-0.103617843047913,-0.0918302245423408,-0.102130293390288,-0.128612517136733,-0.127893705926454,-0.13746886783473,-0.139370365331912,-0.17773746225142,-0.23395747623801,-0.33303265379512,-0.917437581232774,-0.70435765696622,-0.629797032968752,-0.566579531057188,-0.494098804806177,-0.38814496393354,-0.318933038621965,-0.259938292096974,-0.221833370061119,-0.190126033650056,-0.196606197406171,-0.204378336616923,-0.136679740126095,-0.0832207850814246,-0.041764553365213,-0.102034183159704,-0.013735832626172,-0.510660161724907,0.0615046366839835,-0.0568709637157178,-0.21682308317963,-0.0211646181038389,0.176386073711514,0.288143335527776,0.254165925689375,0.190142275289588,0.154769394480674,0.0764039020784852,0.178796851198102,0.262809536721319,0.280738430549164,0.276236966332295,0.291687335454559,0.285933127748821,0.294481257521753,0.281581484436364,0.256204950620801,0.253127525957759,0.287907222958383,0.284352546363186,0.274488354293636,0.272407251496839,0.2582181908422,0.24753368466229,0.22710657515351,0.205932279433197,0.17987370275482,0.198269362539794,0.213190138423104,0.229035264939075,0.224809807885114,0.1994480282568,0.194851214938551,0.189839964126682,0.175281891906647,0.164081111162704,0.154572868813804,0.144310328194294,0.125252959225649,0.110765198743338,0.0908377947028907,0.0824995752474929,0.0677498743756464,0.0596164858392703,0.0484763957819483,0.0412987453816571,0.04454318444017,0.0558523863944209,0.049143952554731
"Tx601",-0.0254807590771847,0.92518387638472,-0.167979711013038,1.02868647112355,-0.806753010336548,-0.528355167404881,-1.35306714805262,0.510660161724907,-0.448366190701536,-0.611156632840205,-0.181258875917563,-0.452810875808804,0.674489750196082,-0.216283046469253,0.631984110269536,-0.0945685463053228,0.171586870330653,-1.17567186065927,-0.471916624478022,-0.359557484765686,-0.259613670804234,-0.512559397595633,1.78751240011847,2.02163695176121,-0.562679984727844,1.76911432431351,1.86006769556786,2.36413578776673,0.59059096426631,-0.631984110269537,1.04825627769741,-0.287182477071437,0.101328315236545,0.412214160984016,0.0525653797853105,-1.45033736033168,-2.33224925881462,-1.28613842303944,-0.832062529520599,-0.641611235277678,-0.751455640576964,-1.0312486745937,-0.707318335407967,-0.630539290531977,-0.578488813097684,-0.334004609452184,-0.281851708493167,-0.453396281124673,-0.60357985542324,-0.595456621193078,-0.526717088453749,-0.48232891355218,-0.417827826967675,-0.300576705382493,-0.214781815769654,-0.167455427425842,-0.135424166664297,-0.125325556061424,-0.127877010726937,-0.176843243599713,-0.213347076570699,-0.187125548895829,-0.187710750648954,-0.445787780405892,-0.240415737045225,-0.195993992536561,-0.177992831765601,-0.117820236669673,-0.0530439675269417,-0.00700815980569902,0.0230051161171341,0.0270751776611284,0.0284451322812624,0.0433339112963744,0.060616295904659,0.0573752446906546,0.0418899000045234,0.0398608413173434,0.0522610825109591,0.0132727381891742,0.377934231521411,0.0660762201108556,0.0674427091754153,0.0324920656462546,-0.040693128684585,-0.0767316765005681,0.0249391131636105,0.0121585758769163,-0.00460485185298953,0.00409852571196234,0.093505354131437,0.109801188482189,0.0476249600778602,0.00917593213973666,-0.0297451163404163,-0.0779316239822556,-0.111102662443337,-0.136060418450242,-0.147709142211447,-0.163549505561161,-0.155068593517577,-0.15943160534904,-0.182029933542975,-0.186950590288841,-0.191655090107365,-0.188328519150827,-0.18623460545793,-0.181419205099411,-0.183986778887331,-0.175706542641714,-0.201982932803404,-0.213745896278772,-0.20639609073389,-0.205390456929327,-0.216602979220954,-0.220143687905029,-0.221234527671454,-0.229428133321098,-0.233533663306858,-0.238714768446144,-0.231031888283842,-0.239844749995028,-0.233697498372426,-0.230117459766031,-0.225227001835399,-0.218983684659809,-0.214678398844662,-0.20175816669707,-0.189429923838468,-0.18340060900203,-0.13607680632436,-0.100444850109
"Tzi10",0.427322889032247,0.475097540661041,0.608049900425354,-0.715960437930901,0.302818571801087,0.698003469837335,-1.65005284757105,2.70408313391125,0.532199936659809,1.51356191643183,0.359557484765686,0.129123061942014,-0.0429349044615767,1.04825627769741,0.341301375746541,-0.287182477071437,0.649993874341387,0.396439512633857,1.04825627769741,0.786615728168508,-0.295852184776411,-1.06459919671599,-0.620651928339144,-0.325217645818161,-0.0279822285350708,-0.487144076429354,-0.592764514214705,-0.415108133777543,1.86884892689542,-0.0773361111366767,-0.740652594517764,0.0257558775277432,-3.90196540573082,-3.19689677336097,-2.96298430318572,-4.47259765930351,-2.31656872744595,-1.55324378786256,-1.35705402239016,-1.34461844495167,-1.41052780100549,-1.48728772804207,-0.874513335156645,-0.61936381807522,-0.546162539387852,-0.239066988458757,0.355004128498476,0.867835156325867,1.42191857079097,1.87948121386717,1.34317799201922,1.09759807252354,0.900172071284504,0.717863608178795,0.568935350495432,0.442030893758868,0.299859479592691,0.202123695786403,0.0376450870605971,-0.178462848754635,-0.469873096461538,-0.695995398588704,-0.851316039214575,-1.32312858522837,-1.11898296580965,-1.11459672645578,-1.12410042403616,-1.03456294892175,-0.830592061499399,-0.63642145755017,-0.457778807303565,-0.30120652026156,-0.174472825181647,-0.143566149394169,-0.0989004236507901,0.00676518967066597,0.0906894168727248,0.224719792353888,0.292642649524143,0.76319880714248,0.163832490283551,0.938351984525471,0.120766828589949,-0.228876278921466,0.278240413301401,1.04084757284792,1.2412350652948,1.19800408017181,1.04715274471094,0.956076237913591,0.758830249412012,0.802400080540337,0.723271533298558,0.670646171802182,0.588916563767113,0.490998994320772,0.322457080291778,0.224332933362646,0.304211083563172,0.836502721173187,1.40272635760427,0.391365960466994,0.25209127700762,0.251759908353958,0.325569153756879,0.438174781460286,0.530479484311523,0.643054434328452,0.76464108028891,0.886025640327214,1.1844608901091,1.46738324828381,1.56264842251264,1.56655245324134,1.39295077455416,1.11172132287561,0.879994270647881,0.656355745381655,0.41587076635228,0.277005896282627,0.173666794608726,0.0872267460548277,0.0437078890505456,0.0604282956144815,0.130919396914277,0.238136565362095,0.391413286508683,0.611156073753741,0.807099120110403,0.98137563187446,1.03216531274975,1.01493131869468
"Tzi16",-0.173149419335814,0.74695943972163,-0.468631928140526,1.14284578711691,-0.213755186240172,-0.287330223853264,-2.61216845637372,-1.70047776180866,0.708157502242291,-0.611156632840205,-0.763432540700372,-0.452810875808804,0.094568546305323,1.32572287710879,-0.181258875917563,-1.63171411090351,1.62233416191188,-0.729405875748817,1.97785377045181,1.17567186065927,-2.17619248320388,-1.03464590488594,2.04562410802922,0.285625819585742,-0.412124051205694,1.58383519311794,2.18438372658081,4.65723474351257,-0.216283046469253,0.0601266125902895,-0.696203541899834,0.909637531305094,2.65103636632163,3.03887393526914,2.43339725572037,0.964842856290226,-2.7907700859239,-1.3078831282077,-0.564709490179061,-0.218266653793795,-0.39865442987356,-0.856914800047255,-0.510199851822393,-0.335070964421041,-0.263174989015792,-0.0389131116020454,-0.203904046339116,-0.439503428939845,-0.707197117874934,-0.450808659139374,-0.298683323354163,-0.23280864152159,-0.154538821615627,-0.0498679205785284,0.0247165987586464,0.0638166916899319,0.1197856304631,0.13969239631118,0.18637369723101,0.222662212894395,0.353765454405158,0.57116025788331,0.702724840565204,0.702080238275963,0.752492236413498,0.692878314291837,0.612966845138474,0.554553963845257,0.458829908977572,0.357548135029504,0.239464377920771,0.111127556225876,0.0026128149872342,-0.00443799534165601,-0.0235246264178078,-0.0808955981886862,-0.113916298850425,-0.160641138065678,-0.0977944163491065,-0.132765180374647,0.763432540700372,-0.100247074410782,-0.0446348150992435,-0.00979809220596517,-0.108987283026666,-0.114706742689016,0.346345861535629,0.17956590055779,-0.0172303090136392,-0.0922341053146611,0.0241445692219522,-0.0513615224373463,-0.229787742161461,-0.331594661876456,-0.414512562210649,-0.489187824862139,-0.541358321495769,-0.596274330476872,-0.638334721018855,-0.64994671642564,-0.634589396727695,-0.685275310694039,-0.688180284970954,-0.68938762579691,-0.701947632986918,-0.703381509648243,-0.689320485357594,-0.670200641820987,-0.649392360280298,-0.621524728220364,-0.677196901195337,-0.71578746940261,-0.71072700885496,-0.715963617935534,-0.714584394381877,-0.716349475769764,-0.721079240058674,-0.7161667235939,-0.710845023835525,-0.701865447996127,-0.697413526272089,-0.691851609669481,-0.679669035182476,-0.659258785333754,-0.646697686058088,-0.626370923904839,-0.612304200688358,-0.583741315199534,-0.560409116867056,-0.534096729949027,-0.467621676290816,-0.413938455376282
"Va22",0.243993042813756,0.254722665649767,0.0153789907940507,0.536353743602479,-0.0565414017440924,-0.111461201289215,-0.339148692069244,1.46165557642791,0.539712113231972,0.740652594517764,-0.163832490283551,0.471916624478022,0.611156632840205,0.471916624478022,1.77837390382636,0.359557484765686,0.155303051387373,1.28546414903254,0.269335868086709,0.287182477071437,0.663186710333077,-0.416436826023075,0.190724263636737,-0.196753775862363,1.16271183265733,0.567920496147487,0.288028075891823,-1.68167643536899,1.32572287710879,-0.269335868086709,0.287182477071437,-0.11182911219004,-2.82671152305598,-2.53071045975787,-2.24928601348512,-2.46399235625086,0.174322839561792,0.405561855354386,0.389645631786732,0.336437519792411,0.36537869084638,0.389450788420107,0.343712134436441,0.217138113180425,0.149596776308885,0.130540486130625,0.11807469466831,0.0779916821135545,0.0302021304103672,-0.136496428067678,-0.12140274270677,-0.0934830939325633,-0.0735136545136141,-0.0257724550654547,0.00852540256225875,0.0286969397949746,0.0334554474627744,0.0458373979389599,0.0469222139358776,0.0472118609165297,0.0389018246650557,0.040712563552036,0.0353581369751512,-0.0323379118065441,-0.0287566431478324,-0.0059488939951009,0.0248701136557714,0.0499216356934684,0.0907777386177924,0.11630079207651,0.144254459918162,0.170662866189605,0.192042992685691,0.196728580262709,0.203661077396766,0.203706221660272,0.194250361081869,0.18465612248037,0.162875682681116,0.108788948786775,-0.0429349044615767,0.122424855885677,0.126151812470821,0.133803244117682,0.0920068604395576,0.0192977375444234,-0.183607819955029,-0.092012419080203,0.0246026627429645,0.0812710933096124,0.104175135428981,0.118761872539897,0.119534910355326,0.119103404528697,0.119017769933948,0.103603117678244,0.101351247921648,0.0908719562286839,0.0595433786808961,-0.00235637025934032,-0.00408516565624784,0.0452598538235673,0.0507140055639417,0.0510681134236648,0.0257472697185912,0.00940339942992496,-0.00049428364672266,-0.00894736828806086,-0.0223673295431507,-0.0349791547955433,-0.0734199126593873,-0.101955368801216,-0.121723341507611,-0.117644989680795,-0.0839200982584993,-0.0469217825256745,-0.0321147215080945,0.000245039949704928,0.034175983958729,0.056345294996748,0.0736495785129203,0.0970630185350272,0.106555731498695,0.117586850589925,0.110053419915759,0.115528747940335,0.106982441223856,0.0888447831330659,0.0829981762341059,0.0717580554471948,0.0562457822372966,0.0684732250681686
"Va35",0.407902577326783,-1.3202068886019,0.711305512774736,-1.11232466892726,0.616310327523403,1.32888581513367,1.22991645859653,0.094568546305323,0.789837726070711,1.56990009216296,0.59059096426631,0.935918660781145,-0.990524524326483,-0.41508156846907,1.1097116811366,0.96286268399541,-0.33212772199425,0.96286268399541,0.198740484735103,-0.11182911219004,-0.960983429870011,1.82116165968879,-1.66134408698169,-0.69111740605456,0.5114331224386,-1.90784941947843,-1.55430038595316,-1.90801931518887,0.990524524326483,0.990524524326483,-0.251574639495799,-1.21065567398101,4.03373341006889,3.78128667586183,3.50438814697778,4.58348348697975,0.723309046203963,0.395472290193127,0.443235661262701,0.491134826778337,0.469380683911567,0.465876176035988,0.37284715322927,0.525893196235407,0.71289264956744,0.68147932864745,0.501206355471859,0.418364877305502,0.33191825363371,0.381458192833608,0.560446229235544,0.635366924228661,0.674653748724328,0.663458695885495,0.654926847837797,0.665232370660376,0.699778886796139,0.704524137303322,0.738092656650538,0.781581472294385,0.851682581187895,0.854336628714134,0.876457477857632,1.30433480968051,1.13392194023022,1.12533053103075,1.13324662094064,1.07305929126826,0.936624093367484,0.82028380848973,0.715364839551865,0.644695523290146,0.593647495128711,0.613505274115969,0.628550691489789,0.61032587906879,0.595986875539789,0.573562979687854,0.647331617240906,0.599465512664507,0.909637531305094,0.542653200995166,0.594043136249622,0.614433315854219,0.481833625559987,0.402777216764612,0.754976905636234,0.65111536022215,0.520160542169148,0.476572868434237,0.559417624441173,0.568077784269182,0.6269829328805,0.6347381790509,0.652447044628676,0.660572211030011,0.654560942862332,0.671032565303426,0.68833306734627,0.71628888716827,0.745639972705028,0.739630143483069,0.724305091771496,0.727907631377126,0.742830990459155,0.757397074610999,0.757555144496039,0.759937461355167,0.756361206573229,0.751579527763974,0.822567175121616,0.872767211237554,0.929800505007167,0.936199322559063,0.907407333548719,0.91184724082729,0.903404356629356,0.902679480590402,0.880572714695768,0.877322770604214,0.863529530944771,0.862101763894995,0.850823869973837,0.83995576359527,0.832733341937239,0.8381963574319,0.83994156599293,0.833137239300745,0.833279291375875,0.840253776237161,0.943676389077585,0.999138735195145
"W22",-0.387848976810271,-0.353617805934211,-0.149228949708983,-0.897278359917222,-0.0026432251217352,0.278623157640106,0.999013858487356,-1.32572287710879,0.0890703206339931,-0.611156632840205,0.452810875808804,0.216283046469253,0.396439512633857,-0.251574639495799,-1.36825306468233,-0.251574639495799,-0.153565887447511,0.611156632840205,0.763432540700372,0.251574639495799,0.952718980957088,0.786116276806448,-1.35133304791613,0.936806129965672,0.387474845085853,-1.14784445091008,-1.25206941154409,0.265288423477687,-1.41341326833765,1.86884892689542,0.570272115143842,-1.51356191643183,2.4665556602842,2.28064965757433,2.34313905229551,3.46724293933374,0.90810648250143,0.106496758935085,-0.112625769301317,-0.112676470611456,-0.0791147792312129,0.01178524094875,-0.248898607532133,-0.118033528720084,-0.0169167842864458,-0.0757502900284863,-0.270113400060475,-0.283485401792335,-0.220806573239973,-0.0981208448376213,-0.155797758176245,-0.187215233357191,-0.200550886223065,-0.238012220192282,-0.264100332289657,-0.275583630400051,-0.271935138257559,-0.283766719917554,-0.280642118418759,-0.268910091499418,-0.242652533167234,-0.206146402590111,-0.119712359779859,0.173651045893283,0.146460011645711,0.105111382413473,0.0764071639133266,-0.00933677437403702,-0.113071297432952,-0.182945369659986,-0.247480818996418,-0.264599112230385,-0.282824767632423,-0.28018190038206,-0.277891522031701,-0.312294227904202,-0.338320438809198,-0.371256101226269,-0.327741881483211,-0.357197463381097,-0.251574639495799,-0.418545334095829,-0.32474597530193,-0.232842671802431,-0.329902874245947,-0.404247011498111,-0.379945304845224,-0.395963438454369,-0.410621690110984,-0.422068428307285,-0.452773710757276,-0.556486858862984,-0.558296352035999,-0.543091004592543,-0.517565361864005,-0.474613633691214,-0.419980782879489,-0.375280263743503,-0.327847656054008,-0.286834462085396,-0.301923021911534,-0.364253190424674,-0.358004333474531,-0.325207579700294,-0.291018969746595,-0.257882758475443,-0.236930303279041,-0.215227214034188,-0.190594144374755,-0.152242464412991,-0.111437381084863,-0.082733704959577,-0.0713605510694399,-0.0663911909240361,-0.0533395917617684,-0.0523434256551946,-0.0439594200405468,-0.0415714013709921,-0.043146327378035,-0.0409299939299016,-0.0408822837085426,-0.048461695324613,-0.053231706058229,-0.0599976673386687,-0.0636333679719787,-0.066722382350144,-0.0762003323359095,-0.0881307633456487,-0.0949124399953832,-0.104125438503772,-0.114668037984828,-0.124463414909282
"X4226",0.94705836043805,-1.73725104425084,0.824741809556837,-1.80941899507512,1.06067267685976,1.28430301763787,2.11398078612264,1.86884892689542,0.0202411891021494,0.858872326088155,0.530319525843568,-0.452810875808804,0.251574639495799,-0.786615728168508,1.21065567398101,1.77837390382636,-0.505923501424257,-1.32572287710879,-0.530319525843568,-0.0773361111366767,1.0233586725905,2.29867673095203,-1.92826242227164,-0.0484786632081593,-0.918071879728704,-2.05480837912022,-1.72443249062628,-2.06206232474705,2.11715641174795,2.70408313391125,0.00858444884039585,-1.07847480902485,-6.85783463008021,-6.54872936171236,-6.07927668189576,-6.96507550159118,0.673997469339022,1.90199007499175,2.19314819827884,2.23798082897319,2.19659239469192,2.04218970490032,1.99396527177653,1.80300486690902,1.5909167434029,1.49178371168943,1.28464732936853,1.27650769083777,1.20984033203416,1.37202606255153,1.32394671733355,1.31252413042781,1.29009017441711,1.29099894201306,1.28854737127578,1.26094614226043,1.22708430927157,1.23702987234413,1.271362382105,1.34077563189709,1.43614064672465,1.48590305167011,1.40801090468105,1.13585616713038,0.881632153360413,0.88974045014723,0.919470040195029,0.967879893591292,1.04878258690489,1.08704074468218,1.1092439750786,1.08307467177682,1.06638771102435,1.08047215759658,1.09376555081724,1.23441786890395,1.36547842327894,1.4676794005759,1.34913128270568,1.28813107521262,1.17567186065927,1.6287709633936,1.26919935145956,0.92366005012918,1.01947399874355,1.23879481091057,1.55960988229979,1.46595963609285,1.33172355277489,1.28935311952724,1.38489249999587,1.63760935400029,1.66023211403107,1.6227743858993,1.55799955633036,1.49349134106705,1.39863677648359,1.28571699363959,1.13657678105986,1.073902222292,1.17277596317104,1.27396182657258,1.23349626709587,1.1790115882467,1.1270669199164,1.06963518228545,1.03471780224836,0.999712810350178,0.958585490684314,0.911937702800581,0.887973149913411,0.854141983184241,0.893500485910833,0.891568480188318,0.845521297082586,0.837930064264896,0.829146793216595,0.823716683476707,0.809415388680624,0.807035640588384,0.804702453042755,0.803510627069562,0.800537956699551,0.79548463275297,0.789051882083207,0.800802205136276,0.800770860689014,0.812756016199237,0.816351648691962,0.822564452194494,0.927446658601902,0.98031707734432
"Yu796NS",-0.634981905246313,-1.19269656327881,-0.371223534586046,-2.00715750040392,-0.245679421498119,-0.738750481747151,1.00072359644243,-0.834304194079262,-1.37804584663857,-0.611156632840205,-0.763432540700372,0.491196221367693,-1.51356191643183,-1.14207064165905,-0.0601266125902895,-0.146455719262031,-0.824929103510029,0.510660161724907,-0.11182911219004,-0.216283046469253,1.21336103254466,0.4612667911594,-3.25167365691178,0.240343330989647,-0.122536884949954,-2.42801597233956,-3.18792023928038,-1.22234818330076,-0.0687288174169471,-0.71825067121788,2.70408313391125,1.07847480902485,1.74836719266778,1.62554270937961,1.4466144402622,1.69944721526319,-0.170737184376739,-0.475939335683744,-0.538098441771658,-0.549562730702853,-0.547320795111584,-0.511931023866028,-0.454451937126358,-0.460241865991109,-0.450439407612121,-0.376194290742454,-0.337786413332311,-0.364398187808382,-0.365962167540842,-0.397565046654014,-0.398155094603288,-0.406570366669976,-0.402983408491565,-0.392007602802381,-0.38482071686199,-0.385197110895138,-0.385955668694367,-0.395210757168058,-0.41261415729931,-0.449096928945147,-0.480440686302526,-0.481835323171187,-0.459482577577286,-0.371050027107867,-0.306869235696996,-0.327104393377076,-0.357817843716756,-0.366292122734672,-0.375515663114488,-0.369841965365122,-0.357081246145678,-0.349994842649157,-0.336893839820285,-0.340335051095657,-0.33872282028689,-0.333937405134986,-0.31089957567059,-0.291860453671232,-0.315220143447514,-0.316387872602329,-0.216283046469253,-0.262038136054142,-0.319475006081531,-0.327481993903408,-0.343954673325871,-0.381717607183525,-0.483705636976279,-0.441041178582494,-0.387632577299948,-0.366099060656627,-0.361415233950174,-0.358485566320136,-0.363392362774497,-0.353339686391017,-0.322943870456303,-0.307499582718549,-0.297721627393277,-0.307971819239706,-0.301389794550416,-0.297686152480878,-0.310373653294266,-0.305075309866999,-0.316583011975698,-0.332102995350374,-0.337492807988569,-0.347199989192199,-0.352903099711854,-0.364743283652383,-0.36999220800312,-0.372753904660702,-0.446461504007029,-0.519298116369548,-0.560640789322284,-0.586341889983141,-0.592885266424397,-0.609342404039662,-0.619581393631924,-0.625775103207486,-0.62953727119554,-0.625629218686816,-0.627755677981502,-0.63621741553881,-0.638701811329652,-0.646292154589856,-0.647665899702453,-0.665287416580581,-0.675013071061259,-0.681598635364997,-0.691763676126643,-0.696909694116978,-0.758608473363819,-0.789264239429823
